gamma_center,DNF_literals,mean_coop,sd_coop,n,lower,upper
0.5,1,30.23476,5.71058156214927,1,24.524178437850733,35.945341562149274
0.5,2,17.41097,11.210604256103666,2,6.200365743896333,28.621574256103663
0.5,3,16.06471,10.624520752395416,2,5.440189247604586,26.689230752395417
0.5,4,17.053704000000003,12.609412678820666,5,4.444291321179337,29.66311667882067
0.5,5,9.75611,4.627484433220382,2,5.1286255667796175,14.383594433220381
0.5,6,6.78675,4.557607035096778,2,2.2291429649032217,11.344357035096778
0.5,7,13.642740000000002,9.204582262035895,2,4.438157737964106,22.847322262035895
