gamma_center,DNF_literals,mean_coop,sd_coop,n,lower,upper
1.0,1,29.7892,7.249121410522092,1,22.540078589477908,37.038321410522094
1.0,2,33.46993,10.979279413030433,2,22.490650586969565,44.44920941303043
1.0,3,19.99818,24.685842607044993,2,-4.687662607044992,44.684022607044994
1.0,4,19.0706,13.165326653889544,5,5.905273346110455,32.23592665388954
1.0,5,5.889349999999999,0.9727377211984862,2,4.916612278801513,6.862087721198486
1.0,6,33.97293,9.425400160575123,2,24.547529839424875,43.39833016057512
1.0,7,20.24562,23.067147397679296,2,-2.821527397679297,43.312767397679295
