gamma_center,DNF_literals,mean_coop,sd_coop,n,lower,upper
0.2,1,30.5929,5.751676505372061,1,24.84122349462794,36.34457650537206
0.2,2,22.02433,11.555006381034916,2,10.469323618965083,33.57933638103491
0.2,3,22.82575,8.877441802516685,2,13.948308197483314,31.703191802516685
0.2,4,22.746651999999997,11.019076201033958,5,11.72757579896604,33.76572820103395
0.2,5,19.41743,7.050187084350556,2,12.367242915649443,26.467617084350557
0.2,6,11.924079999999998,6.987028137595808,2,4.93705186240419,18.911108137595807
0.2,7,21.09853,7.871149528377718,2,13.227380471622283,28.969679528377718
