gamma_center,DNF_literals,mean_coop,sd_coop,n,lower,upper
0.0,1,30.186880000000002,6.514239838936208,1,23.672640161063793,36.70111983893621
0.0,2,29.23606930693069,6.434309985161465,2,22.801759321769225,35.67037929209216
0.0,3,29.66994,6.227043025774631,2,23.44289697422537,35.89698302577463
0.0,4,29.372128,5.969400528890085,5,23.402727471109916,35.34152852889009
0.0,5,30.23172,6.85174529867973,2,23.37997470132027,37.08346529867973
0.0,6,29.85087,5.578051947444004,2,24.272818052555998,35.428921947444
0.0,7,30.168519999999997,6.114489009564152,2,24.054030990435844,36.28300900956415
