gamma_center,DNF_literals,mean_coop,sd_coop,n,lower,upper
0.8,1,30.925720000000002,6.924691084364527,1,24.001028915635473,37.85041108436453
0.8,2,34.33688,10.815418619020091,2,23.521461380979908,45.152298619020094
0.8,3,13.87556,14.039967020105728,2,-0.1644070201057275,27.915527020105728
0.8,4,17.776984,12.102721460346466,5,5.674262539653533,29.879705460346464
0.8,5,6.3719,1.0728721152856822,2,5.299027884714318,7.444772115285682
0.8,6,34.56689,13.065882382844386,2,21.501007617155615,47.63277238284439
0.8,7,18.74011,19.754415134622697,2,-1.0143051346226954,38.4945251346227
