base_social_norm,eb_social_norm,Z,gens,mu,chi,eps,alpha,q,consensus_thresh,xi,non_consensus_strategy,b,c,beta,convergence_period,gamma_min,gamma_max,gamma_delta,gamma_center,average_cooperation,average_consensus,G,AllD_Comp,AllD_Coop,Disc_Comp,Disc_Coop,pDisc_Comp,pDisc_Coop,AllC_Comp,AllC_Coop
"[[1, 0], [0, 1]]","[[(0, 1), (0, 1)], [(1, 0), (0, 1)]]",40,1600,1.0,0.01,0.01,0.0,0.4,0.0,0.0,emotion,5,1,1.0,400,0.0,1.0,0.0,0.5,5.619,0.169,0.275,0.925,0.0,0.0,0.05,0.0,0.0,0.0,0.025
base_social_norm,eb_social_norm,Z,gens,mu,chi,eps,alpha,q,consensus_thresh,xi,non_consensus_strategy,b,c,beta,convergence_period,gamma_min,gamma_max,gamma_delta,gamma_center,average_cooperation,average_consensus,G,AllD_Comp,AllD_Coop,Disc_Comp,Disc_Coop,pDisc_Comp,pDisc_Coop,AllC_Comp,AllC_Coop
"[[1, 0], [0, 1]]","[[(0, 1), (0, 1)], [(1, 0), (0, 1)]]",40,1600,1.0,0.01,0.01,0.0,0.4,0.0,0.0,emotion,5,1,1.0,400,0.0,1.0,0.0,0.5,5.539,0.135,0.225,0.0,0.8,0.1,0.0,0.1,0.0,0.0,0.0
base_social_norm,eb_social_norm,Z,gens,mu,chi,eps,alpha,q,consensus_thresh,xi,non_consensus_strategy,b,c,beta,convergence_period,gamma_min,gamma_max,gamma_delta,gamma_center,average_cooperation,average_consensus,G,AllD_Comp,AllD_Coop,Disc_Comp,Disc_Coop,pDisc_Comp,pDisc_Coop,AllC_Comp,AllC_Coop
"[[1, 0], [0, 1]]","[[(0, 1), (0, 1)], [(1, 0), (0, 1)]]",40,1600,1.0,0.01,0.01,0.0,0.4,0.0,0.0,emotion,5,1,1.0,400,0.0,1.0,0.0,0.5,5.603,0.173,0.45,0.0,0.775,0.125,0.0,0.1,0.0,0.0,0.0
"[[1, 0], [0, 1]]","[[(0, 1), (0, 1)], [(1, 0), (0, 1)]]",40,1600,1.0,0.01,0.01,0.0,0.4,0.0,0.0,emotion,5,1,1.0,400,0.0,1.0,0.0,0.5,6.42,0.119,0.4,0.0,0.9,0.025,0.0,0.025,0.0,0.05,0.0
base_social_norm,eb_social_norm,Z,gens,mu,chi,eps,alpha,q,consensus_thresh,xi,non_consensus_strategy,b,c,beta,convergence_period,gamma_min,gamma_max,gamma_delta,gamma_center,average_cooperation,average_consensus,G,AllD_Comp,AllD_Coop,Disc_Comp,Disc_Coop,pDisc_Comp,pDisc_Coop,AllC_Comp,AllC_Coop
"[[1, 0], [0, 1]]","[[(0, 1), (0, 1)], [(1, 0), (0, 1)]]",40,1600,1.0,0.01,0.01,0.0,0.4,0.0,0.0,emotion,5,1,1.0,400,0.0,1.0,0.0,0.5,5.939,0.128,0.525,0.875,0.0,0.0,0.05,0.0,0.075,0.0,0.0
"[[1, 0], [0, 1]]","[[(0, 1), (0, 1)], [(1, 0), (0, 1)]]",40,1600,1.0,0.01,0.01,0.0,0.4,0.0,0.0,emotion,5,1,1.0,400,0.0,1.0,0.0,0.5,5.55,0.163,0.225,0.925,0.0,0.0,0.0,0.0,0.05,0.025,0.0
"[[1, 0], [0, 1]]","[[(0, 1), (0, 1)], [(1, 0), (0, 1)]]",40,1600,1.0,0.01,0.01,0.0,0.4,0.0,0.0,emotion,5,1,1.0,400,0.0,1.0,0.0,0.5,6.339,0.119,0.425,0.0,1.0,0.0,0.0,0.0,0.0,0.0,0.0
"[[1, 0], [0, 1]]","[[(0, 1), (0, 1)], [(1, 0), (0, 1)]]",40,1600,1.0,0.01,0.01,0.0,0.4,0.0,0.0,emotion,5,1,1.0,400,0.0,1.0,0.0,0.5,5.654,0.14,0.35,0.0,0.95,0.025,0.0,0.025,0.0,0.0,0.0
"[[1, 0], [0, 1]]","[[(0, 1), (0, 1)], [(1, 0), (0, 1)]]",40,1600,1.0,0.01,0.01,0.0,0.4,0.0,0.0,emotion,5,1,1.0,400,0.0,1.0,0.0,0.5,6.338,0.105,0.475,0.0,1.0,0.0,0.0,0.0,0.0,0.0,0.0
"[[1, 0], [0, 1]]","[[(0, 1), (0, 1)], [(1, 0), (0, 1)]]",40,1600,1.0,0.01,0.01,0.0,0.4,0.0,0.0,emotion,5,1,1.0,400,0.0,1.0,0.0,0.5,6.474,0.206,0.575,0.0,0.625,0.125,0.0,0.225,0.0,0.025,0.0
"[[1, 0], [0, 1]]","[[(0, 1), (0, 1)], [(1, 0), (0, 1)]]",40,1600,1.0,0.01,0.01,0.0,0.4,0.0,0.0,emotion,5,1,1.0,400,0.0,1.0,0.0,0.5,5.722,0.11,0.55,0.875,0.0,0.0,0.0,0.0,0.075,0.0,0.05
"[[1, 0], [0, 1]]","[[(0, 1), (0, 1)], [(1, 0), (0, 1)]]",40,1600,1.0,0.01,0.01,0.0,0.4,0.0,0.0,emotion,5,1,1.0,400,0.0,1.0,0.0,0.5,6.2,0.123,0.45,0.0,0.975,0.025,0.0,0.0,0.0,0.0,0.0
"[[1, 0], [0, 1]]","[[(0, 1), (0, 1)], [(1, 0), (0, 1)]]",40,1600,1.0,0.01,0.01,0.0,0.4,0.0,0.0,emotion,5,1,1.0,400,0.0,1.0,0.0,0.5,5.692,0.156,0.475,0.875,0.0,0.0,0.0,0.1,0.0,0.0,0.025
"[[1, 0], [0, 1]]","[[(0, 1), (0, 1)], [(1, 0), (0, 1)]]",40,1600,1.0,0.01,0.01,0.0,0.4,0.0,0.0,emotion,5,1,1.0,400,0.0,1.0,0.0,0.5,5.781,0.109,0.375,0.0,0.95,0.025,0.0,0.025,0.0,0.0,0.0
"[[1, 0], [0, 1]]","[[(0, 1), (0, 1)], [(1, 0), (0, 1)]]",40,1600,1.0,0.01,0.01,0.0,0.4,0.0,0.0,emotion,5,1,1.0,400,0.0,1.0,0.0,0.5,5.806,0.143,0.45,0.9,0.0,0.0,0.05,0.0,0.025,0.0,0.025
"[[1, 0], [0, 1]]","[[(0, 1), (0, 1)], [(1, 0), (0, 1)]]",40,1600,1.0,0.01,0.01,0.0,0.4,0.0,0.0,emotion,5,1,1.0,400,0.0,1.0,0.0,0.5,6.416,0.143,0.475,0.0,1.0,0.0,0.0,0.0,0.0,0.0,0.0
"[[1, 0], [0, 1]]","[[(0, 1), (0, 1)], [(1, 0), (0, 1)]]",40,1600,1.0,0.01,0.01,0.0,0.4,0.0,0.0,emotion,5,1,1.0,400,0.0,1.0,0.0,0.5,6.114,0.104,0.375,0.0,0.825,0.125,0.0,0.0,0.0,0.05,0.0
"[[1, 0], [0, 1]]","[[(0, 1), (0, 1)], [(1, 0), (0, 1)]]",40,1600,1.0,0.01,0.01,0.0,0.4,0.0,0.0,emotion,5,1,1.0,400,0.0,1.0,0.0,0.5,6.315,0.141,0.4,1.0,0.0,0.0,0.0,0.0,0.0,0.0,0.0
"[[1, 0], [0, 1]]","[[(0, 1), (0, 1)], [(1, 0), (0, 1)]]",40,1600,1.0,0.01,0.01,0.0,0.4,0.0,0.0,emotion,5,1,1.0,400,0.0,1.0,0.0,0.5,8.516,0.136,0.525,1.0,0.0,0.0,0.0,0.0,0.0,0.0,0.0
"[[1, 0], [0, 1]]","[[(0, 1), (0, 1)], [(1, 0), (0, 1)]]",40,1600,1.0,0.01,0.01,0.0,0.4,0.0,0.0,emotion,5,1,1.0,400,0.0,1.0,0.0,0.5,5.894,0.146,0.275,0.0,0.875,0.0,0.05,0.0,0.05,0.025,0.0
"[[1, 0], [0, 1]]","[[(0, 1), (0, 1)], [(1, 0), (0, 1)]]",40,1600,1.0,0.01,0.01,0.0,0.4,0.0,0.0,emotion,5,1,1.0,400,0.0,1.0,0.0,1.0,5.728,0.148,0.325,0.0,0.925,0.025,0.0,0.0,0.0,0.05,0.0
"[[1, 0], [0, 1]]","[[(0, 1), (0, 1)], [(1, 0), (0, 1)]]",40,1600,1.0,0.01,0.01,0.0,0.4,0.0,0.0,emotion,5,1,1.0,400,0.0,1.0,0.0,1.0,6.195,0.214,0.125,0.0,0.75,0.05,0.0,0.15,0.0,0.05,0.0
"[[1, 0], [0, 1]]","[[(0, 1), (0, 1)], [(1, 0), (0, 1)]]",40,1600,1.0,0.01,0.01,0.0,0.4,0.0,0.0,emotion,5,1,1.0,400,0.0,1.0,0.0,1.0,6.19,0.128,0.325,0.925,0.0,0.0,0.05,0.0,0.025,0.0,0.0
"[[1, 0], [0, 1]]","[[(0, 1), (0, 1)], [(1, 0), (0, 1)]]",40,1600,1.0,0.01,0.01,0.0,0.4,0.0,0.0,emotion,5,1,1.0,400,0.0,1.0,0.0,1.0,6.163,0.154,0.5,0.925,0.0,0.0,0.05,0.0,0.025,0.0,0.0
"[[1, 0], [0, 1]]","[[(0, 1), (0, 1)], [(1, 0), (0, 1)]]",40,1600,1.0,0.01,0.01,0.0,0.4,0.0,0.0,emotion,5,1,1.0,400,0.0,1.0,0.0,1.0,6.685,0.24,0.65,0.0,0.925,0.0,0.0,0.0,0.0,0.075,0.0
"[[1, 0], [0, 1]]","[[(0, 1), (0, 1)], [(1, 0), (0, 1)]]",40,1600,1.0,0.01,0.01,0.0,0.4,0.0,0.0,emotion,5,1,1.0,400,0.0,1.0,0.0,1.0,6.214,0.227,0.7,0.825,0.0,0.0,0.125,0.0,0.0,0.025,0.025
"[[1, 0], [0, 1]]","[[(0, 1), (0, 1)], [(1, 0), (0, 1)]]",40,1600,1.0,0.01,0.01,0.0,0.4,0.0,0.0,emotion,5,1,1.0,400,0.0,1.0,0.0,1.0,6.018,0.151,0.375,0.4,0.5,0.1,0.0,0.0,0.0,0.0,0.0
"[[1, 0], [0, 1]]","[[(0, 1), (0, 1)], [(1, 0), (0, 1)]]",40,1600,1.0,0.01,0.01,0.0,0.4,0.0,0.0,emotion,5,1,1.0,400,0.0,1.0,0.0,1.0,5.861,0.134,0.4,0.0,0.975,0.025,0.0,0.0,0.0,0.0,0.0
"[[1, 0], [0, 1]]","[[(0, 1), (0, 1)], [(1, 0), (0, 1)]]",40,1600,1.0,0.01,0.01,0.0,0.4,0.0,0.0,emotion,5,1,1.0,400,0.0,1.0,0.0,1.0,5.701,0.138,0.625,0.0,1.0,0.0,0.0,0.0,0.0,0.0,0.0
"[[1, 0], [0, 1]]","[[(0, 1), (0, 1)], [(1, 0), (0, 1)]]",40,1600,1.0,0.01,0.01,0.0,0.4,0.0,0.0,emotion,5,1,1.0,400,0.0,1.0,0.0,1.0,5.744,0.169,0.625,0.9,0.0,0.0,0.0,0.0,0.05,0.0,0.05
"[[1, 0], [0, 1]]","[[(0, 1), (0, 1)], [(1, 0), (0, 1)]]",40,1600,1.0,0.01,0.01,0.0,0.4,0.0,0.0,emotion,5,1,1.0,400,0.0,1.0,0.0,1.0,6.172,0.235,0.5,0.0,0.85,0.0,0.0,0.1,0.0,0.05,0.0
"[[1, 0], [0, 1]]","[[(0, 1), (0, 1)], [(1, 0), (0, 1)]]",40,1600,1.0,0.01,0.01,0.0,0.4,0.0,0.0,emotion,5,1,1.0,400,0.0,1.0,0.0,1.0,5.602,0.143,0.625,0.925,0.0,0.0,0.05,0.0,0.0,0.0,0.025
"[[1, 0], [0, 1]]","[[(0, 1), (0, 1)], [(1, 0), (0, 1)]]",40,1600,1.0,0.01,0.01,0.0,0.4,0.0,0.0,emotion,5,1,1.0,400,0.0,1.0,0.0,1.0,5.756,0.132,0.475,0.0,0.95,0.0,0.0,0.0,0.0,0.05,0.0
"[[1, 0], [0, 1]]","[[(0, 1), (0, 1)], [(1, 0), (0, 1)]]",40,1600,1.0,0.01,0.01,0.0,0.4,0.0,0.0,emotion,5,1,1.0,400,0.0,1.0,0.0,1.0,5.278,0.169,0.375,0.0,0.925,0.025,0.0,0.05,0.0,0.0,0.0
"[[1, 0], [0, 1]]","[[(0, 1), (0, 1)], [(1, 0), (0, 1)]]",40,1600,1.0,0.01,0.01,0.0,0.4,0.0,0.0,emotion,5,1,1.0,400,0.0,1.0,0.0,1.0,6.556,0.267,0.35,0.675,0.0,0.0,0.325,0.0,0.0,0.0,0.0
"[[1, 0], [0, 1]]","[[(0, 1), (0, 1)], [(1, 0), (0, 1)]]",40,1600,1.0,0.01,0.01,0.0,0.4,0.0,0.0,emotion,5,1,1.0,400,0.0,1.0,0.0,1.0,6.552,0.141,0.5,0.95,0.0,0.0,0.025,0.025,0.0,0.0,0.0
"[[1, 0], [0, 1]]","[[(0, 1), (0, 1)], [(1, 0), (0, 1)]]",40,1600,1.0,0.01,0.01,0.0,0.4,0.0,0.0,emotion,5,1,1.0,400,0.0,1.0,0.0,1.0,5.833,0.247,0.6,0.0,0.975,0.025,0.0,0.0,0.0,0.0,0.0
"[[1, 0], [0, 1]]","[[(0, 1), (0, 1)], [(1, 0), (0, 1)]]",40,1600,1.0,0.01,0.01,0.0,0.4,0.0,0.0,emotion,5,1,1.0,400,0.0,1.0,0.0,1.0,6.859,0.144,0.65,0.9,0.0,0.0,0.0,0.0,0.075,0.0,0.025
"[[1, 0], [0, 1]]","[[(0, 1), (0, 1)], [(1, 0), (0, 1)]]",40,1600,1.0,0.01,0.01,0.0,0.4,0.0,0.0,emotion,5,1,1.0,400,0.0,1.0,0.0,1.0,9.219,0.153,0.175,0.0,0.975,0.0,0.025,0.0,0.0,0.0,0.0
"[[1, 0], [0, 1]]","[[(0, 1), (0, 1)], [(1, 0), (0, 1)]]",40,1600,1.0,0.01,0.01,0.0,0.4,0.0,0.0,emotion,5,1,1.0,400,0.0,1.0,0.0,1.0,24.452,0.199,0.725,0.0,0.95,0.0,0.0,0.025,0.0,0.025,0.0
"[[1, 0], [0, 1]]","[[(0, 1), (0, 1)], [(1, 0), (0, 1)]]",40,1600,1.0,0.01,0.01,0.0,0.6,0.0,0.0,emotion,5,1,1.0,400,0.0,1.0,0.0,0.5,5.535,0.145,0.425,0.975,0.0,0.0,0.0,0.0,0.025,0.0,0.0
"[[1, 0], [0, 1]]","[[(0, 1), (0, 1)], [(1, 0), (0, 1)]]",40,1600,1.0,0.01,0.01,0.0,0.6,0.0,0.0,emotion,5,1,1.0,400,0.0,1.0,0.0,0.5,5.984,0.13,0.6,0.925,0.0,0.0,0.025,0.0,0.025,0.0,0.025
"[[1, 0], [0, 1]]","[[(0, 1), (0, 1)], [(1, 0), (0, 1)]]",40,1600,1.0,0.01,0.01,0.0,0.6,0.0,0.0,emotion,5,1,1.0,400,0.0,1.0,0.0,0.5,5.819,0.166,0.675,0.0,0.9,0.075,0.0,0.0,0.0,0.025,0.0
"[[1, 0], [0, 1]]","[[(0, 1), (0, 1)], [(1, 0), (0, 1)]]",40,1600,1.0,0.01,0.01,0.0,0.6,0.0,0.0,emotion,5,1,1.0,400,0.0,1.0,0.0,0.5,6.377,0.148,0.475,0.925,0.0,0.0,0.0,0.0,0.075,0.0,0.0
"[[1, 0], [0, 1]]","[[(0, 1), (0, 1)], [(1, 0), (0, 1)]]",40,1600,1.0,0.01,0.01,0.0,0.6,0.0,0.0,emotion,5,1,1.0,400,0.0,1.0,0.0,0.5,6.491,0.106,0.575,0.925,0.0,0.0,0.0,0.0,0.025,0.0,0.05
"[[1, 0], [0, 1]]","[[(0, 1), (0, 1)], [(1, 0), (0, 1)]]",40,1600,1.0,0.01,0.01,0.0,0.6,0.0,0.0,emotion,5,1,1.0,400,0.0,1.0,0.0,0.5,5.945,0.149,0.525,0.0,0.85,0.05,0.0,0.1,0.0,0.0,0.0
"[[1, 0], [0, 1]]","[[(0, 1), (0, 1)], [(1, 0), (0, 1)]]",40,1600,1.0,0.01,0.01,0.0,0.6,0.0,0.0,emotion,5,1,1.0,400,0.0,1.0,0.0,0.5,5.809,0.25,0.875,0.0,0.85,0.025,0.025,0.0,0.025,0.075,0.0
"[[1, 0], [0, 1]]","[[(0, 1), (0, 1)], [(1, 0), (0, 1)]]",40,1600,1.0,0.01,0.01,0.0,0.6,0.0,0.0,emotion,5,1,1.0,400,0.0,1.0,0.0,0.5,5.93,0.159,0.65,0.875,0.0,0.0,0.125,0.0,0.0,0.0,0.0
"[[1, 0], [0, 1]]","[[(0, 1), (0, 1)], [(1, 0), (0, 1)]]",40,1600,1.0,0.01,0.01,0.0,0.6,0.0,0.0,emotion,5,1,1.0,400,0.0,1.0,0.0,0.5,6.131,0.169,0.625,0.0,0.95,0.0,0.0,0.05,0.0,0.0,0.0
"[[1, 0], [0, 1]]","[[(0, 1), (0, 1)], [(1, 0), (0, 1)]]",40,1600,1.0,0.01,0.01,0.0,0.6,0.0,0.0,emotion,5,1,1.0,400,0.0,1.0,0.0,0.5,6.149,0.154,0.475,0.0,1.0,0.0,0.0,0.0,0.0,0.0,0.0
"[[1, 0], [0, 1]]","[[(0, 1), (0, 1)], [(1, 0), (0, 1)]]",40,1600,1.0,0.01,0.01,0.0,0.6,0.0,0.0,emotion,5,1,1.0,400,0.0,1.0,0.0,0.5,6.42,0.123,0.475,0.0,1.0,0.0,0.0,0.0,0.0,0.0,0.0
"[[1, 0], [0, 1]]","[[(0, 1), (0, 1)], [(1, 0), (0, 1)]]",40,1600,1.0,0.01,0.01,0.0,0.6,0.0,0.0,emotion,5,1,1.0,400,0.0,1.0,0.0,0.5,5.597,0.116,0.35,0.0,0.9,0.025,0.0,0.025,0.0,0.05,0.0
"[[1, 0], [0, 1]]","[[(0, 1), (0, 1)], [(1, 0), (0, 1)]]",40,1600,1.0,0.01,0.01,0.0,0.6,0.0,0.0,emotion,5,1,1.0,400,0.0,1.0,0.0,0.5,6.054,0.145,0.275,0.0,0.925,0.0,0.0,0.075,0.0,0.0,0.0
"[[1, 0], [0, 1]]","[[(0, 1), (0, 1)], [(1, 0), (0, 1)]]",40,1600,1.0,0.01,0.01,0.0,0.6,0.0,0.0,emotion,5,1,1.0,400,0.0,1.0,0.0,0.5,6.529,0.149,0.675,0.925,0.0,0.0,0.025,0.0,0.05,0.0,0.0
"[[1, 0], [0, 1]]","[[(0, 1), (0, 1)], [(1, 0), (0, 1)]]",40,1600,1.0,0.01,0.01,0.0,0.6,0.0,0.0,emotion,5,1,1.0,400,0.0,1.0,0.0,0.5,6.695,0.188,0.575,0.0,0.675,0.025,0.0,0.25,0.0,0.05,0.0
"[[1, 0], [0, 1]]","[[(0, 1), (0, 1)], [(1, 0), (0, 1)]]",40,1600,1.0,0.01,0.01,0.0,0.6,0.0,0.0,emotion,5,1,1.0,400,0.0,1.0,0.0,0.5,6.676,0.12,0.575,0.775,0.0,0.0,0.2,0.0,0.025,0.0,0.0
"[[1, 0], [0, 1]]","[[(0, 1), (0, 1)], [(1, 0), (0, 1)]]",40,1600,1.0,0.01,0.01,0.0,0.6,0.0,0.0,emotion,5,1,1.0,400,0.0,1.0,0.0,0.5,6.334,0.171,0.3,0.0,0.9,0.025,0.0,0.075,0.0,0.0,0.0
"[[1, 0], [0, 1]]","[[(0, 1), (0, 1)], [(1, 0), (0, 1)]]",40,1600,1.0,0.01,0.01,0.0,0.6,0.0,0.0,emotion,5,1,1.0,400,0.0,1.0,0.0,0.5,5.863,0.225,0.175,0.975,0.0,0.0,0.0,0.0,0.025,0.0,0.0
"[[1, 0], [0, 1]]","[[(0, 1), (0, 1)], [(1, 0), (0, 1)]]",40,1600,1.0,0.01,0.01,0.0,0.6,0.0,0.0,emotion,5,1,1.0,400,0.0,1.0,0.0,0.5,7.851,0.121,0.375,0.0,0.9,0.025,0.0,0.075,0.0,0.0,0.0
"[[1, 0], [0, 1]]","[[(0, 1), (0, 1)], [(1, 0), (0, 1)]]",40,1600,1.0,0.01,0.01,0.0,0.6,0.0,0.0,emotion,5,1,1.0,400,0.0,1.0,0.0,0.5,5.264,0.114,0.375,0.975,0.0,0.0,0.0,0.0,0.0,0.0,0.025
"[[1, 0], [0, 1]]","[[(0, 1), (0, 1)], [(1, 0), (0, 1)]]",40,1600,1.0,0.01,0.01,0.0,0.6,0.0,0.0,emotion,5,1,1.0,400,0.0,1.0,0.0,1.0,7.063,0.171,0.6,0.0,1.0,0.0,0.0,0.0,0.0,0.0,0.0
"[[1, 0], [0, 1]]","[[(0, 1), (0, 1)], [(1, 0), (0, 1)]]",40,1600,1.0,0.01,0.01,0.0,0.6,0.0,0.0,emotion,5,1,1.0,400,0.0,1.0,0.0,1.0,6.318,0.14,0.525,1.0,0.0,0.0,0.0,0.0,0.0,0.0,0.0
"[[1, 0], [0, 1]]","[[(0, 1), (0, 1)], [(1, 0), (0, 1)]]",40,1600,1.0,0.01,0.01,0.0,0.6,0.0,0.0,emotion,5,1,1.0,400,0.0,1.0,0.0,1.0,7.852,0.385,0.225,0.75,0.0,0.0,0.15,0.0,0.0,0.0,0.1
"[[1, 0], [0, 1]]","[[(0, 1), (0, 1)], [(1, 0), (0, 1)]]",40,1600,1.0,0.01,0.01,0.0,0.6,0.0,0.0,emotion,5,1,1.0,400,0.0,1.0,0.0,1.0,6.191,0.209,0.775,0.0,1.0,0.0,0.0,0.0,0.0,0.0,0.0
"[[1, 0], [0, 1]]","[[(0, 1), (0, 1)], [(1, 0), (0, 1)]]",40,1600,1.0,0.01,0.01,0.0,0.6,0.0,0.0,emotion,5,1,1.0,400,0.0,1.0,0.0,1.0,6.072,0.121,0.55,0.0,1.0,0.0,0.0,0.0,0.0,0.0,0.0
"[[1, 0], [0, 1]]","[[(0, 1), (0, 1)], [(1, 0), (0, 1)]]",40,1600,1.0,0.01,0.01,0.0,0.6,0.0,0.0,emotion,5,1,1.0,400,0.0,1.0,0.0,1.0,6.318,0.261,0.625,0.875,0.0,0.0,0.05,0.0,0.075,0.0,0.0
"[[1, 0], [0, 1]]","[[(0, 1), (0, 1)], [(1, 0), (0, 1)]]",40,1600,1.0,0.01,0.01,0.0,0.6,0.0,0.0,emotion,5,1,1.0,400,0.0,1.0,0.0,1.0,5.803,0.13,0.6,0.0,1.0,0.0,0.0,0.0,0.0,0.0,0.0
"[[1, 0], [0, 1]]","[[(0, 1), (0, 1)], [(1, 0), (0, 1)]]",40,1600,1.0,0.01,0.01,0.0,0.6,0.0,0.0,emotion,5,1,1.0,400,0.0,1.0,0.0,1.0,5.981,0.319,0.6,0.0,0.9,0.05,0.0,0.05,0.0,0.0,0.0
"[[1, 0], [0, 1]]","[[(0, 1), (0, 1)], [(1, 0), (0, 1)]]",40,1600,1.0,0.01,0.01,0.0,0.6,0.0,0.0,emotion,5,1,1.0,400,0.0,1.0,0.0,1.0,6.778,0.357,0.25,0.0,0.75,0.175,0.0,0.075,0.0,0.0,0.0
"[[1, 0], [0, 1]]","[[(0, 1), (0, 1)], [(1, 0), (0, 1)]]",40,1600,1.0,0.01,0.01,0.0,0.6,0.0,0.0,emotion,5,1,1.0,400,0.0,1.0,0.0,1.0,6.416,0.323,0.2,0.0,0.525,0.0,0.025,0.425,0.0,0.025,0.0
"[[1, 0], [0, 1]]","[[(0, 1), (0, 1)], [(1, 0), (0, 1)]]",40,1600,1.0,0.01,0.01,0.0,0.6,0.0,0.0,emotion,5,1,1.0,400,0.0,1.0,0.0,1.0,6.209,0.171,0.3,0.95,0.0,0.0,0.0,0.0,0.05,0.0,0.0
"[[1, 0], [0, 1]]","[[(0, 1), (0, 1)], [(1, 0), (0, 1)]]",40,1600,1.0,0.01,0.01,0.0,0.6,0.0,0.0,emotion,5,1,1.0,400,0.0,1.0,0.0,1.0,6.475,0.199,0.125,0.0,0.875,0.05,0.0,0.05,0.0,0.025,0.0
"[[1, 0], [0, 1]]","[[(0, 1), (0, 1)], [(1, 0), (0, 1)]]",40,1600,1.0,0.01,0.01,0.0,0.6,0.0,0.0,emotion,5,1,1.0,400,0.0,1.0,0.0,1.0,18.601,0.35,0.2,0.0,0.8,0.05,0.0,0.125,0.0,0.025,0.0
"[[1, 0], [0, 1]]","[[(0, 1), (0, 1)], [(1, 0), (0, 1)]]",40,1600,1.0,0.01,0.01,0.0,0.6,0.0,0.0,emotion,5,1,1.0,400,0.0,1.0,0.0,1.0,21.736,0.821,1.0,0.0,0.0,0.0,1.0,0.0,0.0,0.0,0.0
"[[1, 0], [0, 1]]","[[(0, 1), (0, 1)], [(1, 0), (0, 1)]]",40,1600,1.0,0.01,0.01,0.0,0.6,0.0,0.0,emotion,5,1,1.0,400,0.0,1.0,0.0,1.0,19.284,0.169,0.6,0.975,0.0,0.0,0.0,0.0,0.025,0.0,0.0
"[[1, 0], [0, 1]]","[[(0, 1), (0, 1)], [(1, 0), (0, 1)]]",40,1600,1.0,0.01,0.01,0.0,0.6,0.0,0.0,emotion,5,1,1.0,400,0.0,1.0,0.0,1.0,16.44,0.24,0.55,0.7,0.0,0.075,0.1,0.0,0.025,0.0,0.1
"[[1, 0], [0, 1]]","[[(0, 1), (0, 1)], [(1, 0), (0, 1)]]",40,1600,1.0,0.01,0.01,0.0,0.6,0.0,0.0,emotion,5,1,1.0,400,0.0,1.0,0.0,1.0,38.001,0.918,0.975,0.0,0.0,0.0,0.975,0.025,0.0,0.0,0.0
"[[1, 0], [0, 1]]","[[(0, 1), (0, 1)], [(1, 0), (0, 1)]]",40,1600,1.0,0.01,0.01,0.0,0.6,0.0,0.0,emotion,5,1,1.0,400,0.0,1.0,0.0,1.0,33.065,0.997,1.0,0.0,0.0,0.0,1.0,0.0,0.0,0.0,0.0
"[[1, 0], [0, 1]]","[[(0, 1), (0, 1)], [(1, 0), (0, 1)]]",40,1600,1.0,0.01,0.01,0.0,0.6,0.0,0.0,emotion,5,1,1.0,400,0.0,1.0,0.0,1.0,67.951,0.148,0.55,0.95,0.0,0.0,0.0,0.0,0.05,0.0,0.0
"[[1, 0], [0, 1]]","[[(0, 1), (0, 1)], [(1, 0), (0, 1)]]",40,1600,1.0,0.01,0.01,0.0,0.6,0.0,0.0,emotion,5,1,1.0,400,0.0,1.0,0.0,1.0,85.078,0.818,0.925,0.025,0.0,0.0,0.95,0.0,0.0,0.025,0.0
"[[1, 0], [0, 1]]","[[(0, 1), (0, 1)], [(1, 0), (0, 1)]]",40,1600,1.0,0.01,0.01,0.0,0.8,0.0,0.0,emotion,5,1,1.0,400,0.0,1.0,0.0,0.5,6.5,0.149,0.2,0.0,0.925,0.025,0.0,0.05,0.0,0.0,0.0
"[[1, 0], [0, 1]]","[[(0, 1), (0, 1)], [(1, 0), (0, 1)]]",40,1600,1.0,0.01,0.01,0.0,0.8,0.0,0.0,emotion,5,1,1.0,400,0.0,1.0,0.0,0.5,6.387,0.245,0.4,0.9,0.0,0.0,0.025,0.0,0.075,0.0,0.0
"[[1, 0], [0, 1]]","[[(0, 1), (0, 1)], [(1, 0), (0, 1)]]",40,1600,1.0,0.01,0.01,0.0,0.8,0.0,0.0,emotion,5,1,1.0,400,0.0,1.0,0.0,0.5,6.408,0.118,0.425,0.975,0.0,0.0,0.0,0.0,0.025,0.0,0.0
"[[1, 0], [0, 1]]","[[(0, 1), (0, 1)], [(1, 0), (0, 1)]]",40,1600,1.0,0.01,0.01,0.0,0.8,0.0,0.0,emotion,5,1,1.0,400,0.0,1.0,0.0,0.5,6.1,0.15,0.625,0.0,0.975,0.0,0.0,0.025,0.0,0.0,0.0
"[[1, 0], [0, 1]]","[[(0, 1), (0, 1)], [(1, 0), (0, 1)]]",40,1600,1.0,0.01,0.01,0.0,0.8,0.0,0.0,emotion,5,1,1.0,400,0.0,1.0,0.0,0.5,6.143,0.261,0.3,0.875,0.0,0.0,0.0,0.0,0.125,0.0,0.0
"[[1, 0], [0, 1]]","[[(0, 1), (0, 1)], [(1, 0), (0, 1)]]",40,1600,1.0,0.01,0.01,0.0,0.8,0.0,0.0,emotion,5,1,1.0,400,0.0,1.0,0.0,0.5,6.001,0.136,0.525,0.0,1.0,0.0,0.0,0.0,0.0,0.0,0.0
"[[1, 0], [0, 1]]","[[(0, 1), (0, 1)], [(1, 0), (0, 1)]]",40,1600,1.0,0.01,0.01,0.0,0.8,0.0,0.0,emotion,5,1,1.0,400,0.0,1.0,0.0,0.5,6.594,0.341,0.525,0.0,0.6,0.0,0.1,0.3,0.0,0.0,0.0
"[[1, 0], [0, 1]]","[[(0, 1), (0, 1)], [(1, 0), (0, 1)]]",40,1600,1.0,0.01,0.01,0.0,0.8,0.0,0.0,emotion,5,1,1.0,400,0.0,1.0,0.0,0.5,6.084,0.144,0.525,0.0,1.0,0.0,0.0,0.0,0.0,0.0,0.0
"[[1, 0], [0, 1]]","[[(0, 1), (0, 1)], [(1, 0), (0, 1)]]",40,1600,1.0,0.01,0.01,0.0,0.8,0.0,0.0,emotion,5,1,1.0,400,0.0,1.0,0.0,0.5,5.629,0.259,0.175,0.95,0.0,0.0,0.025,0.0,0.025,0.0,0.0
"[[1, 0], [0, 1]]","[[(0, 1), (0, 1)], [(1, 0), (0, 1)]]",40,1600,1.0,0.01,0.01,0.0,0.8,0.0,0.0,emotion,5,1,1.0,400,0.0,1.0,0.0,0.5,6.499,0.148,0.55,0.0,1.0,0.0,0.0,0.0,0.0,0.0,0.0
"[[1, 0], [0, 1]]","[[(0, 1), (0, 1)], [(1, 0), (0, 1)]]",40,1600,1.0,0.01,0.01,0.0,0.8,0.0,0.0,emotion,5,1,1.0,400,0.0,1.0,0.0,0.5,6.212,0.15,0.45,0.975,0.0,0.0,0.025,0.0,0.0,0.0,0.0
"[[1, 0], [0, 1]]","[[(0, 1), (0, 1)], [(1, 0), (0, 1)]]",40,1600,1.0,0.01,0.01,0.0,0.8,0.0,0.0,emotion,5,1,1.0,400,0.0,1.0,0.0,0.5,5.948,0.141,0.475,0.0,1.0,0.0,0.0,0.0,0.0,0.0,0.0
"[[1, 0], [0, 1]]","[[(0, 1), (0, 1)], [(1, 0), (0, 1)]]",40,1600,1.0,0.01,0.01,0.0,0.8,0.0,0.0,emotion,5,1,1.0,400,0.0,1.0,0.0,0.5,6.39,0.265,0.65,0.775,0.0,0.0,0.225,0.0,0.0,0.0,0.0
"[[1, 0], [0, 1]]","[[(0, 1), (0, 1)], [(1, 0), (0, 1)]]",40,1600,1.0,0.01,0.01,0.0,0.8,0.0,0.0,emotion,5,1,1.0,400,0.0,1.0,0.0,0.5,6.007,0.128,0.35,1.0,0.0,0.0,0.0,0.0,0.0,0.0,0.0
"[[1, 0], [0, 1]]","[[(0, 1), (0, 1)], [(1, 0), (0, 1)]]",40,1600,1.0,0.01,0.01,0.0,0.8,0.0,0.0,emotion,5,1,1.0,400,0.0,1.0,0.0,0.5,6.118,0.135,0.4,1.0,0.0,0.0,0.0,0.0,0.0,0.0,0.0
"[[1, 0], [0, 1]]","[[(0, 1), (0, 1)], [(1, 0), (0, 1)]]",40,1600,1.0,0.01,0.01,0.0,0.8,0.0,0.0,emotion,5,1,1.0,400,0.0,1.0,0.0,0.5,5.549,0.143,0.25,0.0,0.925,0.075,0.0,0.0,0.0,0.0,0.0
"[[1, 0], [0, 1]]","[[(0, 1), (0, 1)], [(1, 0), (0, 1)]]",40,1600,1.0,0.01,0.01,0.0,0.8,0.0,0.0,emotion,5,1,1.0,400,0.0,1.0,0.0,0.5,6.082,0.134,0.375,0.0,0.975,0.0,0.0,0.0,0.0,0.025,0.0
"[[1, 0], [0, 1]]","[[(0, 1), (0, 1)], [(1, 0), (0, 1)]]",40,1600,1.0,0.01,0.01,0.0,0.8,0.0,0.0,emotion,5,1,1.0,400,0.0,1.0,0.0,0.5,6.674,0.2,0.45,0.8,0.0,0.0,0.0,0.0,0.2,0.0,0.0
"[[1, 0], [0, 1]]","[[(0, 1), (0, 1)], [(1, 0), (0, 1)]]",40,1600,1.0,0.01,0.01,0.0,0.8,0.0,0.0,emotion,5,1,1.0,400,0.0,1.0,0.0,0.5,8.217,0.255,0.5,0.775,0.0,0.0,0.05,0.0,0.025,0.0,0.15
"[[1, 0], [0, 1]]","[[(0, 1), (0, 1)], [(1, 0), (0, 1)]]",40,1600,1.0,0.01,0.01,0.0,0.8,0.0,0.0,emotion,5,1,1.0,400,0.0,1.0,0.0,0.5,17.865,0.174,0.6,0.8,0.075,0.0,0.0,0.0,0.1,0.0,0.025
"[[1, 0], [0, 1]]","[[(0, 1), (0, 1)], [(1, 0), (0, 1)]]",40,1600,1.0,0.01,0.01,0.0,0.8,0.0,0.0,emotion,5,1,1.0,400,0.0,1.0,0.0,1.0,6.037,0.383,0.9,0.875,0.0,0.0,0.05,0.0,0.05,0.025,0.0
"[[1, 0], [0, 1]]","[[(0, 1), (0, 1)], [(1, 0), (0, 1)]]",40,1600,1.0,0.01,0.01,0.0,0.8,0.0,0.0,emotion,5,1,1.0,400,0.0,1.0,0.0,1.0,6.847,0.302,0.675,0.0,0.925,0.05,0.0,0.025,0.0,0.0,0.0
"[[1, 0], [0, 1]]","[[(0, 1), (0, 1)], [(1, 0), (0, 1)]]",40,1600,1.0,0.01,0.01,0.0,0.8,0.0,0.0,emotion,5,1,1.0,400,0.0,1.0,0.0,1.0,6.677,0.149,0.475,0.95,0.0,0.0,0.05,0.0,0.0,0.0,0.0
"[[1, 0], [0, 1]]","[[(0, 1), (0, 1)], [(1, 0), (0, 1)]]",40,1600,1.0,0.01,0.01,0.0,0.8,0.0,0.0,emotion,5,1,1.0,400,0.0,1.0,0.0,1.0,7.45,0.19,0.375,0.0,0.975,0.0,0.0,0.025,0.0,0.0,0.0
"[[1, 0], [0, 1]]","[[(0, 1), (0, 1)], [(1, 0), (0, 1)]]",40,1600,1.0,0.01,0.01,0.0,0.8,0.0,0.0,emotion,5,1,1.0,400,0.0,1.0,0.0,1.0,5.999,0.351,0.2,0.0,0.9,0.025,0.0,0.05,0.0,0.0,0.025
"[[1, 0], [0, 1]]","[[(0, 1), (0, 1)], [(1, 0), (0, 1)]]",40,1600,1.0,0.01,0.01,0.0,0.8,0.0,0.0,emotion,5,1,1.0,400,0.0,1.0,0.0,1.0,6.813,0.504,0.5,0.0,0.675,0.175,0.0,0.1,0.0,0.05,0.0
"[[1, 0], [0, 1]]","[[(0, 1), (0, 1)], [(1, 0), (0, 1)]]",40,1600,1.0,0.01,0.01,0.0,0.8,0.0,0.0,emotion,5,1,1.0,400,0.0,1.0,0.0,1.0,12.464,0.348,0.2,0.0,0.85,0.025,0.0,0.075,0.0,0.05,0.0
"[[1, 0], [0, 1]]","[[(0, 1), (0, 1)], [(1, 0), (0, 1)]]",40,1600,1.0,0.01,0.01,0.0,0.8,0.0,0.0,emotion,5,1,1.0,400,0.0,1.0,0.0,1.0,28.331,0.301,0.2,0.9,0.0,0.0,0.025,0.0,0.0,0.0,0.075
"[[1, 0], [0, 1]]","[[(0, 1), (0, 1)], [(1, 0), (0, 1)]]",40,1600,1.0,0.01,0.01,0.0,0.8,0.0,0.0,emotion,5,1,1.0,400,0.0,1.0,0.0,1.0,33.544,0.875,0.9,0.0,0.0,0.0,0.9,0.075,0.0,0.025,0.0
"[[1, 0], [0, 1]]","[[(0, 1), (0, 1)], [(1, 0), (0, 1)]]",40,1600,1.0,0.01,0.01,0.0,0.8,0.0,0.0,emotion,5,1,1.0,400,0.0,1.0,0.0,1.0,41.354,0.265,0.75,0.0,0.95,0.0,0.0,0.025,0.0,0.025,0.0
"[[1, 0], [0, 1]]","[[(0, 1), (0, 1)], [(1, 0), (0, 1)]]",40,1600,1.0,0.01,0.01,0.0,0.8,0.0,0.0,emotion,5,1,1.0,400,0.0,1.0,0.0,1.0,51.887,0.408,0.475,0.0,0.825,0.1,0.0,0.025,0.0,0.05,0.0
"[[1, 0], [0, 1]]","[[(0, 1), (0, 1)], [(1, 0), (0, 1)]]",40,1600,1.0,0.01,0.01,0.0,0.8,0.0,0.0,emotion,5,1,1.0,400,0.0,1.0,0.0,1.0,45.432,0.151,0.325,0.95,0.0,0.0,0.05,0.0,0.0,0.0,0.0
"[[1, 0], [0, 1]]","[[(0, 1), (0, 1)], [(1, 0), (0, 1)]]",40,1600,1.0,0.01,0.01,0.0,0.8,0.0,0.0,emotion,5,1,1.0,400,0.0,1.0,0.0,1.0,58.229,0.891,0.925,0.0,0.0,0.0,0.95,0.0,0.0,0.05,0.0
"[[1, 0], [0, 1]]","[[(0, 1), (0, 1)], [(1, 0), (0, 1)]]",40,1600,1.0,0.01,0.01,0.0,0.8,0.0,0.0,emotion,5,1,1.0,400,0.0,1.0,0.0,1.0,59.57,0.989,0.975,0.025,0.0,0.0,0.975,0.0,0.0,0.0,0.0
"[[1, 0], [0, 1]]","[[(0, 1), (0, 1)], [(1, 0), (0, 1)]]",40,1600,1.0,0.01,0.01,0.0,0.8,0.0,0.0,emotion,5,1,1.0,400,0.0,1.0,0.0,1.0,87.481,0.965,0.975,0.0,0.0,0.0,0.925,0.025,0.05,0.0,0.0
"[[1, 0], [0, 1]]","[[(0, 1), (0, 1)], [(1, 0), (0, 1)]]",40,1600,1.0,0.01,0.01,0.0,0.8,0.0,0.0,emotion,5,1,1.0,400,0.0,1.0,0.0,1.0,75.526,0.199,0.45,0.0,0.95,0.025,0.0,0.025,0.0,0.0,0.0
"[[1, 0], [0, 1]]","[[(0, 1), (0, 1)], [(1, 0), (0, 1)]]",40,1600,1.0,0.01,0.01,0.0,0.8,0.0,0.0,emotion,5,1,1.0,400,0.0,1.0,0.0,1.0,92.406,0.976,0.975,0.0,0.05,0.0,0.95,0.0,0.0,0.0,0.0
"[[1, 0], [0, 1]]","[[(0, 1), (0, 1)], [(1, 0), (0, 1)]]",40,1600,1.0,0.01,0.01,0.0,0.8,0.0,0.0,emotion,5,1,1.0,400,0.0,1.0,0.0,1.0,92.486,0.943,1.0,0.0,0.0,0.0,0.95,0.0,0.0,0.05,0.0
"[[1, 0], [0, 1]]","[[(0, 1), (0, 1)], [(1, 0), (0, 1)]]",40,1600,1.0,0.01,0.01,0.0,0.8,0.0,0.0,emotion,5,1,1.0,400,0.0,1.0,0.0,1.0,89.258,0.428,0.675,0.0,0.95,0.0,0.0,0.0,0.0,0.05,0.0
"[[1, 0], [0, 1]]","[[(0, 1), (0, 1)], [(1, 0), (0, 1)]]",40,1600,1.0,0.01,0.01,0.0,0.8,0.0,0.0,emotion,5,1,1.0,400,0.0,1.0,0.0,1.0,92.673,0.903,0.975,0.0,0.0,0.0,0.825,0.025,0.0,0.0,0.15
"[[1, 0], [0, 1]]","[[(0, 1), (0, 1)], [(1, 1), (0, 1)]]",40,1600,1.0,0.01,0.01,0.0,0.4,0.0,0.0,emotion,5,1,1.0,400,0.0,1.0,0.0,0.5,5.908,0.151,0.375,0.0,0.875,0.075,0.0,0.05,0.0,0.0,0.0
"[[1, 0], [0, 1]]","[[(0, 1), (0, 1)], [(1, 1), (0, 1)]]",40,1600,1.0,0.01,0.01,0.0,0.4,0.0,0.0,emotion,5,1,1.0,400,0.0,1.0,0.0,0.5,5.898,0.111,0.55,0.975,0.0,0.0,0.0,0.0,0.0,0.0,0.025
"[[1, 0], [0, 1]]","[[(0, 1), (0, 1)], [(1, 1), (0, 1)]]",40,1600,1.0,0.01,0.01,0.0,0.4,0.0,0.0,emotion,5,1,1.0,400,0.0,1.0,0.0,0.5,5.878,0.146,0.225,0.0,0.95,0.0,0.0,0.05,0.0,0.0,0.0
"[[1, 0], [0, 1]]","[[(0, 1), (0, 1)], [(1, 1), (0, 1)]]",40,1600,1.0,0.01,0.01,0.0,0.4,0.0,0.0,emotion,5,1,1.0,400,0.0,1.0,0.0,0.5,5.779,0.155,0.325,0.925,0.0,0.0,0.075,0.0,0.0,0.0,0.0
"[[1, 0], [0, 1]]","[[(0, 1), (0, 1)], [(1, 1), (0, 1)]]",40,1600,1.0,0.01,0.01,0.0,0.4,0.0,0.0,emotion,5,1,1.0,400,0.0,1.0,0.0,0.5,5.983,0.133,0.425,0.0,0.95,0.0,0.0,0.025,0.0,0.025,0.0
"[[1, 0], [0, 1]]","[[(0, 1), (0, 1)], [(1, 1), (0, 1)]]",40,1600,1.0,0.01,0.01,0.0,0.4,0.0,0.0,emotion,5,1,1.0,400,0.0,1.0,0.0,0.5,5.469,0.144,0.575,1.0,0.0,0.0,0.0,0.0,0.0,0.0,0.0
"[[1, 0], [0, 1]]","[[(0, 1), (0, 1)], [(1, 1), (0, 1)]]",40,1600,1.0,0.01,0.01,0.0,0.4,0.0,0.0,emotion,5,1,1.0,400,0.0,1.0,0.0,0.5,5.939,0.118,0.425,0.0,1.0,0.0,0.0,0.0,0.0,0.0,0.0
"[[1, 0], [0, 1]]","[[(0, 1), (0, 1)], [(1, 1), (0, 1)]]",40,1600,1.0,0.01,0.01,0.0,0.4,0.0,0.0,emotion,5,1,1.0,400,0.0,1.0,0.0,0.5,6.31,0.133,0.325,0.0,0.925,0.0,0.0,0.05,0.0,0.025,0.0
"[[1, 0], [0, 1]]","[[(0, 1), (0, 1)], [(1, 1), (0, 1)]]",40,1600,1.0,0.01,0.01,0.0,0.4,0.0,0.0,emotion,5,1,1.0,400,0.0,1.0,0.0,0.5,6.099,0.126,0.35,0.925,0.0,0.0,0.05,0.0,0.0,0.0,0.025
"[[1, 0], [0, 1]]","[[(0, 1), (0, 1)], [(1, 1), (0, 1)]]",40,1600,1.0,0.01,0.01,0.0,0.4,0.0,0.0,emotion,5,1,1.0,400,0.0,1.0,0.0,0.5,6.015,0.129,0.5,0.875,0.0,0.0,0.05,0.025,0.05,0.0,0.0
"[[1, 0], [0, 1]]","[[(0, 1), (0, 1)], [(1, 1), (0, 1)]]",40,1600,1.0,0.01,0.01,0.0,0.4,0.0,0.0,emotion,5,1,1.0,400,0.0,1.0,0.0,0.5,6.162,0.105,0.425,0.95,0.0,0.0,0.0,0.0,0.05,0.0,0.0
"[[1, 0], [0, 1]]","[[(0, 1), (0, 1)], [(1, 1), (0, 1)]]",40,1600,1.0,0.01,0.01,0.0,0.4,0.0,0.0,emotion,5,1,1.0,400,0.0,1.0,0.0,0.5,5.486,0.146,0.725,0.825,0.0,0.0,0.05,0.0,0.1,0.025,0.0
"[[1, 0], [0, 1]]","[[(0, 1), (0, 1)], [(1, 1), (0, 1)]]",40,1600,1.0,0.01,0.01,0.0,0.4,0.0,0.0,emotion,5,1,1.0,400,0.0,1.0,0.0,0.5,5.619,0.126,0.45,0.0,1.0,0.0,0.0,0.0,0.0,0.0,0.0
"[[1, 0], [0, 1]]","[[(0, 1), (0, 1)], [(1, 1), (0, 1)]]",40,1600,1.0,0.01,0.01,0.0,0.4,0.0,0.0,emotion,5,1,1.0,400,0.0,1.0,0.0,0.5,5.483,0.129,0.45,0.0,0.975,0.025,0.0,0.0,0.0,0.0,0.0
"[[1, 0], [0, 1]]","[[(0, 1), (0, 1)], [(1, 1), (0, 1)]]",40,1600,1.0,0.01,0.01,0.0,0.4,0.0,0.0,emotion,5,1,1.0,400,0.0,1.0,0.0,0.5,5.785,0.16,0.35,0.95,0.0,0.0,0.025,0.0,0.025,0.0,0.0
"[[1, 0], [0, 1]]","[[(0, 1), (0, 1)], [(1, 1), (0, 1)]]",40,1600,1.0,0.01,0.01,0.0,0.4,0.0,0.0,emotion,5,1,1.0,400,0.0,1.0,0.0,0.5,6.324,0.12,0.325,0.0,0.75,0.0,0.025,0.2,0.0,0.025,0.0
"[[1, 0], [0, 1]]","[[(0, 1), (0, 1)], [(1, 1), (0, 1)]]",40,1600,1.0,0.01,0.01,0.0,0.4,0.0,0.0,emotion,5,1,1.0,400,0.0,1.0,0.0,0.5,5.561,0.159,0.55,0.0,0.775,0.025,0.0,0.15,0.0,0.05,0.0
"[[1, 0], [0, 1]]","[[(0, 1), (0, 1)], [(1, 1), (0, 1)]]",40,1600,1.0,0.01,0.01,0.0,0.4,0.0,0.0,emotion,5,1,1.0,400,0.0,1.0,0.0,0.5,30.002,0.131,0.25,0.975,0.0,0.0,0.0,0.0,0.025,0.0,0.0
"[[1, 0], [0, 1]]","[[(0, 1), (0, 1)], [(1, 1), (0, 1)]]",40,1600,1.0,0.01,0.01,0.0,0.4,0.0,0.0,emotion,5,1,1.0,400,0.0,1.0,0.0,0.5,6.353,0.131,0.4,0.65,0.275,0.025,0.025,0.0,0.025,0.0,0.0
"[[1, 0], [0, 1]]","[[(0, 1), (0, 1)], [(1, 1), (0, 1)]]",40,1600,1.0,0.01,0.01,0.0,0.4,0.0,0.0,emotion,5,1,1.0,400,0.0,1.0,0.0,0.5,82.516,0.85,0.975,0.0,0.0,0.0,0.975,0.025,0.0,0.0,0.0
"[[1, 0], [0, 1]]","[[(0, 1), (0, 1)], [(1, 1), (0, 1)]]",40,1600,1.0,0.01,0.01,0.0,0.4,0.0,0.0,emotion,5,1,1.0,400,0.0,1.0,0.0,1.0,6.402,0.19,0.5,0.0,1.0,0.0,0.0,0.0,0.0,0.0,0.0
"[[1, 0], [0, 1]]","[[(0, 1), (0, 1)], [(1, 1), (0, 1)]]",40,1600,1.0,0.01,0.01,0.0,0.4,0.0,0.0,emotion,5,1,1.0,400,0.0,1.0,0.0,1.0,5.826,0.149,0.2,0.0,0.95,0.0,0.0,0.05,0.0,0.0,0.0
"[[1, 0], [0, 1]]","[[(0, 1), (0, 1)], [(1, 1), (0, 1)]]",40,1600,1.0,0.01,0.01,0.0,0.4,0.0,0.0,emotion,5,1,1.0,400,0.0,1.0,0.0,1.0,6.17,0.125,0.675,0.975,0.0,0.0,0.0,0.0,0.0,0.0,0.025
"[[1, 0], [0, 1]]","[[(0, 1), (0, 1)], [(1, 1), (0, 1)]]",40,1600,1.0,0.01,0.01,0.0,0.4,0.0,0.0,emotion,5,1,1.0,400,0.0,1.0,0.0,1.0,5.926,0.145,0.65,0.95,0.0,0.0,0.025,0.0,0.0,0.0,0.025
"[[1, 0], [0, 1]]","[[(0, 1), (0, 1)], [(1, 1), (0, 1)]]",40,1600,1.0,0.01,0.01,0.0,0.4,0.0,0.0,emotion,5,1,1.0,400,0.0,1.0,0.0,1.0,6.129,0.131,0.3,0.0,0.95,0.0,0.0,0.05,0.0,0.0,0.0
"[[1, 0], [0, 1]]","[[(0, 1), (0, 1)], [(1, 1), (0, 1)]]",40,1600,1.0,0.01,0.01,0.0,0.4,0.0,0.0,emotion,5,1,1.0,400,0.0,1.0,0.0,1.0,5.837,0.138,0.25,0.0,0.95,0.0,0.0,0.025,0.025,0.0,0.0
"[[1, 0], [0, 1]]","[[(0, 1), (0, 1)], [(1, 1), (0, 1)]]",40,1600,1.0,0.01,0.01,0.0,0.4,0.0,0.0,emotion,5,1,1.0,400,0.0,1.0,0.0,1.0,6.032,0.253,0.275,0.95,0.0,0.0,0.05,0.0,0.0,0.0,0.0
"[[1, 0], [0, 1]]","[[(0, 1), (0, 1)], [(1, 1), (0, 1)]]",40,1600,1.0,0.01,0.01,0.0,0.4,0.0,0.0,emotion,5,1,1.0,400,0.0,1.0,0.0,1.0,6.67,0.129,0.525,0.0,0.925,0.0,0.0,0.075,0.0,0.0,0.0
"[[1, 0], [0, 1]]","[[(0, 1), (0, 1)], [(1, 1), (0, 1)]]",40,1600,1.0,0.01,0.01,0.0,0.4,0.0,0.0,emotion,5,1,1.0,400,0.0,1.0,0.0,1.0,7.0,0.143,0.425,0.0,1.0,0.0,0.0,0.0,0.0,0.0,0.0
"[[1, 0], [0, 1]]","[[(0, 1), (0, 1)], [(1, 1), (0, 1)]]",40,1600,1.0,0.01,0.01,0.0,0.4,0.0,0.0,emotion,5,1,1.0,400,0.0,1.0,0.0,1.0,6.592,0.195,0.775,0.0,1.0,0.0,0.0,0.0,0.0,0.0,0.0
"[[1, 0], [0, 1]]","[[(0, 1), (0, 1)], [(1, 1), (0, 1)]]",40,1600,1.0,0.01,0.01,0.0,0.4,0.0,0.0,emotion,5,1,1.0,400,0.0,1.0,0.0,1.0,7.726,0.219,0.675,0.85,0.0,0.0,0.05,0.1,0.0,0.0,0.0
"[[1, 0], [0, 1]]","[[(0, 1), (0, 1)], [(1, 1), (0, 1)]]",40,1600,1.0,0.01,0.01,0.0,0.4,0.0,0.0,emotion,5,1,1.0,400,0.0,1.0,0.0,1.0,14.357,0.123,0.55,0.975,0.0,0.0,0.0,0.0,0.025,0.0,0.0
"[[1, 0], [0, 1]]","[[(0, 1), (0, 1)], [(1, 1), (0, 1)]]",40,1600,1.0,0.01,0.01,0.0,0.4,0.0,0.0,emotion,5,1,1.0,400,0.0,1.0,0.0,1.0,31.437,1.0,0.95,0.025,0.0,0.0,0.925,0.025,0.0,0.025,0.0
"[[1, 0], [0, 1]]","[[(0, 1), (0, 1)], [(1, 1), (0, 1)]]",40,1600,1.0,0.01,0.01,0.0,0.4,0.0,0.0,emotion,5,1,1.0,400,0.0,1.0,0.0,1.0,42.361,0.14,0.425,0.9,0.0,0.0,0.0,0.0,0.05,0.0,0.05
"[[1, 0], [0, 1]]","[[(0, 1), (0, 1)], [(1, 1), (0, 1)]]",40,1600,1.0,0.01,0.01,0.0,0.4,0.0,0.0,emotion,5,1,1.0,400,0.0,1.0,0.0,1.0,81.008,0.976,0.975,0.0,0.0,0.0,0.975,0.0,0.0,0.025,0.0
"[[1, 0], [0, 1]]","[[(0, 1), (0, 1)], [(1, 1), (0, 1)]]",40,1600,1.0,0.01,0.01,0.0,0.4,0.0,0.0,emotion,5,1,1.0,400,0.0,1.0,0.0,1.0,82.774,0.982,0.95,0.025,0.0,0.0,0.95,0.025,0.0,0.0,0.0
"[[1, 0], [0, 1]]","[[(0, 1), (0, 1)], [(1, 1), (0, 1)]]",40,1600,1.0,0.01,0.01,0.0,0.4,0.0,0.0,emotion,5,1,1.0,400,0.0,1.0,0.0,1.0,93.865,0.999,0.925,0.0,0.0,0.0,0.925,0.075,0.0,0.0,0.0
"[[1, 0], [0, 1]]","[[(0, 1), (0, 1)], [(1, 1), (0, 1)]]",40,1600,1.0,0.01,0.01,0.0,0.4,0.0,0.0,emotion,5,1,1.0,400,0.0,1.0,0.0,1.0,91.755,0.141,0.25,0.925,0.0,0.0,0.025,0.0,0.025,0.0,0.025
"[[1, 0], [0, 1]]","[[(0, 1), (0, 1)], [(1, 1), (0, 1)]]",40,1600,1.0,0.01,0.01,0.0,0.4,0.0,0.0,emotion,5,1,1.0,400,0.0,1.0,0.0,1.0,93.638,1.0,1.0,0.0,0.0,0.0,1.0,0.0,0.0,0.0,0.0
"[[1, 0], [0, 1]]","[[(0, 1), (0, 1)], [(1, 1), (0, 1)]]",40,1600,1.0,0.01,0.01,0.0,0.4,0.0,0.0,emotion,5,1,1.0,400,0.0,1.0,0.0,1.0,93.882,0.976,0.975,0.0,0.0,0.0,0.975,0.0,0.0,0.025,0.0
"[[1, 0], [0, 1]]","[[(0, 1), (0, 1)], [(1, 1), (0, 1)]]",40,1600,1.0,0.01,0.01,0.0,0.6,0.0,0.0,emotion,5,1,1.0,400,0.0,1.0,0.0,0.5,5.969,0.188,0.725,0.0,0.95,0.025,0.0,0.025,0.0,0.0,0.0
"[[1, 0], [0, 1]]","[[(0, 1), (0, 1)], [(1, 1), (0, 1)]]",40,1600,1.0,0.01,0.01,0.0,0.6,0.0,0.0,emotion,5,1,1.0,400,0.0,1.0,0.0,0.5,6.071,0.232,0.825,0.0,0.95,0.025,0.0,0.0,0.0,0.025,0.0
"[[1, 0], [0, 1]]","[[(0, 1), (0, 1)], [(1, 1), (0, 1)]]",40,1600,1.0,0.01,0.01,0.0,0.6,0.0,0.0,emotion,5,1,1.0,400,0.0,1.0,0.0,0.5,6.24,0.239,0.75,0.0,0.9,0.075,0.0,0.0,0.0,0.025,0.0
"[[1, 0], [0, 1]]","[[(0, 1), (0, 1)], [(1, 1), (0, 1)]]",40,1600,1.0,0.01,0.01,0.0,0.6,0.0,0.0,emotion,5,1,1.0,400,0.0,1.0,0.0,0.5,5.943,0.104,0.425,0.0,1.0,0.0,0.0,0.0,0.0,0.0,0.0
"[[1, 0], [0, 1]]","[[(0, 1), (0, 1)], [(1, 1), (0, 1)]]",40,1600,1.0,0.01,0.01,0.0,0.6,0.0,0.0,emotion,5,1,1.0,400,0.0,1.0,0.0,0.5,5.616,0.124,0.4,0.0,1.0,0.0,0.0,0.0,0.0,0.0,0.0
"[[1, 0], [0, 1]]","[[(0, 1), (0, 1)], [(1, 1), (0, 1)]]",40,1600,1.0,0.01,0.01,0.0,0.6,0.0,0.0,emotion,5,1,1.0,400,0.0,1.0,0.0,0.5,5.957,0.159,0.375,0.0,0.95,0.0,0.0,0.05,0.0,0.0,0.0
"[[1, 0], [0, 1]]","[[(0, 1), (0, 1)], [(1, 1), (0, 1)]]",40,1600,1.0,0.01,0.01,0.0,0.6,0.0,0.0,emotion,5,1,1.0,400,0.0,1.0,0.0,0.5,5.869,0.102,0.35,0.0,0.95,0.0,0.0,0.0,0.0,0.05,0.0
"[[1, 0], [0, 1]]","[[(0, 1), (0, 1)], [(1, 1), (0, 1)]]",40,1600,1.0,0.01,0.01,0.0,0.6,0.0,0.0,emotion,5,1,1.0,400,0.0,1.0,0.0,0.5,6.42,0.149,0.325,1.0,0.0,0.0,0.0,0.0,0.0,0.0,0.0
"[[1, 0], [0, 1]]","[[(0, 1), (0, 1)], [(1, 1), (0, 1)]]",40,1600,1.0,0.01,0.01,0.0,0.6,0.0,0.0,emotion,5,1,1.0,400,0.0,1.0,0.0,0.5,6.603,0.216,0.3,0.875,0.0,0.0,0.1,0.0,0.025,0.0,0.0
"[[1, 0], [0, 1]]","[[(0, 1), (0, 1)], [(1, 1), (0, 1)]]",40,1600,1.0,0.01,0.01,0.0,0.6,0.0,0.0,emotion,5,1,1.0,400,0.0,1.0,0.0,0.5,6.254,0.135,0.575,0.95,0.0,0.0,0.05,0.0,0.0,0.0,0.0
"[[1, 0], [0, 1]]","[[(0, 1), (0, 1)], [(1, 1), (0, 1)]]",40,1600,1.0,0.01,0.01,0.0,0.6,0.0,0.0,emotion,5,1,1.0,400,0.0,1.0,0.0,0.5,6.533,0.148,0.475,1.0,0.0,0.0,0.0,0.0,0.0,0.0,0.0
"[[1, 0], [0, 1]]","[[(0, 1), (0, 1)], [(1, 1), (0, 1)]]",40,1600,1.0,0.01,0.01,0.0,0.6,0.0,0.0,emotion,5,1,1.0,400,0.0,1.0,0.0,0.5,6.408,0.121,0.45,0.0,1.0,0.0,0.0,0.0,0.0,0.0,0.0
"[[1, 0], [0, 1]]","[[(0, 1), (0, 1)], [(1, 1), (0, 1)]]",40,1600,1.0,0.01,0.01,0.0,0.6,0.0,0.0,emotion,5,1,1.0,400,0.0,1.0,0.0,0.5,6.67,0.159,0.475,0.0,0.975,0.0,0.0,0.025,0.0,0.0,0.0
"[[1, 0], [0, 1]]","[[(0, 1), (0, 1)], [(1, 1), (0, 1)]]",40,1600,1.0,0.01,0.01,0.0,0.6,0.0,0.0,emotion,5,1,1.0,400,0.0,1.0,0.0,0.5,5.926,0.154,0.4,0.0,0.775,0.125,0.0,0.075,0.0,0.025,0.0
"[[1, 0], [0, 1]]","[[(0, 1), (0, 1)], [(1, 1), (0, 1)]]",40,1600,1.0,0.01,0.01,0.0,0.6,0.0,0.0,emotion,5,1,1.0,400,0.0,1.0,0.0,0.5,6.355,0.125,0.425,0.0,0.85,0.1,0.0,0.0,0.0,0.05,0.0
"[[1, 0], [0, 1]]","[[(0, 1), (0, 1)], [(1, 1), (0, 1)]]",40,1600,1.0,0.01,0.01,0.0,0.6,0.0,0.0,emotion,5,1,1.0,400,0.0,1.0,0.0,0.5,5.673,0.161,0.475,0.0,0.9,0.025,0.0,0.025,0.0,0.05,0.0
"[[1, 0], [0, 1]]","[[(0, 1), (0, 1)], [(1, 1), (0, 1)]]",40,1600,1.0,0.01,0.01,0.0,0.6,0.0,0.0,emotion,5,1,1.0,400,0.0,1.0,0.0,0.5,6.487,0.255,0.725,0.0,0.85,0.025,0.0,0.1,0.0,0.025,0.0
"[[1, 0], [0, 1]]","[[(0, 1), (0, 1)], [(1, 1), (0, 1)]]",40,1600,1.0,0.01,0.01,0.0,0.6,0.0,0.0,emotion,5,1,1.0,400,0.0,1.0,0.0,0.5,6.25,0.15,0.375,0.0,0.875,0.0,0.0,0.125,0.0,0.0,0.0
"[[1, 0], [0, 1]]","[[(0, 1), (0, 1)], [(1, 1), (0, 1)]]",40,1600,1.0,0.01,0.01,0.0,0.6,0.0,0.0,emotion,5,1,1.0,400,0.0,1.0,0.0,0.5,86.988,0.939,1.0,0.0,0.0,0.0,0.975,0.0,0.0,0.025,0.0
"[[1, 0], [0, 1]]","[[(0, 1), (0, 1)], [(1, 1), (0, 1)]]",40,1600,1.0,0.01,0.01,0.0,0.6,0.0,0.0,emotion,5,1,1.0,400,0.0,1.0,0.0,0.5,86.7,0.809,0.975,0.025,0.0,0.0,0.95,0.0,0.0,0.025,0.0
"[[1, 0], [0, 1]]","[[(0, 1), (0, 1)], [(1, 1), (0, 1)]]",40,1600,1.0,0.01,0.01,0.0,0.6,0.0,0.0,emotion,5,1,1.0,400,0.0,1.0,0.0,1.0,6.72,0.179,0.55,0.0,0.925,0.025,0.0,0.05,0.0,0.0,0.0
"[[1, 0], [0, 1]]","[[(0, 1), (0, 1)], [(1, 1), (0, 1)]]",40,1600,1.0,0.01,0.01,0.0,0.6,0.0,0.0,emotion,5,1,1.0,400,0.0,1.0,0.0,1.0,5.903,0.181,0.7,0.975,0.0,0.0,0.0,0.0,0.0,0.0,0.025
"[[1, 0], [0, 1]]","[[(0, 1), (0, 1)], [(1, 1), (0, 1)]]",40,1600,1.0,0.01,0.01,0.0,0.6,0.0,0.0,emotion,5,1,1.0,400,0.0,1.0,0.0,1.0,6.236,0.164,0.475,0.0,0.925,0.025,0.0,0.05,0.0,0.0,0.0
"[[1, 0], [0, 1]]","[[(0, 1), (0, 1)], [(1, 1), (0, 1)]]",40,1600,1.0,0.01,0.01,0.0,0.6,0.0,0.0,emotion,5,1,1.0,400,0.0,1.0,0.0,1.0,6.106,0.368,0.175,0.95,0.0,0.0,0.0,0.0,0.025,0.0,0.025
"[[1, 0], [0, 1]]","[[(0, 1), (0, 1)], [(1, 1), (0, 1)]]",40,1600,1.0,0.01,0.01,0.0,0.6,0.0,0.0,emotion,5,1,1.0,400,0.0,1.0,0.0,1.0,6.562,0.247,0.525,0.0,0.9,0.075,0.0,0.025,0.0,0.0,0.0
"[[1, 0], [0, 1]]","[[(0, 1), (0, 1)], [(1, 1), (0, 1)]]",40,1600,1.0,0.01,0.01,0.0,0.6,0.0,0.0,emotion,5,1,1.0,400,0.0,1.0,0.0,1.0,5.751,0.2,0.375,0.0,0.875,0.0,0.0,0.1,0.0,0.025,0.0
"[[1, 0], [0, 1]]","[[(0, 1), (0, 1)], [(1, 1), (0, 1)]]",40,1600,1.0,0.01,0.01,0.0,0.6,0.0,0.0,emotion,5,1,1.0,400,0.0,1.0,0.0,1.0,6.237,0.309,0.325,0.0,0.825,0.175,0.0,0.0,0.0,0.0,0.0
"[[1, 0], [0, 1]]","[[(0, 1), (0, 1)], [(1, 1), (0, 1)]]",40,1600,1.0,0.01,0.01,0.0,0.6,0.0,0.0,emotion,5,1,1.0,400,0.0,1.0,0.0,1.0,5.937,0.156,0.325,0.0,0.975,0.0,0.0,0.025,0.0,0.0,0.0
"[[1, 0], [0, 1]]","[[(0, 1), (0, 1)], [(1, 1), (0, 1)]]",40,1600,1.0,0.01,0.01,0.0,0.6,0.0,0.0,emotion,5,1,1.0,400,0.0,1.0,0.0,1.0,10.52,0.622,0.3,0.75,0.0,0.0,0.175,0.0,0.025,0.0,0.05
"[[1, 0], [0, 1]]","[[(0, 1), (0, 1)], [(1, 1), (0, 1)]]",40,1600,1.0,0.01,0.01,0.0,0.6,0.0,0.0,emotion,5,1,1.0,400,0.0,1.0,0.0,1.0,20.506,0.87,0.725,0.05,0.0,0.0,0.675,0.025,0.0,0.0,0.25
"[[1, 0], [0, 1]]","[[(0, 1), (0, 1)], [(1, 1), (0, 1)]]",40,1600,1.0,0.01,0.01,0.0,0.6,0.0,0.0,emotion,5,1,1.0,400,0.0,1.0,0.0,1.0,21.617,1.0,1.0,0.0,0.0,0.0,1.0,0.0,0.0,0.0,0.0
"[[1, 0], [0, 1]]","[[(0, 1), (0, 1)], [(1, 1), (0, 1)]]",40,1600,1.0,0.01,0.01,0.0,0.6,0.0,0.0,emotion,5,1,1.0,400,0.0,1.0,0.0,1.0,5.833,0.131,0.475,0.95,0.0,0.0,0.025,0.0,0.025,0.0,0.0
"[[1, 0], [0, 1]]","[[(0, 1), (0, 1)], [(1, 1), (0, 1)]]",40,1600,1.0,0.01,0.01,0.0,0.6,0.0,0.0,emotion,5,1,1.0,400,0.0,1.0,0.0,1.0,57.641,1.0,0.975,0.0,0.0,0.0,0.975,0.025,0.0,0.0,0.0
"[[1, 0], [0, 1]]","[[(0, 1), (0, 1)], [(1, 1), (0, 1)]]",40,1600,1.0,0.01,0.01,0.0,0.6,0.0,0.0,emotion,5,1,1.0,400,0.0,1.0,0.0,1.0,55.279,0.999,0.975,0.025,0.0,0.0,0.825,0.0,0.0,0.0,0.15
"[[1, 0], [0, 1]]","[[(0, 1), (0, 1)], [(1, 1), (0, 1)]]",40,1600,1.0,0.01,0.01,0.0,0.6,0.0,0.0,emotion,5,1,1.0,400,0.0,1.0,0.0,1.0,64.926,1.0,0.975,0.0,0.0,0.0,0.975,0.025,0.0,0.0,0.0
"[[1, 0], [0, 1]]","[[(0, 1), (0, 1)], [(1, 1), (0, 1)]]",40,1600,1.0,0.01,0.01,0.0,0.6,0.0,0.0,emotion,5,1,1.0,400,0.0,1.0,0.0,1.0,87.915,1.0,0.975,0.025,0.0,0.0,0.975,0.0,0.0,0.0,0.0
"[[1, 0], [0, 1]]","[[(0, 1), (0, 1)], [(1, 1), (0, 1)]]",40,1600,1.0,0.01,0.01,0.0,0.6,0.0,0.0,emotion,5,1,1.0,400,0.0,1.0,0.0,1.0,67.298,0.208,0.45,0.0,0.725,0.075,0.0,0.2,0.0,0.0,0.0
"[[1, 0], [0, 1]]","[[(0, 1), (0, 1)], [(1, 1), (0, 1)]]",40,1600,1.0,0.01,0.01,0.0,0.6,0.0,0.0,emotion,5,1,1.0,400,0.0,1.0,0.0,1.0,82.037,0.307,0.375,0.85,0.0,0.0,0.15,0.0,0.0,0.0,0.0
"[[1, 0], [0, 1]]","[[(0, 1), (0, 1)], [(1, 1), (0, 1)]]",40,1600,1.0,0.01,0.01,0.0,0.6,0.0,0.0,emotion,5,1,1.0,400,0.0,1.0,0.0,1.0,89.61,0.215,0.375,0.825,0.0,0.0,0.15,0.0,0.0,0.0,0.025
"[[1, 0], [0, 1]]","[[(0, 1), (0, 1)], [(1, 1), (0, 1)]]",40,1600,1.0,0.01,0.01,0.0,0.6,0.0,0.0,emotion,5,1,1.0,400,0.0,1.0,0.0,1.0,94.116,0.905,0.925,0.0,0.0,0.0,0.95,0.0,0.0,0.05,0.0
"[[1, 0], [0, 1]]","[[(0, 1), (0, 1)], [(1, 1), (0, 1)]]",40,1600,1.0,0.01,0.01,0.0,0.8,0.0,0.0,emotion,5,1,1.0,400,0.0,1.0,0.0,0.5,5.845,0.209,0.325,0.0,0.925,0.0,0.0,0.025,0.0,0.05,0.0
"[[1, 0], [0, 1]]","[[(0, 1), (0, 1)], [(1, 1), (0, 1)]]",40,1600,1.0,0.01,0.01,0.0,0.8,0.0,0.0,emotion,5,1,1.0,400,0.0,1.0,0.0,0.5,5.983,0.165,0.5,0.825,0.0,0.0,0.125,0.0,0.05,0.0,0.0
"[[1, 0], [0, 1]]","[[(0, 1), (0, 1)], [(1, 1), (0, 1)]]",40,1600,1.0,0.01,0.01,0.0,0.8,0.0,0.0,emotion,5,1,1.0,400,0.0,1.0,0.0,0.5,6.099,0.139,0.475,0.9,0.0,0.0,0.05,0.0,0.05,0.0,0.0
"[[1, 0], [0, 1]]","[[(0, 1), (0, 1)], [(1, 1), (0, 1)]]",40,1600,1.0,0.01,0.01,0.0,0.8,0.0,0.0,emotion,5,1,1.0,400,0.0,1.0,0.0,0.5,5.884,0.289,0.275,0.9,0.0,0.0,0.1,0.0,0.0,0.0,0.0
"[[1, 0], [0, 1]]","[[(0, 1), (0, 1)], [(1, 1), (0, 1)]]",40,1600,1.0,0.01,0.01,0.0,0.8,0.0,0.0,emotion,5,1,1.0,400,0.0,1.0,0.0,0.5,5.881,0.184,0.525,0.0,0.8,0.025,0.0,0.125,0.0,0.05,0.0
"[[1, 0], [0, 1]]","[[(0, 1), (0, 1)], [(1, 1), (0, 1)]]",40,1600,1.0,0.01,0.01,0.0,0.8,0.0,0.0,emotion,5,1,1.0,400,0.0,1.0,0.0,0.5,6.39,0.148,0.5,0.95,0.0,0.0,0.05,0.0,0.0,0.0,0.0
"[[1, 0], [0, 1]]","[[(0, 1), (0, 1)], [(1, 1), (0, 1)]]",40,1600,1.0,0.01,0.01,0.0,0.8,0.0,0.0,emotion,5,1,1.0,400,0.0,1.0,0.0,0.5,5.901,0.148,0.5,0.0,0.95,0.025,0.0,0.025,0.0,0.0,0.0
"[[1, 0], [0, 1]]","[[(0, 1), (0, 1)], [(1, 1), (0, 1)]]",40,1600,1.0,0.01,0.01,0.0,0.8,0.0,0.0,emotion,5,1,1.0,400,0.0,1.0,0.0,0.5,8.582,0.174,0.4,0.0,0.925,0.025,0.0,0.025,0.0,0.025,0.0
"[[1, 0], [0, 1]]","[[(0, 1), (0, 1)], [(1, 1), (0, 1)]]",40,1600,1.0,0.01,0.01,0.0,0.8,0.0,0.0,emotion,5,1,1.0,400,0.0,1.0,0.0,0.5,5.889,0.311,0.75,0.0,0.925,0.025,0.0,0.0,0.0,0.05,0.0
"[[1, 0], [0, 1]]","[[(0, 1), (0, 1)], [(1, 1), (0, 1)]]",40,1600,1.0,0.01,0.01,0.0,0.8,0.0,0.0,emotion,5,1,1.0,400,0.0,1.0,0.0,0.5,6.317,0.134,0.375,0.0,0.925,0.025,0.0,0.0,0.0,0.05,0.0
"[[1, 0], [0, 1]]","[[(0, 1), (0, 1)], [(1, 1), (0, 1)]]",40,1600,1.0,0.01,0.01,0.0,0.8,0.0,0.0,emotion,5,1,1.0,400,0.0,1.0,0.0,0.5,6.234,0.14,0.45,0.0,0.975,0.0,0.025,0.0,0.0,0.0,0.0
"[[1, 0], [0, 1]]","[[(0, 1), (0, 1)], [(1, 1), (0, 1)]]",40,1600,1.0,0.01,0.01,0.0,0.8,0.0,0.0,emotion,5,1,1.0,400,0.0,1.0,0.0,0.5,5.776,0.168,0.55,0.0,0.9,0.05,0.0,0.05,0.0,0.0,0.0
"[[1, 0], [0, 1]]","[[(0, 1), (0, 1)], [(1, 1), (0, 1)]]",40,1600,1.0,0.01,0.01,0.0,0.8,0.0,0.0,emotion,5,1,1.0,400,0.0,1.0,0.0,0.5,12.439,0.143,0.425,0.95,0.0,0.0,0.05,0.0,0.0,0.0,0.0
"[[1, 0], [0, 1]]","[[(0, 1), (0, 1)], [(1, 1), (0, 1)]]",40,1600,1.0,0.01,0.01,0.0,0.8,0.0,0.0,emotion,5,1,1.0,400,0.0,1.0,0.0,0.5,43.814,0.935,1.0,0.0,0.0,0.0,0.975,0.0,0.0,0.025,0.0
"[[1, 0], [0, 1]]","[[(0, 1), (0, 1)], [(1, 1), (0, 1)]]",40,1600,1.0,0.01,0.01,0.0,0.8,0.0,0.0,emotion,5,1,1.0,400,0.0,1.0,0.0,0.5,51.745,0.953,0.975,0.025,0.0,0.0,0.975,0.0,0.0,0.0,0.0
"[[1, 0], [0, 1]]","[[(0, 1), (0, 1)], [(1, 1), (0, 1)]]",40,1600,1.0,0.01,0.01,0.0,0.8,0.0,0.0,emotion,5,1,1.0,400,0.0,1.0,0.0,0.5,53.692,0.839,0.925,0.0,0.0,0.0,0.975,0.0,0.0,0.025,0.0
"[[1, 0], [0, 1]]","[[(0, 1), (0, 1)], [(1, 1), (0, 1)]]",40,1600,1.0,0.01,0.01,0.0,0.8,0.0,0.0,emotion,5,1,1.0,400,0.0,1.0,0.0,0.5,63.319,0.875,0.975,0.0,0.0,0.0,0.975,0.0,0.0,0.025,0.0
"[[1, 0], [0, 1]]","[[(0, 1), (0, 1)], [(1, 1), (0, 1)]]",40,1600,1.0,0.01,0.01,0.0,0.8,0.0,0.0,emotion,5,1,1.0,400,0.0,1.0,0.0,0.5,79.825,0.89,0.975,0.0,0.0,0.0,1.0,0.0,0.0,0.0,0.0
"[[1, 0], [0, 1]]","[[(0, 1), (0, 1)], [(1, 1), (0, 1)]]",40,1600,1.0,0.01,0.01,0.0,0.8,0.0,0.0,emotion,5,1,1.0,400,0.0,1.0,0.0,0.5,70.002,0.912,0.975,0.0,0.0,0.0,0.975,0.025,0.0,0.0,0.0
"[[1, 0], [0, 1]]","[[(0, 1), (0, 1)], [(1, 1), (0, 1)]]",40,1600,1.0,0.01,0.01,0.0,0.8,0.0,0.0,emotion,5,1,1.0,400,0.0,1.0,0.0,0.5,89.312,0.917,0.975,0.0,0.0,0.0,1.0,0.0,0.0,0.0,0.0
"[[1, 0], [0, 1]]","[[(0, 1), (0, 1)], [(1, 1), (0, 1)]]",40,1600,1.0,0.01,0.01,0.0,0.8,0.0,0.0,emotion,5,1,1.0,400,0.0,1.0,0.0,1.0,6.152,0.241,0.475,0.0,0.9,0.025,0.0,0.05,0.0,0.025,0.0
"[[1, 0], [0, 1]]","[[(0, 1), (0, 1)], [(1, 1), (0, 1)]]",40,1600,1.0,0.01,0.01,0.0,0.8,0.0,0.0,emotion,5,1,1.0,400,0.0,1.0,0.0,1.0,7.499,0.267,0.6,0.825,0.0,0.0,0.175,0.0,0.0,0.0,0.0
"[[1, 0], [0, 1]]","[[(0, 1), (0, 1)], [(1, 1), (0, 1)]]",40,1600,1.0,0.01,0.01,0.0,0.8,0.0,0.0,emotion,5,1,1.0,400,0.0,1.0,0.0,1.0,12.191,0.25,0.75,0.0,0.975,0.0,0.0,0.0,0.0,0.025,0.0
"[[1, 0], [0, 1]]","[[(0, 1), (0, 1)], [(1, 1), (0, 1)]]",40,1600,1.0,0.01,0.01,0.0,0.8,0.0,0.0,emotion,5,1,1.0,400,0.0,1.0,0.0,1.0,23.622,0.989,0.95,0.0,0.0,0.0,0.9,0.05,0.0,0.025,0.025
"[[1, 0], [0, 1]]","[[(0, 1), (0, 1)], [(1, 1), (0, 1)]]",40,1600,1.0,0.01,0.01,0.0,0.8,0.0,0.0,emotion,5,1,1.0,400,0.0,1.0,0.0,1.0,56.357,1.0,0.975,0.0,0.0,0.0,0.975,0.025,0.0,0.0,0.0
"[[1, 0], [0, 1]]","[[(0, 1), (0, 1)], [(1, 1), (0, 1)]]",40,1600,1.0,0.01,0.01,0.0,0.8,0.0,0.0,emotion,5,1,1.0,400,0.0,1.0,0.0,1.0,66.486,0.993,0.975,0.0,0.025,0.0,0.95,0.025,0.0,0.0,0.0
"[[1, 0], [0, 1]]","[[(0, 1), (0, 1)], [(1, 1), (0, 1)]]",40,1600,1.0,0.01,0.01,0.0,0.8,0.0,0.0,emotion,5,1,1.0,400,0.0,1.0,0.0,1.0,64.279,1.0,1.0,0.0,0.0,0.0,1.0,0.0,0.0,0.0,0.0
"[[1, 0], [0, 1]]","[[(0, 1), (0, 1)], [(1, 1), (0, 1)]]",40,1600,1.0,0.01,0.01,0.0,0.8,0.0,0.0,emotion,5,1,1.0,400,0.0,1.0,0.0,1.0,74.533,1.0,1.0,0.0,0.0,0.0,1.0,0.0,0.0,0.0,0.0
"[[1, 0], [0, 1]]","[[(0, 1), (0, 1)], [(1, 1), (0, 1)]]",40,1600,1.0,0.01,0.01,0.0,0.8,0.0,0.0,emotion,5,1,1.0,400,0.0,1.0,0.0,1.0,60.933,1.0,1.0,0.0,0.0,0.0,1.0,0.0,0.0,0.0,0.0
"[[1, 0], [0, 1]]","[[(0, 1), (0, 1)], [(1, 1), (0, 1)]]",40,1600,1.0,0.01,0.01,0.0,0.8,0.0,0.0,emotion,5,1,1.0,400,0.0,1.0,0.0,1.0,81.846,0.989,0.95,0.0,0.0,0.0,0.95,0.025,0.0,0.025,0.0
"[[1, 0], [0, 1]]","[[(0, 1), (0, 1)], [(1, 1), (0, 1)]]",40,1600,1.0,0.01,0.01,0.0,0.8,0.0,0.0,emotion,5,1,1.0,400,0.0,1.0,0.0,1.0,86.96,1.0,1.0,0.0,0.0,0.0,1.0,0.0,0.0,0.0,0.0
"[[1, 0], [0, 1]]","[[(0, 1), (0, 1)], [(1, 1), (0, 1)]]",40,1600,1.0,0.01,0.01,0.0,0.8,0.0,0.0,emotion,5,1,1.0,400,0.0,1.0,0.0,1.0,92.984,0.984,0.95,0.0,0.0,0.0,0.925,0.025,0.0,0.05,0.0
"[[1, 0], [0, 1]]","[[(0, 1), (0, 1)], [(1, 1), (0, 1)]]",40,1600,1.0,0.01,0.01,0.0,0.8,0.0,0.0,emotion,5,1,1.0,400,0.0,1.0,0.0,1.0,93.107,1.0,1.0,0.0,0.0,0.0,1.0,0.0,0.0,0.0,0.0
"[[1, 0], [0, 1]]","[[(0, 1), (0, 1)], [(1, 1), (0, 1)]]",40,1600,1.0,0.01,0.01,0.0,0.8,0.0,0.0,emotion,5,1,1.0,400,0.0,1.0,0.0,1.0,93.994,1.0,1.0,0.0,0.0,0.0,1.0,0.0,0.0,0.0,0.0
"[[1, 0], [0, 1]]","[[(0, 1), (0, 1)], [(1, 1), (0, 1)]]",40,1600,1.0,0.01,0.01,0.0,0.8,0.0,0.0,emotion,5,1,1.0,400,0.0,1.0,0.0,1.0,94.09,1.0,0.975,0.025,0.0,0.0,0.975,0.0,0.0,0.0,0.0
"[[1, 0], [0, 1]]","[[(0, 1), (0, 1)], [(1, 1), (0, 1)]]",40,1600,1.0,0.01,0.01,0.0,0.8,0.0,0.0,emotion,5,1,1.0,400,0.0,1.0,0.0,1.0,85.428,0.991,0.975,0.0,0.0,0.0,0.975,0.0,0.0,0.025,0.0
"[[1, 0], [0, 1]]","[[(0, 1), (0, 1)], [(1, 1), (0, 1)]]",40,1600,1.0,0.01,0.01,0.0,0.8,0.0,0.0,emotion,5,1,1.0,400,0.0,1.0,0.0,1.0,94.003,1.0,0.975,0.025,0.0,0.0,0.975,0.0,0.0,0.0,0.0
"[[1, 0], [0, 1]]","[[(0, 1), (0, 1)], [(1, 1), (0, 1)]]",40,1600,1.0,0.01,0.01,0.0,0.8,0.0,0.0,emotion,5,1,1.0,400,0.0,1.0,0.0,1.0,93.845,1.0,1.0,0.0,0.0,0.0,1.0,0.0,0.0,0.0,0.0
"[[1, 0], [0, 1]]","[[(0, 1), (0, 1)], [(1, 1), (0, 1)]]",40,1600,1.0,0.01,0.01,0.0,0.8,0.0,0.0,emotion,5,1,1.0,400,0.0,1.0,0.0,1.0,93.77,1.0,1.0,0.0,0.0,0.0,1.0,0.0,0.0,0.0,0.0
"[[1, 0], [0, 1]]","[[(0, 1), (0, 1)], [(1, 1), (0, 1)]]",40,1600,1.0,0.01,0.01,0.0,0.8,0.0,0.0,emotion,5,1,1.0,400,0.0,1.0,0.0,1.0,93.995,0.99,0.925,0.05,0.0,0.0,0.9,0.025,0.0,0.025,0.0
"[[0, 0], [0, 1]]","[[(1, 1), (0, 1)], [(1, 0), (0, 1)]]",40,1600,1.0,0.01,0.01,0.0,0.4,0.0,0.0,emotion,5,1,1.0,400,0.0,1.0,0.0,0.5,5.461,0.974,0.0,0.0,0.85,0.1,0.0,0.0,0.0,0.05,0.0
"[[0, 0], [0, 1]]","[[(1, 1), (0, 1)], [(1, 0), (0, 1)]]",40,1600,1.0,0.01,0.01,0.0,0.4,0.0,0.0,emotion,5,1,1.0,400,0.0,1.0,0.0,0.5,7.162,0.964,0.0,0.0,0.875,0.1,0.0,0.0,0.025,0.0,0.0
"[[0, 0], [0, 1]]","[[(1, 1), (0, 1)], [(1, 0), (0, 1)]]",40,1600,1.0,0.01,0.01,0.0,0.4,0.0,0.0,emotion,5,1,1.0,400,0.0,1.0,0.0,0.5,6.324,0.946,0.0,0.9,0.0,0.0,0.025,0.0,0.0,0.0,0.075
"[[0, 0], [0, 1]]","[[(1, 1), (0, 1)], [(1, 0), (0, 1)]]",40,1600,1.0,0.01,0.01,0.0,0.4,0.0,0.0,emotion,5,1,1.0,400,0.0,1.0,0.0,0.5,7.927,0.99,0.0,0.875,0.0,0.0,0.1,0.0,0.0,0.0,0.025
"[[0, 0], [0, 1]]","[[(1, 1), (0, 1)], [(1, 0), (0, 1)]]",40,1600,1.0,0.01,0.01,0.0,0.4,0.0,0.0,emotion,5,1,1.0,400,0.0,1.0,0.0,0.5,6.27,0.878,0.0,0.0,0.6,0.25,0.0,0.0,0.0,0.075,0.075
"[[0, 0], [0, 1]]","[[(1, 1), (0, 1)], [(1, 0), (0, 1)]]",40,1600,1.0,0.01,0.01,0.0,0.4,0.0,0.0,emotion,5,1,1.0,400,0.0,1.0,0.0,0.5,7.048,0.914,0.0,0.55,0.0,0.0,0.45,0.0,0.0,0.0,0.0
"[[0, 0], [0, 1]]","[[(1, 1), (0, 1)], [(1, 0), (0, 1)]]",40,1600,1.0,0.01,0.01,0.0,0.4,0.0,0.0,emotion,5,1,1.0,400,0.0,1.0,0.0,0.5,7.079,0.96,0.0,0.0,0.25,0.75,0.0,0.0,0.0,0.0,0.0
"[[0, 0], [0, 1]]","[[(1, 1), (0, 1)], [(1, 0), (0, 1)]]",40,1600,1.0,0.01,0.01,0.0,0.4,0.0,0.0,emotion,5,1,1.0,400,0.0,1.0,0.0,0.5,6.878,0.906,0.0,0.0,0.525,0.4,0.0,0.0,0.0,0.075,0.0
"[[0, 0], [0, 1]]","[[(1, 1), (0, 1)], [(1, 0), (0, 1)]]",40,1600,1.0,0.01,0.01,0.0,0.4,0.0,0.0,emotion,5,1,1.0,400,0.0,1.0,0.0,0.5,5.657,0.981,0.0,0.325,0.0,0.0,0.675,0.0,0.0,0.0,0.0
"[[0, 0], [0, 1]]","[[(1, 1), (0, 1)], [(1, 0), (0, 1)]]",40,1600,1.0,0.01,0.01,0.0,0.4,0.0,0.0,emotion,5,1,1.0,400,0.0,1.0,0.0,0.5,7.085,0.961,0.0,0.85,0.0,0.0,0.125,0.0,0.025,0.0,0.0
"[[0, 0], [0, 1]]","[[(1, 1), (0, 1)], [(1, 0), (0, 1)]]",40,1600,1.0,0.01,0.01,0.0,0.4,0.0,0.0,emotion,5,1,1.0,400,0.0,1.0,0.0,0.5,7.531,0.905,0.0,0.15,0.0,0.0,0.85,0.0,0.0,0.0,0.0
"[[0, 0], [0, 1]]","[[(1, 1), (0, 1)], [(1, 0), (0, 1)]]",40,1600,1.0,0.01,0.01,0.0,0.4,0.0,0.0,emotion,5,1,1.0,400,0.0,1.0,0.0,0.5,7.919,0.94,0.0,0.0,0.625,0.35,0.0,0.025,0.0,0.0,0.0
"[[0, 0], [0, 1]]","[[(1, 1), (0, 1)], [(1, 0), (0, 1)]]",40,1600,1.0,0.01,0.01,0.0,0.4,0.0,0.0,emotion,5,1,1.0,400,0.0,1.0,0.0,0.5,8.523,0.899,0.0,0.0,0.1,0.825,0.0,0.0,0.05,0.0,0.025
"[[0, 0], [0, 1]]","[[(1, 1), (0, 1)], [(1, 0), (0, 1)]]",40,1600,1.0,0.01,0.01,0.0,0.4,0.0,0.0,emotion,5,1,1.0,400,0.0,1.0,0.0,0.5,7.243,0.997,0.0,0.975,0.0,0.0,0.025,0.0,0.0,0.0,0.0
"[[0, 0], [0, 1]]","[[(1, 1), (0, 1)], [(1, 0), (0, 1)]]",40,1600,1.0,0.01,0.01,0.0,0.4,0.0,0.0,emotion,5,1,1.0,400,0.0,1.0,0.0,0.5,6.951,0.939,0.0,0.425,0.0,0.0,0.575,0.0,0.0,0.0,0.0
"[[0, 0], [0, 1]]","[[(1, 1), (0, 1)], [(1, 0), (0, 1)]]",40,1600,1.0,0.01,0.01,0.0,0.4,0.0,0.0,emotion,5,1,1.0,400,0.0,1.0,0.0,0.5,9.92,0.851,0.0,0.1,0.0,0.0,0.8,0.0,0.0,0.1,0.0
"[[0, 0], [0, 1]]","[[(1, 1), (0, 1)], [(1, 0), (0, 1)]]",40,1600,1.0,0.01,0.01,0.0,0.4,0.0,0.0,emotion,5,1,1.0,400,0.0,1.0,0.0,0.5,6.285,0.99,0.0,0.0,0.0,1.0,0.0,0.0,0.0,0.0,0.0
"[[0, 0], [0, 1]]","[[(1, 1), (0, 1)], [(1, 0), (0, 1)]]",40,1600,1.0,0.01,0.01,0.0,0.4,0.0,0.0,emotion,5,1,1.0,400,0.0,1.0,0.0,0.5,7.277,0.986,0.0,0.0,0.95,0.0,0.0,0.05,0.0,0.0,0.0
"[[0, 0], [0, 1]]","[[(1, 1), (0, 1)], [(1, 0), (0, 1)]]",40,1600,1.0,0.01,0.01,0.0,0.4,0.0,0.0,emotion,5,1,1.0,400,0.0,1.0,0.0,0.5,6.677,0.934,0.0,0.3,0.0,0.0,0.7,0.0,0.0,0.0,0.0
"[[0, 0], [0, 1]]","[[(1, 1), (0, 1)], [(1, 0), (0, 1)]]",40,1600,1.0,0.01,0.01,0.0,0.4,0.0,0.0,emotion,5,1,1.0,400,0.0,1.0,0.0,0.5,9.98,0.98,0.0,0.875,0.0,0.0,0.1,0.0,0.0,0.025,0.0
"[[0, 0], [0, 1]]","[[(1, 1), (0, 1)], [(1, 0), (0, 1)]]",40,1600,1.0,0.01,0.01,0.0,0.4,0.0,0.0,emotion,5,1,1.0,400,0.0,1.0,0.0,1.0,9.431,0.957,0.0,0.0,0.875,0.1,0.0,0.0,0.0,0.025,0.0
"[[0, 0], [0, 1]]","[[(1, 1), (0, 1)], [(1, 0), (0, 1)]]",40,1600,1.0,0.01,0.01,0.0,0.4,0.0,0.0,emotion,5,1,1.0,400,0.0,1.0,0.0,1.0,8.118,0.982,0.0,0.0,0.775,0.225,0.0,0.0,0.0,0.0,0.0
"[[0, 0], [0, 1]]","[[(1, 1), (0, 1)], [(1, 0), (0, 1)]]",40,1600,1.0,0.01,0.01,0.0,0.4,0.0,0.0,emotion,5,1,1.0,400,0.0,1.0,0.0,1.0,9.71,0.945,0.0,0.0,0.475,0.525,0.0,0.0,0.0,0.0,0.0
"[[0, 0], [0, 1]]","[[(1, 1), (0, 1)], [(1, 0), (0, 1)]]",40,1600,1.0,0.01,0.01,0.0,0.4,0.0,0.0,emotion,5,1,1.0,400,0.0,1.0,0.0,1.0,38.975,0.971,0.0,0.0,0.9,0.1,0.0,0.0,0.0,0.0,0.0
"[[0, 0], [0, 1]]","[[(1, 1), (0, 1)], [(1, 0), (0, 1)]]",40,1600,1.0,0.01,0.01,0.0,0.4,0.0,0.0,emotion,5,1,1.0,400,0.0,1.0,0.0,1.0,45.958,0.781,0.975,0.0,0.0,0.0,0.975,0.025,0.0,0.0,0.0
"[[0, 0], [0, 1]]","[[(1, 1), (0, 1)], [(1, 0), (0, 1)]]",40,1600,1.0,0.01,0.01,0.0,0.4,0.0,0.0,emotion,5,1,1.0,400,0.0,1.0,0.0,1.0,66.127,0.971,0.0,0.625,0.0,0.0,0.375,0.0,0.0,0.0,0.0
"[[0, 0], [0, 1]]","[[(1, 1), (0, 1)], [(1, 0), (0, 1)]]",40,1600,1.0,0.01,0.01,0.0,0.4,0.0,0.0,emotion,5,1,1.0,400,0.0,1.0,0.0,1.0,75.855,0.559,0.9,0.0,0.0,0.0,0.95,0.05,0.0,0.0,0.0
"[[0, 0], [0, 1]]","[[(1, 1), (0, 1)], [(1, 0), (0, 1)]]",40,1600,1.0,0.01,0.01,0.0,0.4,0.0,0.0,emotion,5,1,1.0,400,0.0,1.0,0.0,1.0,80.401,0.359,0.55,0.025,0.0,0.0,0.775,0.125,0.0,0.075,0.0
"[[0, 0], [0, 1]]","[[(1, 1), (0, 1)], [(1, 0), (0, 1)]]",40,1600,1.0,0.01,0.01,0.0,0.4,0.0,0.0,emotion,5,1,1.0,400,0.0,1.0,0.0,1.0,79.133,0.932,1.0,0.0,0.0,0.0,1.0,0.0,0.0,0.0,0.0
"[[0, 0], [0, 1]]","[[(1, 1), (0, 1)], [(1, 0), (0, 1)]]",40,1600,1.0,0.01,0.01,0.0,0.4,0.0,0.0,emotion,5,1,1.0,400,0.0,1.0,0.0,1.0,79.451,0.564,0.875,0.0,0.0,0.0,0.9,0.05,0.025,0.025,0.0
"[[0, 0], [0, 1]]","[[(1, 1), (0, 1)], [(1, 0), (0, 1)]]",40,1600,1.0,0.01,0.01,0.0,0.4,0.0,0.0,emotion,5,1,1.0,400,0.0,1.0,0.0,1.0,79.901,0.664,0.925,0.0,0.0,0.0,0.95,0.025,0.0,0.025,0.0
"[[0, 0], [0, 1]]","[[(1, 1), (0, 1)], [(1, 0), (0, 1)]]",40,1600,1.0,0.01,0.01,0.0,0.4,0.0,0.0,emotion,5,1,1.0,400,0.0,1.0,0.0,1.0,76.72,0.614,0.825,0.025,0.0,0.0,0.95,0.0,0.0,0.025,0.0
"[[0, 0], [0, 1]]","[[(1, 1), (0, 1)], [(1, 0), (0, 1)]]",40,1600,1.0,0.01,0.01,0.0,0.4,0.0,0.0,emotion,5,1,1.0,400,0.0,1.0,0.0,1.0,80.273,0.768,0.975,0.025,0.0,0.0,0.975,0.0,0.0,0.0,0.0
"[[0, 0], [0, 1]]","[[(1, 1), (0, 1)], [(1, 0), (0, 1)]]",40,1600,1.0,0.01,0.01,0.0,0.4,0.0,0.0,emotion,5,1,1.0,400,0.0,1.0,0.0,1.0,79.534,0.552,0.85,0.0,0.0,0.0,0.85,0.075,0.05,0.025,0.0
"[[0, 0], [0, 1]]","[[(1, 1), (0, 1)], [(1, 0), (0, 1)]]",40,1600,1.0,0.01,0.01,0.0,0.4,0.0,0.0,emotion,5,1,1.0,400,0.0,1.0,0.0,1.0,79.362,0.617,0.85,0.0,0.0,0.0,0.975,0.025,0.0,0.0,0.0
"[[0, 0], [0, 1]]","[[(1, 1), (0, 1)], [(1, 0), (0, 1)]]",40,1600,1.0,0.01,0.01,0.0,0.4,0.0,0.0,emotion,5,1,1.0,400,0.0,1.0,0.0,1.0,79.952,0.832,0.975,0.0,0.0,0.0,0.95,0.0,0.0,0.05,0.0
"[[0, 0], [0, 1]]","[[(1, 1), (0, 1)], [(1, 0), (0, 1)]]",40,1600,1.0,0.01,0.01,0.0,0.4,0.0,0.0,emotion,5,1,1.0,400,0.0,1.0,0.0,1.0,80.42,0.48,0.55,0.05,0.025,0.0,0.925,0.0,0.0,0.0,0.0
"[[0, 0], [0, 1]]","[[(1, 1), (0, 1)], [(1, 0), (0, 1)]]",40,1600,1.0,0.01,0.01,0.0,0.4,0.0,0.0,emotion,5,1,1.0,400,0.0,1.0,0.0,1.0,79.311,0.441,0.725,0.025,0.0,0.0,0.975,0.0,0.0,0.0,0.0
"[[0, 0], [0, 1]]","[[(1, 1), (0, 1)], [(1, 0), (0, 1)]]",40,1600,1.0,0.01,0.01,0.0,0.4,0.0,0.0,emotion,5,1,1.0,400,0.0,1.0,0.0,1.0,79.011,0.53,0.825,0.0,0.0,0.025,0.725,0.025,0.0,0.0,0.225
"[[0, 0], [0, 1]]","[[(1, 1), (0, 1)], [(1, 0), (0, 1)]]",40,1600,1.0,0.01,0.01,0.0,0.4,0.0,0.0,emotion,5,1,1.0,400,0.0,1.0,0.0,1.0,77.792,0.596,0.9,0.025,0.0,0.0,0.95,0.0,0.0,0.025,0.0
"[[0, 0], [0, 1]]","[[(1, 1), (0, 1)], [(1, 0), (0, 1)]]",40,1600,1.0,0.01,0.01,0.0,0.6,0.0,0.0,emotion,5,1,1.0,400,0.0,1.0,0.0,0.5,8.557,0.991,0.0,0.0,0.925,0.075,0.0,0.0,0.0,0.0,0.0
"[[0, 0], [0, 1]]","[[(1, 1), (0, 1)], [(1, 0), (0, 1)]]",40,1600,1.0,0.01,0.01,0.0,0.6,0.0,0.0,emotion,5,1,1.0,400,0.0,1.0,0.0,0.5,6.515,0.975,0.0,0.0,0.2,0.775,0.0,0.0,0.0,0.0,0.025
"[[0, 0], [0, 1]]","[[(1, 1), (0, 1)], [(1, 0), (0, 1)]]",40,1600,1.0,0.01,0.01,0.0,0.6,0.0,0.0,emotion,5,1,1.0,400,0.0,1.0,0.0,0.5,9.658,0.87,0.0,0.125,0.0,0.0,0.8,0.075,0.0,0.0,0.0
"[[0, 0], [0, 1]]","[[(1, 1), (0, 1)], [(1, 0), (0, 1)]]",40,1600,1.0,0.01,0.01,0.0,0.6,0.0,0.0,emotion,5,1,1.0,400,0.0,1.0,0.0,0.5,6.36,0.968,0.0,0.0,0.8,0.125,0.025,0.025,0.0,0.025,0.0
"[[0, 0], [0, 1]]","[[(1, 1), (0, 1)], [(1, 0), (0, 1)]]",40,1600,1.0,0.01,0.01,0.0,0.6,0.0,0.0,emotion,5,1,1.0,400,0.0,1.0,0.0,0.5,9.244,0.741,0.05,0.05,0.0,0.0,0.825,0.075,0.025,0.025,0.0
"[[0, 0], [0, 1]]","[[(1, 1), (0, 1)], [(1, 0), (0, 1)]]",40,1600,1.0,0.01,0.01,0.0,0.6,0.0,0.0,emotion,5,1,1.0,400,0.0,1.0,0.0,0.5,8.488,0.986,0.0,0.9,0.0,0.0,0.075,0.025,0.0,0.0,0.0
"[[0, 0], [0, 1]]","[[(1, 1), (0, 1)], [(1, 0), (0, 1)]]",40,1600,1.0,0.01,0.01,0.0,0.6,0.0,0.0,emotion,5,1,1.0,400,0.0,1.0,0.0,0.5,7.332,0.914,0.0,0.775,0.0,0.0,0.175,0.0,0.025,0.0,0.025
"[[0, 0], [0, 1]]","[[(1, 1), (0, 1)], [(1, 0), (0, 1)]]",40,1600,1.0,0.01,0.01,0.0,0.6,0.0,0.0,emotion,5,1,1.0,400,0.0,1.0,0.0,0.5,8.077,0.444,0.05,0.0,0.0,0.0,0.775,0.15,0.0,0.075,0.0
"[[0, 0], [0, 1]]","[[(1, 1), (0, 1)], [(1, 0), (0, 1)]]",40,1600,1.0,0.01,0.01,0.0,0.6,0.0,0.0,emotion,5,1,1.0,400,0.0,1.0,0.0,0.5,7.483,0.969,0.0,0.825,0.0,0.0,0.075,0.0,0.0,0.1,0.0
"[[0, 0], [0, 1]]","[[(1, 1), (0, 1)], [(1, 0), (0, 1)]]",40,1600,1.0,0.01,0.01,0.0,0.6,0.0,0.0,emotion,5,1,1.0,400,0.0,1.0,0.0,0.5,8.278,0.964,0.0,0.0,0.675,0.0,0.275,0.05,0.0,0.0,0.0
"[[0, 0], [0, 1]]","[[(1, 1), (0, 1)], [(1, 0), (0, 1)]]",40,1600,1.0,0.01,0.01,0.0,0.6,0.0,0.0,emotion,5,1,1.0,400,0.0,1.0,0.0,0.5,9.146,0.919,0.0,0.075,0.0,0.0,0.9,0.0,0.0,0.025,0.0
"[[0, 0], [0, 1]]","[[(1, 1), (0, 1)], [(1, 0), (0, 1)]]",40,1600,1.0,0.01,0.01,0.0,0.6,0.0,0.0,emotion,5,1,1.0,400,0.0,1.0,0.0,0.5,7.404,0.996,0.0,0.575,0.0,0.0,0.425,0.0,0.0,0.0,0.0
"[[0, 0], [0, 1]]","[[(1, 1), (0, 1)], [(1, 0), (0, 1)]]",40,1600,1.0,0.01,0.01,0.0,0.6,0.0,0.0,emotion,5,1,1.0,400,0.0,1.0,0.0,0.5,6.28,0.989,0.0,0.775,0.0,0.075,0.125,0.0,0.0,0.025,0.0
"[[0, 0], [0, 1]]","[[(1, 1), (0, 1)], [(1, 0), (0, 1)]]",40,1600,1.0,0.01,0.01,0.0,0.6,0.0,0.0,emotion,5,1,1.0,400,0.0,1.0,0.0,0.5,12.054,0.995,0.0,0.875,0.0,0.0,0.1,0.0,0.0,0.0,0.025
"[[0, 0], [0, 1]]","[[(1, 1), (0, 1)], [(1, 0), (0, 1)]]",40,1600,1.0,0.01,0.01,0.0,0.6,0.0,0.0,emotion,5,1,1.0,400,0.0,1.0,0.0,0.5,10.117,0.975,0.0,0.525,0.0,0.0,0.475,0.0,0.0,0.0,0.0
"[[0, 0], [0, 1]]","[[(1, 1), (0, 1)], [(1, 0), (0, 1)]]",40,1600,1.0,0.01,0.01,0.0,0.6,0.0,0.0,emotion,5,1,1.0,400,0.0,1.0,0.0,0.5,8.323,0.761,0.0,0.0,0.0,0.0,0.925,0.075,0.0,0.0,0.0
"[[0, 0], [0, 1]]","[[(1, 1), (0, 1)], [(1, 0), (0, 1)]]",40,1600,1.0,0.01,0.01,0.0,0.6,0.0,0.0,emotion,5,1,1.0,400,0.0,1.0,0.0,0.5,9.239,0.979,0.0,0.975,0.0,0.0,0.025,0.0,0.0,0.0,0.0
"[[0, 0], [0, 1]]","[[(1, 1), (0, 1)], [(1, 0), (0, 1)]]",40,1600,1.0,0.01,0.01,0.0,0.6,0.0,0.0,emotion,5,1,1.0,400,0.0,1.0,0.0,0.5,5.79,0.997,0.0,0.0,0.95,0.025,0.0,0.0,0.0,0.025,0.0
"[[0, 0], [0, 1]]","[[(1, 1), (0, 1)], [(1, 0), (0, 1)]]",40,1600,1.0,0.01,0.01,0.0,0.6,0.0,0.0,emotion,5,1,1.0,400,0.0,1.0,0.0,0.5,9.07,0.657,0.025,0.05,0.0,0.075,0.825,0.025,0.0,0.0,0.025
"[[0, 0], [0, 1]]","[[(1, 1), (0, 1)], [(1, 0), (0, 1)]]",40,1600,1.0,0.01,0.01,0.0,0.6,0.0,0.0,emotion,5,1,1.0,400,0.0,1.0,0.0,0.5,7.405,0.98,0.0,0.0,0.9,0.025,0.0,0.05,0.0,0.0,0.025
"[[0, 0], [0, 1]]","[[(1, 1), (0, 1)], [(1, 0), (0, 1)]]",40,1600,1.0,0.01,0.01,0.0,0.6,0.0,0.0,emotion,5,1,1.0,400,0.0,1.0,0.0,1.0,9.157,0.829,0.15,0.0,0.475,0.5,0.0,0.025,0.0,0.0,0.0
"[[0, 0], [0, 1]]","[[(1, 1), (0, 1)], [(1, 0), (0, 1)]]",40,1600,1.0,0.01,0.01,0.0,0.6,0.0,0.0,emotion,5,1,1.0,400,0.0,1.0,0.0,1.0,10.609,0.989,0.0,0.0,0.975,0.0,0.0,0.025,0.0,0.0,0.0
"[[0, 0], [0, 1]]","[[(1, 1), (0, 1)], [(1, 0), (0, 1)]]",40,1600,1.0,0.01,0.01,0.0,0.6,0.0,0.0,emotion,5,1,1.0,400,0.0,1.0,0.0,1.0,11.525,0.545,0.35,0.0,0.05,0.85,0.0,0.0,0.05,0.0,0.05
"[[0, 0], [0, 1]]","[[(1, 1), (0, 1)], [(1, 0), (0, 1)]]",40,1600,1.0,0.01,0.01,0.0,0.6,0.0,0.0,emotion,5,1,1.0,400,0.0,1.0,0.0,1.0,13.798,0.951,0.025,0.0,0.825,0.125,0.0,0.0,0.05,0.0,0.0
"[[0, 0], [0, 1]]","[[(1, 1), (0, 1)], [(1, 0), (0, 1)]]",40,1600,1.0,0.01,0.01,0.0,0.6,0.0,0.0,emotion,5,1,1.0,400,0.0,1.0,0.0,1.0,30.712,0.8,0.95,0.025,0.0,0.0,0.95,0.025,0.0,0.0,0.0
"[[0, 0], [0, 1]]","[[(1, 1), (0, 1)], [(1, 0), (0, 1)]]",40,1600,1.0,0.01,0.01,0.0,0.6,0.0,0.0,emotion,5,1,1.0,400,0.0,1.0,0.0,1.0,79.22,0.728,0.925,0.0,0.0,0.0,0.975,0.025,0.0,0.0,0.0
"[[0, 0], [0, 1]]","[[(1, 1), (0, 1)], [(1, 0), (0, 1)]]",40,1600,1.0,0.01,0.01,0.0,0.6,0.0,0.0,emotion,5,1,1.0,400,0.0,1.0,0.0,1.0,85.006,0.75,0.85,0.025,0.0,0.0,0.875,0.075,0.0,0.025,0.0
"[[0, 0], [0, 1]]","[[(1, 1), (0, 1)], [(1, 0), (0, 1)]]",40,1600,1.0,0.01,0.01,0.0,0.6,0.0,0.0,emotion,5,1,1.0,400,0.0,1.0,0.0,1.0,85.195,0.759,0.95,0.0,0.0,0.0,0.975,0.025,0.0,0.0,0.0
"[[0, 0], [0, 1]]","[[(1, 1), (0, 1)], [(1, 0), (0, 1)]]",40,1600,1.0,0.01,0.01,0.0,0.6,0.0,0.0,emotion,5,1,1.0,400,0.0,1.0,0.0,1.0,84.158,0.726,0.9,0.0,0.0,0.0,0.925,0.0,0.075,0.0,0.0
"[[0, 0], [0, 1]]","[[(1, 1), (0, 1)], [(1, 0), (0, 1)]]",40,1600,1.0,0.01,0.01,0.0,0.6,0.0,0.0,emotion,5,1,1.0,400,0.0,1.0,0.0,1.0,85.164,0.821,0.95,0.0,0.025,0.0,0.95,0.0,0.0,0.025,0.0
"[[0, 0], [0, 1]]","[[(1, 1), (0, 1)], [(1, 0), (0, 1)]]",40,1600,1.0,0.01,0.01,0.0,0.6,0.0,0.0,emotion,5,1,1.0,400,0.0,1.0,0.0,1.0,84.416,0.672,0.825,0.0,0.0,0.0,0.925,0.075,0.0,0.0,0.0
"[[0, 0], [0, 1]]","[[(1, 1), (0, 1)], [(1, 0), (0, 1)]]",40,1600,1.0,0.01,0.01,0.0,0.6,0.0,0.0,emotion,5,1,1.0,400,0.0,1.0,0.0,1.0,85.725,0.92,0.975,0.0,0.0,0.0,0.975,0.025,0.0,0.0,0.0
"[[0, 0], [0, 1]]","[[(1, 1), (0, 1)], [(1, 0), (0, 1)]]",40,1600,1.0,0.01,0.01,0.0,0.6,0.0,0.0,emotion,5,1,1.0,400,0.0,1.0,0.0,1.0,84.838,0.521,0.675,0.025,0.0,0.0,0.975,0.0,0.0,0.0,0.0
"[[0, 0], [0, 1]]","[[(1, 1), (0, 1)], [(1, 0), (0, 1)]]",40,1600,1.0,0.01,0.01,0.0,0.6,0.0,0.0,emotion,5,1,1.0,400,0.0,1.0,0.0,1.0,84.15,0.496,0.55,0.0,0.0,0.0,0.9,0.075,0.0,0.025,0.0
"[[0, 0], [0, 1]]","[[(1, 1), (0, 1)], [(1, 0), (0, 1)]]",40,1600,1.0,0.01,0.01,0.0,0.6,0.0,0.0,emotion,5,1,1.0,400,0.0,1.0,0.0,1.0,85.312,0.999,1.0,0.0,0.0,0.0,1.0,0.0,0.0,0.0,0.0
"[[0, 0], [0, 1]]","[[(1, 1), (0, 1)], [(1, 0), (0, 1)]]",40,1600,1.0,0.01,0.01,0.0,0.6,0.0,0.0,emotion,5,1,1.0,400,0.0,1.0,0.0,1.0,86.026,0.719,0.85,0.075,0.0,0.0,0.925,0.0,0.0,0.0,0.0
"[[0, 0], [0, 1]]","[[(1, 1), (0, 1)], [(1, 0), (0, 1)]]",40,1600,1.0,0.01,0.01,0.0,0.6,0.0,0.0,emotion,5,1,1.0,400,0.0,1.0,0.0,1.0,85.155,0.899,1.0,0.0,0.0,0.0,1.0,0.0,0.0,0.0,0.0
"[[0, 0], [0, 1]]","[[(1, 1), (0, 1)], [(1, 0), (0, 1)]]",40,1600,1.0,0.01,0.01,0.0,0.6,0.0,0.0,emotion,5,1,1.0,400,0.0,1.0,0.0,1.0,85.633,0.94,1.0,0.0,0.0,0.0,1.0,0.0,0.0,0.0,0.0
"[[0, 0], [0, 1]]","[[(1, 1), (0, 1)], [(1, 0), (0, 1)]]",40,1600,1.0,0.01,0.01,0.0,0.6,0.0,0.0,emotion,5,1,1.0,400,0.0,1.0,0.0,1.0,84.461,0.635,0.475,0.0,0.075,0.0,0.925,0.0,0.0,0.0,0.0
"[[0, 0], [0, 1]]","[[(1, 1), (0, 1)], [(1, 0), (0, 1)]]",40,1600,1.0,0.01,0.01,0.0,0.6,0.0,0.0,emotion,5,1,1.0,400,0.0,1.0,0.0,1.0,83.913,0.901,1.0,0.0,0.0,0.0,0.975,0.0,0.0,0.025,0.0
"[[0, 0], [0, 1]]","[[(1, 1), (0, 1)], [(1, 0), (0, 1)]]",40,1600,1.0,0.01,0.01,0.0,0.8,0.0,0.0,emotion,5,1,1.0,400,0.0,1.0,0.0,0.5,7.201,0.903,0.025,0.0,0.325,0.65,0.0,0.0,0.0,0.0,0.025
"[[0, 0], [0, 1]]","[[(1, 1), (0, 1)], [(1, 0), (0, 1)]]",40,1600,1.0,0.01,0.01,0.0,0.8,0.0,0.0,emotion,5,1,1.0,400,0.0,1.0,0.0,0.5,8.908,0.985,0.0,0.0,0.9,0.05,0.0,0.0,0.0,0.05,0.0
"[[0, 0], [0, 1]]","[[(1, 1), (0, 1)], [(1, 0), (0, 1)]]",40,1600,1.0,0.01,0.01,0.0,0.8,0.0,0.0,emotion,5,1,1.0,400,0.0,1.0,0.0,0.5,7.646,0.995,0.0,0.0,0.475,0.5,0.0,0.0,0.025,0.0,0.0
"[[0, 0], [0, 1]]","[[(1, 1), (0, 1)], [(1, 0), (0, 1)]]",40,1600,1.0,0.01,0.01,0.0,0.8,0.0,0.0,emotion,5,1,1.0,400,0.0,1.0,0.0,0.5,9.337,0.466,0.1,0.0,0.225,0.675,0.0,0.0,0.0,0.1,0.0
"[[0, 0], [0, 1]]","[[(1, 1), (0, 1)], [(1, 0), (0, 1)]]",40,1600,1.0,0.01,0.01,0.0,0.8,0.0,0.0,emotion,5,1,1.0,400,0.0,1.0,0.0,0.5,9.381,0.79,0.0,0.0,0.3,0.6,0.0,0.075,0.0,0.025,0.0
"[[0, 0], [0, 1]]","[[(1, 1), (0, 1)], [(1, 0), (0, 1)]]",40,1600,1.0,0.01,0.01,0.0,0.8,0.0,0.0,emotion,5,1,1.0,400,0.0,1.0,0.0,0.5,7.755,0.881,0.0,0.0,0.275,0.675,0.0,0.0,0.0,0.0,0.05
"[[0, 0], [0, 1]]","[[(1, 1), (0, 1)], [(1, 0), (0, 1)]]",40,1600,1.0,0.01,0.01,0.0,0.8,0.0,0.0,emotion,5,1,1.0,400,0.0,1.0,0.0,0.5,10.099,0.936,0.0,0.0,0.15,0.85,0.0,0.0,0.0,0.0,0.0
"[[0, 0], [0, 1]]","[[(1, 1), (0, 1)], [(1, 0), (0, 1)]]",40,1600,1.0,0.01,0.01,0.0,0.8,0.0,0.0,emotion,5,1,1.0,400,0.0,1.0,0.0,0.5,8.814,0.964,0.0,0.0,0.5,0.475,0.0,0.0,0.0,0.025,0.0
"[[0, 0], [0, 1]]","[[(1, 1), (0, 1)], [(1, 0), (0, 1)]]",40,1600,1.0,0.01,0.01,0.0,0.8,0.0,0.0,emotion,5,1,1.0,400,0.0,1.0,0.0,0.5,6.658,0.993,0.0,0.0,0.65,0.325,0.0,0.025,0.0,0.0,0.0
"[[0, 0], [0, 1]]","[[(1, 1), (0, 1)], [(1, 0), (0, 1)]]",40,1600,1.0,0.01,0.01,0.0,0.8,0.0,0.0,emotion,5,1,1.0,400,0.0,1.0,0.0,0.5,8.687,0.97,0.0,0.4,0.0,0.0,0.575,0.0,0.0,0.0,0.025
"[[0, 0], [0, 1]]","[[(1, 1), (0, 1)], [(1, 0), (0, 1)]]",40,1600,1.0,0.01,0.01,0.0,0.8,0.0,0.0,emotion,5,1,1.0,400,0.0,1.0,0.0,0.5,6.801,0.999,0.0,0.0,1.0,0.0,0.0,0.0,0.0,0.0,0.0
"[[0, 0], [0, 1]]","[[(1, 1), (0, 1)], [(1, 0), (0, 1)]]",40,1600,1.0,0.01,0.01,0.0,0.8,0.0,0.0,emotion,5,1,1.0,400,0.0,1.0,0.0,0.5,9.564,0.969,0.0,0.275,0.0,0.0,0.7,0.0,0.025,0.0,0.0
"[[0, 0], [0, 1]]","[[(1, 1), (0, 1)], [(1, 0), (0, 1)]]",40,1600,1.0,0.01,0.01,0.0,0.8,0.0,0.0,emotion,5,1,1.0,400,0.0,1.0,0.0,0.5,7.542,1.0,0.0,0.95,0.0,0.0,0.05,0.0,0.0,0.0,0.0
"[[0, 0], [0, 1]]","[[(1, 1), (0, 1)], [(1, 0), (0, 1)]]",40,1600,1.0,0.01,0.01,0.0,0.8,0.0,0.0,emotion,5,1,1.0,400,0.0,1.0,0.0,0.5,13.477,0.804,0.0,0.9,0.0,0.0,0.1,0.0,0.0,0.0,0.0
"[[0, 0], [0, 1]]","[[(1, 1), (0, 1)], [(1, 0), (0, 1)]]",40,1600,1.0,0.01,0.01,0.0,0.8,0.0,0.0,emotion,5,1,1.0,400,0.0,1.0,0.0,0.5,8.876,0.926,0.0,0.0,0.05,0.85,0.0,0.0,0.1,0.0,0.0
"[[0, 0], [0, 1]]","[[(1, 1), (0, 1)], [(1, 0), (0, 1)]]",40,1600,1.0,0.01,0.01,0.0,0.8,0.0,0.0,emotion,5,1,1.0,400,0.0,1.0,0.0,0.5,9.368,0.979,0.0,0.0,0.775,0.225,0.0,0.0,0.0,0.0,0.0
"[[0, 0], [0, 1]]","[[(1, 1), (0, 1)], [(1, 0), (0, 1)]]",40,1600,1.0,0.01,0.01,0.0,0.8,0.0,0.0,emotion,5,1,1.0,400,0.0,1.0,0.0,0.5,14.247,0.525,0.225,0.025,0.0,0.0,0.95,0.0,0.0,0.0,0.025
"[[0, 0], [0, 1]]","[[(1, 1), (0, 1)], [(1, 0), (0, 1)]]",40,1600,1.0,0.01,0.01,0.0,0.8,0.0,0.0,emotion,5,1,1.0,400,0.0,1.0,0.0,0.5,8.421,0.969,0.0,0.0,0.55,0.375,0.0,0.075,0.0,0.0,0.0
"[[0, 0], [0, 1]]","[[(1, 1), (0, 1)], [(1, 0), (0, 1)]]",40,1600,1.0,0.01,0.01,0.0,0.8,0.0,0.0,emotion,5,1,1.0,400,0.0,1.0,0.0,0.5,8.838,0.811,0.025,0.0,0.075,0.825,0.0,0.0,0.1,0.0,0.0
"[[0, 0], [0, 1]]","[[(1, 1), (0, 1)], [(1, 0), (0, 1)]]",40,1600,1.0,0.01,0.01,0.0,0.8,0.0,0.0,emotion,5,1,1.0,400,0.0,1.0,0.0,0.5,9.665,0.799,0.0,0.0,0.325,0.55,0.0,0.0,0.0,0.125,0.0
"[[0, 0], [0, 1]]","[[(1, 1), (0, 1)], [(1, 0), (0, 1)]]",40,1600,1.0,0.01,0.01,0.0,0.8,0.0,0.0,emotion,5,1,1.0,400,0.0,1.0,0.0,1.0,42.332,0.986,1.0,0.0,0.0,0.0,1.0,0.0,0.0,0.0,0.0
"[[0, 0], [0, 1]]","[[(1, 1), (0, 1)], [(1, 0), (0, 1)]]",40,1600,1.0,0.01,0.01,0.0,0.8,0.0,0.0,emotion,5,1,1.0,400,0.0,1.0,0.0,1.0,43.372,0.924,0.95,0.025,0.0,0.0,0.975,0.0,0.0,0.0,0.0
"[[0, 0], [0, 1]]","[[(1, 1), (0, 1)], [(1, 0), (0, 1)]]",40,1600,1.0,0.01,0.01,0.0,0.8,0.0,0.0,emotion,5,1,1.0,400,0.0,1.0,0.0,1.0,56.484,0.857,0.925,0.05,0.0,0.0,0.925,0.0,0.0,0.025,0.0
"[[0, 0], [0, 1]]","[[(1, 1), (0, 1)], [(1, 0), (0, 1)]]",40,1600,1.0,0.01,0.01,0.0,0.8,0.0,0.0,emotion,5,1,1.0,400,0.0,1.0,0.0,1.0,63.904,0.999,1.0,0.0,0.0,0.0,1.0,0.0,0.0,0.0,0.0
"[[0, 0], [0, 1]]","[[(1, 1), (0, 1)], [(1, 0), (0, 1)]]",40,1600,1.0,0.01,0.01,0.0,0.8,0.0,0.0,emotion,5,1,1.0,400,0.0,1.0,0.0,1.0,79.501,0.955,1.0,0.0,0.0,0.0,1.0,0.0,0.0,0.0,0.0
"[[0, 0], [0, 1]]","[[(1, 1), (0, 1)], [(1, 0), (0, 1)]]",40,1600,1.0,0.01,0.01,0.0,0.8,0.0,0.0,emotion,5,1,1.0,400,0.0,1.0,0.0,1.0,89.007,0.979,0.975,0.0,0.0,0.0,1.0,0.0,0.0,0.0,0.0
"[[0, 0], [0, 1]]","[[(1, 1), (0, 1)], [(1, 0), (0, 1)]]",40,1600,1.0,0.01,0.01,0.0,0.8,0.0,0.0,emotion,5,1,1.0,400,0.0,1.0,0.0,1.0,88.784,0.863,0.9,0.025,0.0,0.0,0.925,0.025,0.0,0.025,0.0
"[[0, 0], [0, 1]]","[[(1, 1), (0, 1)], [(1, 0), (0, 1)]]",40,1600,1.0,0.01,0.01,0.0,0.8,0.0,0.0,emotion,5,1,1.0,400,0.0,1.0,0.0,1.0,88.825,0.955,0.975,0.0,0.0,0.0,0.975,0.0,0.0,0.025,0.0
"[[0, 0], [0, 1]]","[[(1, 1), (0, 1)], [(1, 0), (0, 1)]]",40,1600,1.0,0.01,0.01,0.0,0.8,0.0,0.0,emotion,5,1,1.0,400,0.0,1.0,0.0,1.0,89.015,0.938,0.975,0.025,0.0,0.0,0.95,0.0,0.0,0.025,0.0
"[[0, 0], [0, 1]]","[[(1, 1), (0, 1)], [(1, 0), (0, 1)]]",40,1600,1.0,0.01,0.01,0.0,0.8,0.0,0.0,emotion,5,1,1.0,400,0.0,1.0,0.0,1.0,89.047,0.946,0.95,0.025,0.0,0.0,0.975,0.0,0.0,0.0,0.0
"[[0, 0], [0, 1]]","[[(1, 1), (0, 1)], [(1, 0), (0, 1)]]",40,1600,1.0,0.01,0.01,0.0,0.8,0.0,0.0,emotion,5,1,1.0,400,0.0,1.0,0.0,1.0,88.911,0.977,0.975,0.0,0.0,0.0,0.975,0.025,0.0,0.0,0.0
"[[0, 0], [0, 1]]","[[(1, 1), (0, 1)], [(1, 0), (0, 1)]]",40,1600,1.0,0.01,0.01,0.0,0.8,0.0,0.0,emotion,5,1,1.0,400,0.0,1.0,0.0,1.0,88.769,0.935,0.95,0.025,0.0,0.0,0.95,0.0,0.0,0.025,0.0
"[[0, 0], [0, 1]]","[[(1, 1), (0, 1)], [(1, 0), (0, 1)]]",40,1600,1.0,0.01,0.01,0.0,0.8,0.0,0.0,emotion,5,1,1.0,400,0.0,1.0,0.0,1.0,89.457,0.976,1.0,0.0,0.0,0.0,1.0,0.0,0.0,0.0,0.0
"[[0, 0], [0, 1]]","[[(1, 1), (0, 1)], [(1, 0), (0, 1)]]",40,1600,1.0,0.01,0.01,0.0,0.8,0.0,0.0,emotion,5,1,1.0,400,0.0,1.0,0.0,1.0,88.755,0.939,0.975,0.0,0.0,0.0,0.975,0.0,0.0,0.025,0.0
"[[0, 0], [0, 1]]","[[(1, 1), (0, 1)], [(1, 0), (0, 1)]]",40,1600,1.0,0.01,0.01,0.0,0.8,0.0,0.0,emotion,5,1,1.0,400,0.0,1.0,0.0,1.0,89.239,0.984,1.0,0.0,0.0,0.0,1.0,0.0,0.0,0.0,0.0
"[[0, 0], [0, 1]]","[[(1, 1), (0, 1)], [(1, 0), (0, 1)]]",40,1600,1.0,0.01,0.01,0.0,0.8,0.0,0.0,emotion,5,1,1.0,400,0.0,1.0,0.0,1.0,89.138,1.0,1.0,0.0,0.0,0.0,1.0,0.0,0.0,0.0,0.0
"[[0, 0], [0, 1]]","[[(1, 1), (0, 1)], [(1, 0), (0, 1)]]",40,1600,1.0,0.01,0.01,0.0,0.8,0.0,0.0,emotion,5,1,1.0,400,0.0,1.0,0.0,1.0,89.094,0.988,1.0,0.0,0.0,0.0,1.0,0.0,0.0,0.0,0.0
"[[0, 0], [0, 1]]","[[(1, 1), (0, 1)], [(1, 0), (0, 1)]]",40,1600,1.0,0.01,0.01,0.0,0.8,0.0,0.0,emotion,5,1,1.0,400,0.0,1.0,0.0,1.0,89.437,0.823,0.85,0.05,0.0,0.0,0.95,0.0,0.0,0.0,0.0
"[[0, 0], [0, 1]]","[[(1, 1), (0, 1)], [(1, 0), (0, 1)]]",40,1600,1.0,0.01,0.01,0.0,0.8,0.0,0.0,emotion,5,1,1.0,400,0.0,1.0,0.0,1.0,89.1,0.922,0.975,0.025,0.0,0.0,0.975,0.0,0.0,0.0,0.0
"[[0, 0], [0, 1]]","[[(1, 1), (0, 1)], [(1, 0), (0, 1)]]",40,1600,1.0,0.01,0.01,0.0,0.8,0.0,0.0,emotion,5,1,1.0,400,0.0,1.0,0.0,1.0,89.231,0.934,0.95,0.0,0.0,0.0,0.975,0.0,0.0,0.025,0.0
"[[1, 0], [1, 1]]","[[(0, 1), (0, 1)], [(1, 0), (0, 1)]]",40,1600,1.0,0.01,0.01,0.0,0.4,0.0,0.0,emotion,5,1,1.0,400,0.0,1.0,0.0,0.5,6.021,0.17,0.5,0.0,0.825,0.125,0.0,0.05,0.0,0.0,0.0
"[[1, 0], [1, 1]]","[[(0, 1), (0, 1)], [(1, 0), (0, 1)]]",40,1600,1.0,0.01,0.01,0.0,0.4,0.0,0.0,emotion,5,1,1.0,400,0.0,1.0,0.0,0.5,6.894,0.131,0.325,0.0,0.925,0.0,0.0,0.05,0.0,0.025,0.0
"[[1, 0], [1, 1]]","[[(0, 1), (0, 1)], [(1, 0), (0, 1)]]",40,1600,1.0,0.01,0.01,0.0,0.4,0.0,0.0,emotion,5,1,1.0,400,0.0,1.0,0.0,0.5,6.216,0.359,0.25,0.825,0.0,0.0,0.05,0.0,0.1,0.0,0.025
"[[1, 0], [1, 1]]","[[(0, 1), (0, 1)], [(1, 0), (0, 1)]]",40,1600,1.0,0.01,0.01,0.0,0.4,0.0,0.0,emotion,5,1,1.0,400,0.0,1.0,0.0,0.5,6.208,0.249,0.45,0.0,0.775,0.2,0.0,0.0,0.0,0.0,0.025
"[[1, 0], [1, 1]]","[[(0, 1), (0, 1)], [(1, 0), (0, 1)]]",40,1600,1.0,0.01,0.01,0.0,0.4,0.0,0.0,emotion,5,1,1.0,400,0.0,1.0,0.0,0.5,6.388,0.182,0.5,0.0,0.9,0.05,0.0,0.025,0.0,0.0,0.025
"[[1, 0], [1, 1]]","[[(0, 1), (0, 1)], [(1, 0), (0, 1)]]",40,1600,1.0,0.01,0.01,0.0,0.4,0.0,0.0,emotion,5,1,1.0,400,0.0,1.0,0.0,0.5,6.285,0.121,0.4,0.0,0.975,0.0,0.0,0.025,0.0,0.0,0.0
"[[1, 0], [1, 1]]","[[(0, 1), (0, 1)], [(1, 0), (0, 1)]]",40,1600,1.0,0.01,0.01,0.0,0.4,0.0,0.0,emotion,5,1,1.0,400,0.0,1.0,0.0,0.5,6.671,0.177,0.55,0.0,0.925,0.075,0.0,0.0,0.0,0.0,0.0
"[[1, 0], [1, 1]]","[[(0, 1), (0, 1)], [(1, 0), (0, 1)]]",40,1600,1.0,0.01,0.01,0.0,0.4,0.0,0.0,emotion,5,1,1.0,400,0.0,1.0,0.0,0.5,6.183,0.251,0.6,0.0,0.825,0.075,0.0,0.075,0.0,0.0,0.025
"[[1, 0], [1, 1]]","[[(0, 1), (0, 1)], [(1, 0), (0, 1)]]",40,1600,1.0,0.01,0.01,0.0,0.4,0.0,0.0,emotion,5,1,1.0,400,0.0,1.0,0.0,0.5,15.946,0.198,0.45,0.0,0.9,0.05,0.0,0.0,0.0,0.05,0.0
"[[1, 0], [1, 1]]","[[(0, 1), (0, 1)], [(1, 0), (0, 1)]]",40,1600,1.0,0.01,0.01,0.0,0.4,0.0,0.0,emotion,5,1,1.0,400,0.0,1.0,0.0,0.5,62.822,0.9,1.0,0.0,0.0,0.0,0.975,0.0,0.0,0.025,0.0
"[[1, 0], [1, 1]]","[[(0, 1), (0, 1)], [(1, 0), (0, 1)]]",40,1600,1.0,0.01,0.01,0.0,0.4,0.0,0.0,emotion,5,1,1.0,400,0.0,1.0,0.0,0.5,65.478,0.931,1.0,0.0,0.0,0.0,1.0,0.0,0.0,0.0,0.0
"[[1, 0], [1, 1]]","[[(0, 1), (0, 1)], [(1, 0), (0, 1)]]",40,1600,1.0,0.01,0.01,0.0,0.4,0.0,0.0,emotion,5,1,1.0,400,0.0,1.0,0.0,0.5,86.645,0.92,0.95,0.025,0.0,0.0,0.95,0.025,0.0,0.0,0.0
"[[1, 0], [1, 1]]","[[(0, 1), (0, 1)], [(1, 0), (0, 1)]]",40,1600,1.0,0.01,0.01,0.0,0.4,0.0,0.0,emotion,5,1,1.0,400,0.0,1.0,0.0,0.5,80.997,0.691,0.875,0.075,0.0,0.0,0.775,0.075,0.0,0.075,0.0
"[[1, 0], [1, 1]]","[[(0, 1), (0, 1)], [(1, 0), (0, 1)]]",40,1600,1.0,0.01,0.01,0.0,0.4,0.0,0.0,emotion,5,1,1.0,400,0.0,1.0,0.0,0.5,81.881,0.749,0.925,0.025,0.0,0.0,0.875,0.0,0.025,0.075,0.0
"[[1, 0], [1, 1]]","[[(0, 1), (0, 1)], [(1, 0), (0, 1)]]",40,1600,1.0,0.01,0.01,0.0,0.4,0.0,0.0,emotion,5,1,1.0,400,0.0,1.0,0.0,0.5,88.033,0.848,0.975,0.0,0.0,0.0,0.95,0.025,0.0,0.025,0.0
"[[1, 0], [1, 1]]","[[(0, 1), (0, 1)], [(1, 0), (0, 1)]]",40,1600,1.0,0.01,0.01,0.0,0.4,0.0,0.0,emotion,5,1,1.0,400,0.0,1.0,0.0,0.5,88.172,0.787,0.975,0.0,0.0,0.0,0.975,0.0,0.0,0.025,0.0
"[[1, 0], [1, 1]]","[[(0, 1), (0, 1)], [(1, 0), (0, 1)]]",40,1600,1.0,0.01,0.01,0.0,0.4,0.0,0.0,emotion,5,1,1.0,400,0.0,1.0,0.0,0.5,88.314,0.821,0.925,0.0,0.0,0.0,0.975,0.025,0.0,0.0,0.0
"[[1, 0], [1, 1]]","[[(0, 1), (0, 1)], [(1, 0), (0, 1)]]",40,1600,1.0,0.01,0.01,0.0,0.4,0.0,0.0,emotion,5,1,1.0,400,0.0,1.0,0.0,0.5,74.299,0.134,0.4,0.0,0.975,0.0,0.0,0.0,0.0,0.025,0.0
"[[1, 0], [1, 1]]","[[(0, 1), (0, 1)], [(1, 0), (0, 1)]]",40,1600,1.0,0.01,0.01,0.0,0.4,0.0,0.0,emotion,5,1,1.0,400,0.0,1.0,0.0,0.5,88.211,0.912,1.0,0.0,0.0,0.0,1.0,0.0,0.0,0.0,0.0
"[[1, 0], [1, 1]]","[[(0, 1), (0, 1)], [(1, 0), (0, 1)]]",40,1600,1.0,0.01,0.01,0.0,0.4,0.0,0.0,emotion,5,1,1.0,400,0.0,1.0,0.0,0.5,88.458,0.823,0.95,0.05,0.0,0.0,0.925,0.0,0.0,0.025,0.0
"[[1, 0], [1, 1]]","[[(0, 1), (0, 1)], [(1, 0), (0, 1)]]",40,1600,1.0,0.01,0.01,0.0,0.4,0.0,0.0,emotion,5,1,1.0,400,0.0,1.0,0.0,1.0,5.365,0.228,0.325,0.0,0.875,0.025,0.025,0.025,0.0,0.0,0.05
"[[1, 0], [1, 1]]","[[(0, 1), (0, 1)], [(1, 0), (0, 1)]]",40,1600,1.0,0.01,0.01,0.0,0.4,0.0,0.0,emotion,5,1,1.0,400,0.0,1.0,0.0,1.0,5.772,0.153,0.45,0.0,0.95,0.025,0.0,0.025,0.0,0.0,0.0
"[[1, 0], [1, 1]]","[[(0, 1), (0, 1)], [(1, 0), (0, 1)]]",40,1600,1.0,0.01,0.01,0.0,0.4,0.0,0.0,emotion,5,1,1.0,400,0.0,1.0,0.0,1.0,5.811,0.214,0.225,0.0,0.95,0.05,0.0,0.0,0.0,0.0,0.0
"[[1, 0], [1, 1]]","[[(0, 1), (0, 1)], [(1, 0), (0, 1)]]",40,1600,1.0,0.01,0.01,0.0,0.4,0.0,0.0,emotion,5,1,1.0,400,0.0,1.0,0.0,1.0,5.701,0.319,0.775,0.0,0.9,0.025,0.0,0.05,0.0,0.0,0.025
"[[1, 0], [1, 1]]","[[(0, 1), (0, 1)], [(1, 0), (0, 1)]]",40,1600,1.0,0.01,0.01,0.0,0.4,0.0,0.0,emotion,5,1,1.0,400,0.0,1.0,0.0,1.0,6.381,0.178,0.625,0.0,1.0,0.0,0.0,0.0,0.0,0.0,0.0
"[[1, 0], [1, 1]]","[[(0, 1), (0, 1)], [(1, 0), (0, 1)]]",40,1600,1.0,0.01,0.01,0.0,0.4,0.0,0.0,emotion,5,1,1.0,400,0.0,1.0,0.0,1.0,5.366,0.268,0.5,0.0,0.775,0.2,0.0,0.025,0.0,0.0,0.0
"[[1, 0], [1, 1]]","[[(0, 1), (0, 1)], [(1, 0), (0, 1)]]",40,1600,1.0,0.01,0.01,0.0,0.4,0.0,0.0,emotion,5,1,1.0,400,0.0,1.0,0.0,1.0,5.381,0.329,0.675,0.0,0.75,0.25,0.0,0.0,0.0,0.0,0.0
"[[1, 0], [1, 1]]","[[(0, 1), (0, 1)], [(1, 0), (0, 1)]]",40,1600,1.0,0.01,0.01,0.0,0.4,0.0,0.0,emotion,5,1,1.0,400,0.0,1.0,0.0,1.0,5.757,0.395,0.7,0.0,0.9,0.1,0.0,0.0,0.0,0.0,0.0
"[[1, 0], [1, 1]]","[[(0, 1), (0, 1)], [(1, 0), (0, 1)]]",40,1600,1.0,0.01,0.01,0.0,0.4,0.0,0.0,emotion,5,1,1.0,400,0.0,1.0,0.0,1.0,5.961,0.205,0.325,0.0,0.95,0.025,0.0,0.0,0.0,0.025,0.0
"[[1, 0], [1, 1]]","[[(0, 1), (0, 1)], [(1, 0), (0, 1)]]",40,1600,1.0,0.01,0.01,0.0,0.4,0.0,0.0,emotion,5,1,1.0,400,0.0,1.0,0.0,1.0,6.01,0.249,0.675,0.0,0.85,0.025,0.0,0.075,0.0,0.025,0.025
"[[1, 0], [1, 1]]","[[(0, 1), (0, 1)], [(1, 0), (0, 1)]]",40,1600,1.0,0.01,0.01,0.0,0.4,0.0,0.0,emotion,5,1,1.0,400,0.0,1.0,0.0,1.0,5.812,0.379,0.725,0.0,0.6,0.1,0.0,0.275,0.0,0.025,0.0
"[[1, 0], [1, 1]]","[[(0, 1), (0, 1)], [(1, 0), (0, 1)]]",40,1600,1.0,0.01,0.01,0.0,0.4,0.0,0.0,emotion,5,1,1.0,400,0.0,1.0,0.0,1.0,28.131,0.309,0.825,0.925,0.0,0.0,0.0,0.0,0.0,0.0,0.075
"[[1, 0], [1, 1]]","[[(0, 1), (0, 1)], [(1, 0), (0, 1)]]",40,1600,1.0,0.01,0.01,0.0,0.4,0.0,0.0,emotion,5,1,1.0,400,0.0,1.0,0.0,1.0,26.418,0.292,0.45,0.0,0.9,0.0,0.0,0.05,0.0,0.05,0.0
"[[1, 0], [1, 1]]","[[(0, 1), (0, 1)], [(1, 0), (0, 1)]]",40,1600,1.0,0.01,0.01,0.0,0.4,0.0,0.0,emotion,5,1,1.0,400,0.0,1.0,0.0,1.0,29.817,0.169,0.65,0.975,0.0,0.0,0.0,0.0,0.025,0.0,0.0
"[[1, 0], [1, 1]]","[[(0, 1), (0, 1)], [(1, 0), (0, 1)]]",40,1600,1.0,0.01,0.01,0.0,0.4,0.0,0.0,emotion,5,1,1.0,400,0.0,1.0,0.0,1.0,51.344,0.887,0.975,0.0,0.0,0.0,0.975,0.0,0.0,0.025,0.0
"[[1, 0], [1, 1]]","[[(0, 1), (0, 1)], [(1, 0), (0, 1)]]",40,1600,1.0,0.01,0.01,0.0,0.4,0.0,0.0,emotion,5,1,1.0,400,0.0,1.0,0.0,1.0,57.463,0.161,0.65,0.95,0.0,0.0,0.025,0.0,0.025,0.0,0.0
"[[1, 0], [1, 1]]","[[(0, 1), (0, 1)], [(1, 0), (0, 1)]]",40,1600,1.0,0.01,0.01,0.0,0.4,0.0,0.0,emotion,5,1,1.0,400,0.0,1.0,0.0,1.0,35.052,0.23,0.725,0.0,0.8,0.0,0.0,0.175,0.0,0.0,0.025
"[[1, 0], [1, 1]]","[[(0, 1), (0, 1)], [(1, 0), (0, 1)]]",40,1600,1.0,0.01,0.01,0.0,0.4,0.0,0.0,emotion,5,1,1.0,400,0.0,1.0,0.0,1.0,60.407,0.984,0.975,0.025,0.0,0.0,0.975,0.0,0.0,0.0,0.0
"[[1, 0], [1, 1]]","[[(0, 1), (0, 1)], [(1, 0), (0, 1)]]",40,1600,1.0,0.01,0.01,0.0,0.4,0.0,0.0,emotion,5,1,1.0,400,0.0,1.0,0.0,1.0,48.588,0.235,0.5,0.0,0.75,0.225,0.0,0.025,0.0,0.0,0.0
"[[1, 0], [1, 1]]","[[(0, 1), (0, 1)], [(1, 0), (0, 1)]]",40,1600,1.0,0.01,0.01,0.0,0.4,0.0,0.0,emotion,5,1,1.0,400,0.0,1.0,0.0,1.0,65.242,0.206,0.275,0.0,0.95,0.025,0.0,0.0,0.0,0.025,0.0
"[[1, 0], [1, 1]]","[[(0, 1), (0, 1)], [(1, 0), (0, 1)]]",40,1600,1.0,0.01,0.01,0.0,0.6,0.0,0.0,emotion,5,1,1.0,400,0.0,1.0,0.0,0.5,6.857,0.241,0.575,0.0,0.8,0.025,0.075,0.075,0.0,0.025,0.0
"[[1, 0], [1, 1]]","[[(0, 1), (0, 1)], [(1, 0), (0, 1)]]",40,1600,1.0,0.01,0.01,0.0,0.6,0.0,0.0,emotion,5,1,1.0,400,0.0,1.0,0.0,0.5,6.617,0.2,0.375,0.0,1.0,0.0,0.0,0.0,0.0,0.0,0.0
"[[1, 0], [1, 1]]","[[(0, 1), (0, 1)], [(1, 0), (0, 1)]]",40,1600,1.0,0.01,0.01,0.0,0.6,0.0,0.0,emotion,5,1,1.0,400,0.0,1.0,0.0,0.5,6.052,0.156,0.375,0.0,0.975,0.0,0.0,0.025,0.0,0.0,0.0
"[[1, 0], [1, 1]]","[[(0, 1), (0, 1)], [(1, 0), (0, 1)]]",40,1600,1.0,0.01,0.01,0.0,0.6,0.0,0.0,emotion,5,1,1.0,400,0.0,1.0,0.0,0.5,6.154,0.169,0.4,0.0,0.95,0.025,0.0,0.025,0.0,0.0,0.0
"[[1, 0], [1, 1]]","[[(0, 1), (0, 1)], [(1, 0), (0, 1)]]",40,1600,1.0,0.01,0.01,0.0,0.6,0.0,0.0,emotion,5,1,1.0,400,0.0,1.0,0.0,0.5,6.347,0.214,0.425,0.0,0.9,0.05,0.0,0.05,0.0,0.0,0.0
"[[1, 0], [1, 1]]","[[(0, 1), (0, 1)], [(1, 0), (0, 1)]]",40,1600,1.0,0.01,0.01,0.0,0.6,0.0,0.0,emotion,5,1,1.0,400,0.0,1.0,0.0,0.5,5.656,0.16,0.6,0.0,1.0,0.0,0.0,0.0,0.0,0.0,0.0
"[[1, 0], [1, 1]]","[[(0, 1), (0, 1)], [(1, 0), (0, 1)]]",40,1600,1.0,0.01,0.01,0.0,0.6,0.0,0.0,emotion,5,1,1.0,400,0.0,1.0,0.0,0.5,6.272,0.164,0.425,0.0,1.0,0.0,0.0,0.0,0.0,0.0,0.0
"[[1, 0], [1, 1]]","[[(0, 1), (0, 1)], [(1, 0), (0, 1)]]",40,1600,1.0,0.01,0.01,0.0,0.6,0.0,0.0,emotion,5,1,1.0,400,0.0,1.0,0.0,0.5,6.391,0.175,0.35,0.0,0.975,0.0,0.0,0.025,0.0,0.0,0.0
"[[1, 0], [1, 1]]","[[(0, 1), (0, 1)], [(1, 0), (0, 1)]]",40,1600,1.0,0.01,0.01,0.0,0.6,0.0,0.0,emotion,5,1,1.0,400,0.0,1.0,0.0,0.5,6.642,0.204,0.325,0.0,0.95,0.0,0.0,0.05,0.0,0.0,0.0
"[[1, 0], [1, 1]]","[[(0, 1), (0, 1)], [(1, 0), (0, 1)]]",40,1600,1.0,0.01,0.01,0.0,0.6,0.0,0.0,emotion,5,1,1.0,400,0.0,1.0,0.0,0.5,5.551,0.208,0.475,0.0,0.875,0.1,0.0,0.0,0.0,0.0,0.025
"[[1, 0], [1, 1]]","[[(0, 1), (0, 1)], [(1, 0), (0, 1)]]",40,1600,1.0,0.01,0.01,0.0,0.6,0.0,0.0,emotion,5,1,1.0,400,0.0,1.0,0.0,0.5,6.539,0.159,0.475,0.0,0.925,0.0,0.0,0.05,0.0,0.025,0.0
"[[1, 0], [1, 1]]","[[(0, 1), (0, 1)], [(1, 0), (0, 1)]]",40,1600,1.0,0.01,0.01,0.0,0.6,0.0,0.0,emotion,5,1,1.0,400,0.0,1.0,0.0,0.5,5.878,0.144,0.475,0.0,0.975,0.025,0.0,0.0,0.0,0.0,0.0
"[[1, 0], [1, 1]]","[[(0, 1), (0, 1)], [(1, 0), (0, 1)]]",40,1600,1.0,0.01,0.01,0.0,0.6,0.0,0.0,emotion,5,1,1.0,400,0.0,1.0,0.0,0.5,46.296,0.906,1.0,0.0,0.0,0.0,1.0,0.0,0.0,0.0,0.0
"[[1, 0], [1, 1]]","[[(0, 1), (0, 1)], [(1, 0), (0, 1)]]",40,1600,1.0,0.01,0.01,0.0,0.6,0.0,0.0,emotion,5,1,1.0,400,0.0,1.0,0.0,0.5,57.415,0.921,0.975,0.0,0.0,0.0,0.975,0.025,0.0,0.0,0.0
"[[1, 0], [1, 1]]","[[(0, 1), (0, 1)], [(1, 0), (0, 1)]]",40,1600,1.0,0.01,0.01,0.0,0.6,0.0,0.0,emotion,5,1,1.0,400,0.0,1.0,0.0,0.5,84.014,0.95,0.975,0.0,0.0,0.0,0.975,0.025,0.0,0.0,0.0
"[[1, 0], [1, 1]]","[[(0, 1), (0, 1)], [(1, 0), (0, 1)]]",40,1600,1.0,0.01,0.01,0.0,0.6,0.0,0.0,emotion,5,1,1.0,400,0.0,1.0,0.0,0.5,89.332,0.945,0.95,0.025,0.0,0.0,0.95,0.025,0.0,0.0,0.0
"[[1, 0], [1, 1]]","[[(0, 1), (0, 1)], [(1, 0), (0, 1)]]",40,1600,1.0,0.01,0.01,0.0,0.6,0.0,0.0,emotion,5,1,1.0,400,0.0,1.0,0.0,0.5,89.328,0.92,0.975,0.025,0.0,0.0,0.925,0.0,0.0,0.05,0.0
"[[1, 0], [1, 1]]","[[(0, 1), (0, 1)], [(1, 0), (0, 1)]]",40,1600,1.0,0.01,0.01,0.0,0.6,0.0,0.0,emotion,5,1,1.0,400,0.0,1.0,0.0,0.5,78.698,0.176,0.625,0.0,0.9,0.025,0.0,0.05,0.0,0.025,0.0
"[[1, 0], [1, 1]]","[[(0, 1), (0, 1)], [(1, 0), (0, 1)]]",40,1600,1.0,0.01,0.01,0.0,0.6,0.0,0.0,emotion,5,1,1.0,400,0.0,1.0,0.0,0.5,89.506,0.918,0.975,0.025,0.0,0.0,0.975,0.0,0.0,0.0,0.0
"[[1, 0], [1, 1]]","[[(0, 1), (0, 1)], [(1, 0), (0, 1)]]",40,1600,1.0,0.01,0.01,0.0,0.6,0.0,0.0,emotion,5,1,1.0,400,0.0,1.0,0.0,0.5,89.141,0.935,1.0,0.0,0.0,0.0,1.0,0.0,0.0,0.0,0.0
"[[1, 0], [1, 1]]","[[(0, 1), (0, 1)], [(1, 0), (0, 1)]]",40,1600,1.0,0.01,0.01,0.0,0.6,0.0,0.0,emotion,5,1,1.0,400,0.0,1.0,0.0,1.0,5.683,0.173,0.325,0.0,1.0,0.0,0.0,0.0,0.0,0.0,0.0
"[[1, 0], [1, 1]]","[[(0, 1), (0, 1)], [(1, 0), (0, 1)]]",40,1600,1.0,0.01,0.01,0.0,0.6,0.0,0.0,emotion,5,1,1.0,400,0.0,1.0,0.0,1.0,5.631,0.224,0.5,0.0,0.975,0.0,0.0,0.0,0.0,0.025,0.0
"[[1, 0], [1, 1]]","[[(0, 1), (0, 1)], [(1, 0), (0, 1)]]",40,1600,1.0,0.01,0.01,0.0,0.6,0.0,0.0,emotion,5,1,1.0,400,0.0,1.0,0.0,1.0,6.136,0.181,0.625,0.0,1.0,0.0,0.0,0.0,0.0,0.0,0.0
"[[1, 0], [1, 1]]","[[(0, 1), (0, 1)], [(1, 0), (0, 1)]]",40,1600,1.0,0.01,0.01,0.0,0.6,0.0,0.0,emotion,5,1,1.0,400,0.0,1.0,0.0,1.0,6.261,0.159,0.5,0.0,0.975,0.025,0.0,0.0,0.0,0.0,0.0
"[[1, 0], [1, 1]]","[[(0, 1), (0, 1)], [(1, 0), (0, 1)]]",40,1600,1.0,0.01,0.01,0.0,0.6,0.0,0.0,emotion,5,1,1.0,400,0.0,1.0,0.0,1.0,6.291,0.239,0.6,0.925,0.0,0.0,0.05,0.025,0.0,0.0,0.0
"[[1, 0], [1, 1]]","[[(0, 1), (0, 1)], [(1, 0), (0, 1)]]",40,1600,1.0,0.01,0.01,0.0,0.6,0.0,0.0,emotion,5,1,1.0,400,0.0,1.0,0.0,1.0,6.032,0.224,0.35,0.0,0.825,0.0,0.0,0.15,0.0,0.025,0.0
"[[1, 0], [1, 1]]","[[(0, 1), (0, 1)], [(1, 0), (0, 1)]]",40,1600,1.0,0.01,0.01,0.0,0.6,0.0,0.0,emotion,5,1,1.0,400,0.0,1.0,0.0,1.0,6.029,0.145,0.425,0.0,1.0,0.0,0.0,0.0,0.0,0.0,0.0
"[[1, 0], [1, 1]]","[[(0, 1), (0, 1)], [(1, 0), (0, 1)]]",40,1600,1.0,0.01,0.01,0.0,0.6,0.0,0.0,emotion,5,1,1.0,400,0.0,1.0,0.0,1.0,6.232,0.229,0.4,0.0,0.925,0.075,0.0,0.0,0.0,0.0,0.0
"[[1, 0], [1, 1]]","[[(0, 1), (0, 1)], [(1, 0), (0, 1)]]",40,1600,1.0,0.01,0.01,0.0,0.6,0.0,0.0,emotion,5,1,1.0,400,0.0,1.0,0.0,1.0,6.331,0.279,0.4,0.0,0.9,0.025,0.0,0.05,0.0,0.0,0.025
"[[1, 0], [1, 1]]","[[(0, 1), (0, 1)], [(1, 0), (0, 1)]]",40,1600,1.0,0.01,0.01,0.0,0.6,0.0,0.0,emotion,5,1,1.0,400,0.0,1.0,0.0,1.0,5.873,0.381,0.45,0.0,0.8,0.175,0.025,0.0,0.0,0.0,0.0
"[[1, 0], [1, 1]]","[[(0, 1), (0, 1)], [(1, 0), (0, 1)]]",40,1600,1.0,0.01,0.01,0.0,0.6,0.0,0.0,emotion,5,1,1.0,400,0.0,1.0,0.0,1.0,16.835,0.161,0.675,0.95,0.0,0.0,0.025,0.0,0.025,0.0,0.0
"[[1, 0], [1, 1]]","[[(0, 1), (0, 1)], [(1, 0), (0, 1)]]",40,1600,1.0,0.01,0.01,0.0,0.6,0.0,0.0,emotion,5,1,1.0,400,0.0,1.0,0.0,1.0,42.798,0.129,0.4,1.0,0.0,0.0,0.0,0.0,0.0,0.0,0.0
"[[1, 0], [1, 1]]","[[(0, 1), (0, 1)], [(1, 0), (0, 1)]]",40,1600,1.0,0.01,0.01,0.0,0.6,0.0,0.0,emotion,5,1,1.0,400,0.0,1.0,0.0,1.0,41.579,0.926,0.975,0.0,0.0,0.0,1.0,0.0,0.0,0.0,0.0
"[[1, 0], [1, 1]]","[[(0, 1), (0, 1)], [(1, 0), (0, 1)]]",40,1600,1.0,0.01,0.01,0.0,0.6,0.0,0.0,emotion,5,1,1.0,400,0.0,1.0,0.0,1.0,47.133,0.997,0.975,0.025,0.0,0.0,0.975,0.0,0.0,0.0,0.0
"[[1, 0], [1, 1]]","[[(0, 1), (0, 1)], [(1, 0), (0, 1)]]",40,1600,1.0,0.01,0.01,0.0,0.6,0.0,0.0,emotion,5,1,1.0,400,0.0,1.0,0.0,1.0,47.383,0.797,0.975,0.0,0.0,0.0,0.975,0.0,0.0,0.025,0.0
"[[1, 0], [1, 1]]","[[(0, 1), (0, 1)], [(1, 0), (0, 1)]]",40,1600,1.0,0.01,0.01,0.0,0.6,0.0,0.0,emotion,5,1,1.0,400,0.0,1.0,0.0,1.0,78.566,0.978,0.975,0.0,0.075,0.0,0.9,0.0,0.0,0.025,0.0
"[[1, 0], [1, 1]]","[[(0, 1), (0, 1)], [(1, 0), (0, 1)]]",40,1600,1.0,0.01,0.01,0.0,0.6,0.0,0.0,emotion,5,1,1.0,400,0.0,1.0,0.0,1.0,51.83,0.974,1.0,0.0,0.0,0.0,1.0,0.0,0.0,0.0,0.0
"[[1, 0], [1, 1]]","[[(0, 1), (0, 1)], [(1, 0), (0, 1)]]",40,1600,1.0,0.01,0.01,0.0,0.6,0.0,0.0,emotion,5,1,1.0,400,0.0,1.0,0.0,1.0,82.782,0.993,0.95,0.025,0.0,0.0,0.95,0.025,0.0,0.0,0.0
"[[1, 0], [1, 1]]","[[(0, 1), (0, 1)], [(1, 0), (0, 1)]]",40,1600,1.0,0.01,0.01,0.0,0.6,0.0,0.0,emotion,5,1,1.0,400,0.0,1.0,0.0,1.0,74.452,0.984,1.0,0.0,0.0,0.0,1.0,0.0,0.0,0.0,0.0
"[[1, 0], [1, 1]]","[[(0, 1), (0, 1)], [(1, 0), (0, 1)]]",40,1600,1.0,0.01,0.01,0.0,0.6,0.0,0.0,emotion,5,1,1.0,400,0.0,1.0,0.0,1.0,63.551,0.328,0.525,0.0,0.9,0.0,0.0,0.1,0.0,0.0,0.0
"[[1, 0], [1, 1]]","[[(0, 1), (0, 1)], [(1, 0), (0, 1)]]",40,1600,1.0,0.01,0.01,0.0,0.8,0.0,0.0,emotion,5,1,1.0,400,0.0,1.0,0.0,0.5,6.03,0.159,0.5,0.0,0.975,0.0,0.0,0.0,0.0,0.025,0.0
"[[1, 0], [1, 1]]","[[(0, 1), (0, 1)], [(1, 0), (0, 1)]]",40,1600,1.0,0.01,0.01,0.0,0.8,0.0,0.0,emotion,5,1,1.0,400,0.0,1.0,0.0,0.5,6.783,0.29,0.55,0.0,0.825,0.0,0.0,0.05,0.0,0.125,0.0
"[[1, 0], [1, 1]]","[[(0, 1), (0, 1)], [(1, 0), (0, 1)]]",40,1600,1.0,0.01,0.01,0.0,0.8,0.0,0.0,emotion,5,1,1.0,400,0.0,1.0,0.0,0.5,5.784,0.361,0.75,0.9,0.0,0.0,0.05,0.0,0.05,0.0,0.0
"[[1, 0], [1, 1]]","[[(0, 1), (0, 1)], [(1, 0), (0, 1)]]",40,1600,1.0,0.01,0.01,0.0,0.8,0.0,0.0,emotion,5,1,1.0,400,0.0,1.0,0.0,0.5,6.501,0.404,0.55,0.0,0.775,0.05,0.15,0.0,0.0,0.025,0.0
"[[1, 0], [1, 1]]","[[(0, 1), (0, 1)], [(1, 0), (0, 1)]]",40,1600,1.0,0.01,0.01,0.0,0.8,0.0,0.0,emotion,5,1,1.0,400,0.0,1.0,0.0,0.5,6.111,0.166,0.4,0.0,1.0,0.0,0.0,0.0,0.0,0.0,0.0
"[[1, 0], [1, 1]]","[[(0, 1), (0, 1)], [(1, 0), (0, 1)]]",40,1600,1.0,0.01,0.01,0.0,0.8,0.0,0.0,emotion,5,1,1.0,400,0.0,1.0,0.0,0.5,6.274,0.16,0.6,0.0,0.975,0.025,0.0,0.0,0.0,0.0,0.0
"[[1, 0], [1, 1]]","[[(0, 1), (0, 1)], [(1, 0), (0, 1)]]",40,1600,1.0,0.01,0.01,0.0,0.8,0.0,0.0,emotion,5,1,1.0,400,0.0,1.0,0.0,0.5,6.393,0.33,0.45,0.0,0.95,0.0,0.0,0.025,0.0,0.025,0.0
"[[1, 0], [1, 1]]","[[(0, 1), (0, 1)], [(1, 0), (0, 1)]]",40,1600,1.0,0.01,0.01,0.0,0.8,0.0,0.0,emotion,5,1,1.0,400,0.0,1.0,0.0,0.5,6.107,0.178,0.5,0.0,0.975,0.0,0.0,0.025,0.0,0.0,0.0
"[[1, 0], [1, 1]]","[[(0, 1), (0, 1)], [(1, 0), (0, 1)]]",40,1600,1.0,0.01,0.01,0.0,0.8,0.0,0.0,emotion,5,1,1.0,400,0.0,1.0,0.0,0.5,16.139,0.191,0.275,0.0,0.975,0.025,0.0,0.0,0.0,0.0,0.0
"[[1, 0], [1, 1]]","[[(0, 1), (0, 1)], [(1, 0), (0, 1)]]",40,1600,1.0,0.01,0.01,0.0,0.8,0.0,0.0,emotion,5,1,1.0,400,0.0,1.0,0.0,0.5,42.826,0.929,0.975,0.0,0.0,0.0,1.0,0.0,0.0,0.0,0.0
"[[1, 0], [1, 1]]","[[(0, 1), (0, 1)], [(1, 0), (0, 1)]]",40,1600,1.0,0.01,0.01,0.0,0.8,0.0,0.0,emotion,5,1,1.0,400,0.0,1.0,0.0,0.5,36.168,0.202,0.4,0.0,0.925,0.0,0.0,0.05,0.0,0.025,0.0
"[[1, 0], [1, 1]]","[[(0, 1), (0, 1)], [(1, 0), (0, 1)]]",40,1600,1.0,0.01,0.01,0.0,0.8,0.0,0.0,emotion,5,1,1.0,400,0.0,1.0,0.0,0.5,90.409,0.906,0.975,0.0,0.0,0.0,1.0,0.0,0.0,0.0,0.0
"[[1, 0], [1, 1]]","[[(0, 1), (0, 1)], [(1, 0), (0, 1)]]",40,1600,1.0,0.01,0.01,0.0,0.8,0.0,0.0,emotion,5,1,1.0,400,0.0,1.0,0.0,0.5,83.275,0.914,1.0,0.0,0.0,0.0,1.0,0.0,0.0,0.0,0.0
"[[1, 0], [1, 1]]","[[(0, 1), (0, 1)], [(1, 0), (0, 1)]]",40,1600,1.0,0.01,0.01,0.0,0.8,0.0,0.0,emotion,5,1,1.0,400,0.0,1.0,0.0,0.5,74.437,0.865,0.95,0.0,0.0,0.0,0.975,0.025,0.0,0.0,0.0
"[[1, 0], [1, 1]]","[[(0, 1), (0, 1)], [(1, 0), (0, 1)]]",40,1600,1.0,0.01,0.01,0.0,0.8,0.0,0.0,emotion,5,1,1.0,400,0.0,1.0,0.0,0.5,90.564,0.853,0.95,0.025,0.0,0.0,0.95,0.0,0.0,0.025,0.0
"[[1, 0], [1, 1]]","[[(0, 1), (0, 1)], [(1, 0), (0, 1)]]",40,1600,1.0,0.01,0.01,0.0,0.8,0.0,0.0,emotion,5,1,1.0,400,0.0,1.0,0.0,0.5,85.204,0.179,0.475,0.0,0.95,0.025,0.0,0.0,0.0,0.025,0.0
"[[1, 0], [1, 1]]","[[(0, 1), (0, 1)], [(1, 0), (0, 1)]]",40,1600,1.0,0.01,0.01,0.0,0.8,0.0,0.0,emotion,5,1,1.0,400,0.0,1.0,0.0,0.5,90.66,0.941,1.0,0.0,0.0,0.0,0.975,0.0,0.0,0.025,0.0
"[[1, 0], [1, 1]]","[[(0, 1), (0, 1)], [(1, 0), (0, 1)]]",40,1600,1.0,0.01,0.01,0.0,0.8,0.0,0.0,emotion,5,1,1.0,400,0.0,1.0,0.0,0.5,90.628,0.849,0.95,0.0,0.0,0.0,1.0,0.0,0.0,0.0,0.0
"[[1, 0], [1, 1]]","[[(0, 1), (0, 1)], [(1, 0), (0, 1)]]",40,1600,1.0,0.01,0.01,0.0,0.8,0.0,0.0,emotion,5,1,1.0,400,0.0,1.0,0.0,0.5,90.664,0.859,1.0,0.0,0.0,0.0,1.0,0.0,0.0,0.0,0.0
"[[1, 0], [1, 1]]","[[(0, 1), (0, 1)], [(1, 0), (0, 1)]]",40,1600,1.0,0.01,0.01,0.0,0.8,0.0,0.0,emotion,5,1,1.0,400,0.0,1.0,0.0,0.5,90.448,0.905,1.0,0.0,0.0,0.0,1.0,0.0,0.0,0.0,0.0
"[[1, 0], [1, 1]]","[[(0, 1), (0, 1)], [(1, 0), (0, 1)]]",40,1600,1.0,0.01,0.01,0.0,0.8,0.0,0.0,emotion,5,1,1.0,400,0.0,1.0,0.0,1.0,6.201,0.545,0.525,0.0,0.625,0.0,0.0,0.375,0.0,0.0,0.0
"[[1, 0], [1, 1]]","[[(0, 1), (0, 1)], [(1, 0), (0, 1)]]",40,1600,1.0,0.01,0.01,0.0,0.8,0.0,0.0,emotion,5,1,1.0,400,0.0,1.0,0.0,1.0,5.676,0.39,0.6,0.0,0.95,0.0,0.0,0.05,0.0,0.0,0.0
"[[1, 0], [1, 1]]","[[(0, 1), (0, 1)], [(1, 0), (0, 1)]]",40,1600,1.0,0.01,0.01,0.0,0.8,0.0,0.0,emotion,5,1,1.0,400,0.0,1.0,0.0,1.0,6.301,0.669,0.75,0.0,0.8,0.0,0.0,0.15,0.0,0.05,0.0
"[[1, 0], [1, 1]]","[[(0, 1), (0, 1)], [(1, 0), (0, 1)]]",40,1600,1.0,0.01,0.01,0.0,0.8,0.0,0.0,emotion,5,1,1.0,400,0.0,1.0,0.0,1.0,5.985,0.138,0.35,0.0,1.0,0.0,0.0,0.0,0.0,0.0,0.0
"[[1, 0], [1, 1]]","[[(0, 1), (0, 1)], [(1, 0), (0, 1)]]",40,1600,1.0,0.01,0.01,0.0,0.8,0.0,0.0,emotion,5,1,1.0,400,0.0,1.0,0.0,1.0,6.359,0.362,0.3,0.0,0.875,0.025,0.0,0.05,0.0,0.05,0.0
"[[1, 0], [1, 1]]","[[(0, 1), (0, 1)], [(1, 0), (0, 1)]]",40,1600,1.0,0.01,0.01,0.0,0.8,0.0,0.0,emotion,5,1,1.0,400,0.0,1.0,0.0,1.0,5.936,0.65,0.425,0.0,0.825,0.125,0.0,0.05,0.0,0.0,0.0
"[[1, 0], [1, 1]]","[[(0, 1), (0, 1)], [(1, 0), (0, 1)]]",40,1600,1.0,0.01,0.01,0.0,0.8,0.0,0.0,emotion,5,1,1.0,400,0.0,1.0,0.0,1.0,6.374,0.507,0.625,0.0,0.925,0.0,0.0,0.075,0.0,0.0,0.0
"[[1, 0], [1, 1]]","[[(0, 1), (0, 1)], [(1, 0), (0, 1)]]",40,1600,1.0,0.01,0.01,0.0,0.8,0.0,0.0,emotion,5,1,1.0,400,0.0,1.0,0.0,1.0,5.855,0.146,0.35,0.0,1.0,0.0,0.0,0.0,0.0,0.0,0.0
"[[1, 0], [1, 1]]","[[(0, 1), (0, 1)], [(1, 0), (0, 1)]]",40,1600,1.0,0.01,0.01,0.0,0.8,0.0,0.0,emotion,5,1,1.0,400,0.0,1.0,0.0,1.0,5.825,0.211,0.45,0.0,0.9,0.075,0.0,0.025,0.0,0.0,0.0
"[[1, 0], [1, 1]]","[[(0, 1), (0, 1)], [(1, 0), (0, 1)]]",40,1600,1.0,0.01,0.01,0.0,0.8,0.0,0.0,emotion,5,1,1.0,400,0.0,1.0,0.0,1.0,5.435,0.383,0.55,0.0,0.875,0.125,0.0,0.0,0.0,0.0,0.0
"[[1, 0], [1, 1]]","[[(0, 1), (0, 1)], [(1, 0), (0, 1)]]",40,1600,1.0,0.01,0.01,0.0,0.8,0.0,0.0,emotion,5,1,1.0,400,0.0,1.0,0.0,1.0,21.428,0.316,0.3,0.0,0.9,0.0,0.0,0.1,0.0,0.0,0.0
"[[1, 0], [1, 1]]","[[(0, 1), (0, 1)], [(1, 0), (0, 1)]]",40,1600,1.0,0.01,0.01,0.0,0.8,0.0,0.0,emotion,5,1,1.0,400,0.0,1.0,0.0,1.0,19.709,0.986,0.975,0.025,0.0,0.0,0.975,0.0,0.0,0.0,0.0
"[[1, 0], [1, 1]]","[[(0, 1), (0, 1)], [(1, 0), (0, 1)]]",40,1600,1.0,0.01,0.01,0.0,0.8,0.0,0.0,emotion,5,1,1.0,400,0.0,1.0,0.0,1.0,65.205,0.985,0.975,0.025,0.0,0.0,0.975,0.0,0.0,0.0,0.0
"[[1, 0], [1, 1]]","[[(0, 1), (0, 1)], [(1, 0), (0, 1)]]",40,1600,1.0,0.01,0.01,0.0,0.8,0.0,0.0,emotion,5,1,1.0,400,0.0,1.0,0.0,1.0,91.609,0.959,0.975,0.0,0.0,0.0,0.975,0.0,0.0,0.025,0.0
"[[1, 0], [1, 1]]","[[(0, 1), (0, 1)], [(1, 0), (0, 1)]]",40,1600,1.0,0.01,0.01,0.0,0.8,0.0,0.0,emotion,5,1,1.0,400,0.0,1.0,0.0,1.0,92.581,0.97,0.975,0.0,0.0,0.0,0.975,0.0,0.0,0.025,0.0
"[[1, 0], [1, 1]]","[[(0, 1), (0, 1)], [(1, 0), (0, 1)]]",40,1600,1.0,0.01,0.01,0.0,0.8,0.0,0.0,emotion,5,1,1.0,400,0.0,1.0,0.0,1.0,93.287,0.996,1.0,0.0,0.0,0.0,1.0,0.0,0.0,0.0,0.0
"[[1, 0], [1, 1]]","[[(0, 1), (0, 1)], [(1, 0), (0, 1)]]",40,1600,1.0,0.01,0.01,0.0,0.8,0.0,0.0,emotion,5,1,1.0,400,0.0,1.0,0.0,1.0,93.106,0.963,1.0,0.0,0.0,0.0,0.975,0.0,0.0,0.025,0.0
"[[1, 0], [1, 1]]","[[(0, 1), (0, 1)], [(1, 0), (0, 1)]]",40,1600,1.0,0.01,0.01,0.0,0.8,0.0,0.0,emotion,5,1,1.0,400,0.0,1.0,0.0,1.0,92.941,1.0,1.0,0.0,0.0,0.0,1.0,0.0,0.0,0.0,0.0
"[[1, 0], [1, 1]]","[[(0, 1), (0, 1)], [(1, 0), (0, 1)]]",40,1600,1.0,0.01,0.01,0.0,0.8,0.0,0.0,emotion,5,1,1.0,400,0.0,1.0,0.0,1.0,93.249,0.982,1.0,0.0,0.0,0.0,1.0,0.0,0.0,0.0,0.0
"[[1, 0], [1, 1]]","[[(0, 1), (0, 1)], [(1, 0), (0, 1)]]",40,1600,1.0,0.01,0.01,0.0,0.8,0.0,0.0,emotion,5,1,1.0,400,0.0,1.0,0.0,1.0,92.974,0.966,0.95,0.025,0.0,0.0,0.925,0.0,0.025,0.025,0.0
"[[0, 0], [0, 1]]","[[(0, 1), (0, 0)], [(0, 1), (1, 1)]]",40,1600,1.0,0.01,0.01,0.0,0.4,0.0,0.0,emotion,5,1,1.0,400,0.0,1.0,0.0,0.5,5.47,0.765,0.0,0.0,0.475,0.425,0.0,0.0,0.0,0.0,0.1
"[[0, 0], [0, 1]]","[[(0, 1), (0, 0)], [(0, 1), (1, 1)]]",40,1600,1.0,0.01,0.01,0.0,0.4,0.0,0.0,emotion,5,1,1.0,400,0.0,1.0,0.0,0.5,4.763,0.966,0.0,0.0,0.975,0.025,0.0,0.0,0.0,0.0,0.0
"[[0, 0], [0, 1]]","[[(0, 1), (0, 0)], [(0, 1), (1, 1)]]",40,1600,1.0,0.01,0.01,0.0,0.4,0.0,0.0,emotion,5,1,1.0,400,0.0,1.0,0.0,0.5,4.903,0.955,0.0,0.0,0.825,0.15,0.0,0.0,0.0,0.025,0.0
"[[0, 0], [0, 1]]","[[(0, 1), (0, 0)], [(0, 1), (1, 1)]]",40,1600,1.0,0.01,0.01,0.0,0.4,0.0,0.0,emotion,5,1,1.0,400,0.0,1.0,0.0,0.5,7.845,0.364,0.275,0.0,0.0,0.0,0.8,0.05,0.0,0.025,0.125
"[[0, 0], [0, 1]]","[[(0, 1), (0, 0)], [(0, 1), (1, 1)]]",40,1600,1.0,0.01,0.01,0.0,0.4,0.0,0.0,emotion,5,1,1.0,400,0.0,1.0,0.0,0.5,5.316,0.841,0.0,0.0,0.725,0.125,0.0,0.1,0.05,0.0,0.0
"[[0, 0], [0, 1]]","[[(0, 1), (0, 0)], [(0, 1), (1, 1)]]",40,1600,1.0,0.01,0.01,0.0,0.4,0.0,0.0,emotion,5,1,1.0,400,0.0,1.0,0.0,0.5,5.331,0.984,0.0,0.0,0.725,0.25,0.0,0.025,0.0,0.0,0.0
"[[0, 0], [0, 1]]","[[(0, 1), (0, 0)], [(0, 1), (1, 1)]]",40,1600,1.0,0.01,0.01,0.0,0.4,0.0,0.0,emotion,5,1,1.0,400,0.0,1.0,0.0,0.5,9.507,0.957,0.0,0.0,0.5,0.5,0.0,0.0,0.0,0.0,0.0
"[[0, 0], [0, 1]]","[[(0, 1), (0, 0)], [(0, 1), (1, 1)]]",40,1600,1.0,0.01,0.01,0.0,0.4,0.0,0.0,emotion,5,1,1.0,400,0.0,1.0,0.0,0.5,8.101,0.785,0.0,0.075,0.0,0.0,0.775,0.075,0.0,0.075,0.0
"[[0, 0], [0, 1]]","[[(0, 1), (0, 0)], [(0, 1), (1, 1)]]",40,1600,1.0,0.01,0.01,0.0,0.4,0.0,0.0,emotion,5,1,1.0,400,0.0,1.0,0.0,0.5,5.61,0.997,0.0,0.0,0.95,0.05,0.0,0.0,0.0,0.0,0.0
"[[0, 0], [0, 1]]","[[(0, 1), (0, 0)], [(0, 1), (1, 1)]]",40,1600,1.0,0.01,0.01,0.0,0.4,0.0,0.0,emotion,5,1,1.0,400,0.0,1.0,0.0,0.5,7.249,0.997,0.0,0.75,0.0,0.0,0.225,0.0,0.025,0.0,0.0
"[[0, 0], [0, 1]]","[[(0, 1), (0, 0)], [(0, 1), (1, 1)]]",40,1600,1.0,0.01,0.01,0.0,0.4,0.0,0.0,emotion,5,1,1.0,400,0.0,1.0,0.0,0.5,10.832,0.979,0.0,0.025,0.0,0.0,0.975,0.0,0.0,0.0,0.0
"[[0, 0], [0, 1]]","[[(0, 1), (0, 0)], [(0, 1), (1, 1)]]",40,1600,1.0,0.01,0.01,0.0,0.4,0.0,0.0,emotion,5,1,1.0,400,0.0,1.0,0.0,0.5,5.535,1.0,0.0,0.0,0.95,0.0,0.0,0.0,0.0,0.05,0.0
"[[0, 0], [0, 1]]","[[(0, 1), (0, 0)], [(0, 1), (1, 1)]]",40,1600,1.0,0.01,0.01,0.0,0.4,0.0,0.0,emotion,5,1,1.0,400,0.0,1.0,0.0,0.5,6.652,0.995,0.0,0.0,0.85,0.125,0.0,0.025,0.0,0.0,0.0
"[[0, 0], [0, 1]]","[[(0, 1), (0, 0)], [(0, 1), (1, 1)]]",40,1600,1.0,0.01,0.01,0.0,0.4,0.0,0.0,emotion,5,1,1.0,400,0.0,1.0,0.0,0.5,8.081,0.991,0.0,0.125,0.2,0.0,0.675,0.0,0.0,0.0,0.0
"[[0, 0], [0, 1]]","[[(0, 1), (0, 0)], [(0, 1), (1, 1)]]",40,1600,1.0,0.01,0.01,0.0,0.4,0.0,0.0,emotion,5,1,1.0,400,0.0,1.0,0.0,0.5,8.067,0.981,0.0,0.0,0.525,0.45,0.0,0.0,0.0,0.025,0.0
"[[0, 0], [0, 1]]","[[(0, 1), (0, 0)], [(0, 1), (1, 1)]]",40,1600,1.0,0.01,0.01,0.0,0.4,0.0,0.0,emotion,5,1,1.0,400,0.0,1.0,0.0,0.5,9.115,1.0,0.0,0.825,0.0,0.0,0.175,0.0,0.0,0.0,0.0
"[[0, 0], [0, 1]]","[[(0, 1), (0, 0)], [(0, 1), (1, 1)]]",40,1600,1.0,0.01,0.01,0.0,0.4,0.0,0.0,emotion,5,1,1.0,400,0.0,1.0,0.0,0.5,9.662,0.954,0.0,0.125,0.0,0.0,0.825,0.0,0.025,0.0,0.025
"[[0, 0], [0, 1]]","[[(0, 1), (0, 0)], [(0, 1), (1, 1)]]",40,1600,1.0,0.01,0.01,0.0,0.4,0.0,0.0,emotion,5,1,1.0,400,0.0,1.0,0.0,0.5,9.16,0.99,0.0,0.425,0.0,0.0,0.575,0.0,0.0,0.0,0.0
"[[0, 0], [0, 1]]","[[(0, 1), (0, 0)], [(0, 1), (1, 1)]]",40,1600,1.0,0.01,0.01,0.0,0.4,0.0,0.0,emotion,5,1,1.0,400,0.0,1.0,0.0,0.5,5.224,0.971,0.0,0.0,0.75,0.15,0.0,0.075,0.0,0.0,0.025
"[[0, 0], [0, 1]]","[[(0, 1), (0, 0)], [(0, 1), (1, 1)]]",40,1600,1.0,0.01,0.01,0.0,0.4,0.0,0.0,emotion,5,1,1.0,400,0.0,1.0,0.0,0.5,4.805,0.897,0.0,0.0,0.5,0.375,0.0,0.0,0.025,0.1,0.0
"[[0, 0], [0, 1]]","[[(0, 1), (0, 0)], [(0, 1), (1, 1)]]",40,1600,1.0,0.01,0.01,0.0,0.4,0.0,0.0,emotion,5,1,1.0,400,0.0,1.0,0.0,1.0,5.49,0.989,0.0,0.0,0.725,0.225,0.0,0.025,0.0,0.025,0.0
"[[0, 0], [0, 1]]","[[(0, 1), (0, 0)], [(0, 1), (1, 1)]]",40,1600,1.0,0.01,0.01,0.0,0.4,0.0,0.0,emotion,5,1,1.0,400,0.0,1.0,0.0,1.0,5.489,0.99,0.0,0.0,0.975,0.0,0.0,0.0,0.0,0.025,0.0
"[[0, 0], [0, 1]]","[[(0, 1), (0, 0)], [(0, 1), (1, 1)]]",40,1600,1.0,0.01,0.01,0.0,0.4,0.0,0.0,emotion,5,1,1.0,400,0.0,1.0,0.0,1.0,5.751,0.98,0.0,0.0,0.775,0.225,0.0,0.0,0.0,0.0,0.0
"[[0, 0], [0, 1]]","[[(0, 1), (0, 0)], [(0, 1), (1, 1)]]",40,1600,1.0,0.01,0.01,0.0,0.4,0.0,0.0,emotion,5,1,1.0,400,0.0,1.0,0.0,1.0,16.45,0.705,0.9,0.0,0.0,0.0,0.925,0.0,0.0,0.075,0.0
"[[0, 0], [0, 1]]","[[(0, 1), (0, 0)], [(0, 1), (1, 1)]]",40,1600,1.0,0.01,0.01,0.0,0.4,0.0,0.0,emotion,5,1,1.0,400,0.0,1.0,0.0,1.0,17.767,0.831,1.0,0.0,0.0,0.0,1.0,0.0,0.0,0.0,0.0
"[[0, 0], [0, 1]]","[[(0, 1), (0, 0)], [(0, 1), (1, 1)]]",40,1600,1.0,0.01,0.01,0.0,0.4,0.0,0.0,emotion,5,1,1.0,400,0.0,1.0,0.0,1.0,37.454,0.832,0.0,0.0,0.425,0.2,0.3,0.0,0.075,0.0,0.0
"[[0, 0], [0, 1]]","[[(0, 1), (0, 0)], [(0, 1), (1, 1)]]",40,1600,1.0,0.01,0.01,0.0,0.4,0.0,0.0,emotion,5,1,1.0,400,0.0,1.0,0.0,1.0,37.817,0.74,0.925,0.0,0.0,0.0,0.925,0.075,0.0,0.0,0.0
"[[0, 0], [0, 1]]","[[(0, 1), (0, 0)], [(0, 1), (1, 1)]]",40,1600,1.0,0.01,0.01,0.0,0.4,0.0,0.0,emotion,5,1,1.0,400,0.0,1.0,0.0,1.0,42.4,0.721,0.075,0.0,0.8,0.175,0.0,0.025,0.0,0.0,0.0
"[[0, 0], [0, 1]]","[[(0, 1), (0, 0)], [(0, 1), (1, 1)]]",40,1600,1.0,0.01,0.01,0.0,0.4,0.0,0.0,emotion,5,1,1.0,400,0.0,1.0,0.0,1.0,39.525,0.861,0.95,0.025,0.0,0.0,0.9,0.0,0.0,0.075,0.0
"[[0, 0], [0, 1]]","[[(0, 1), (0, 0)], [(0, 1), (1, 1)]]",40,1600,1.0,0.01,0.01,0.0,0.4,0.0,0.0,emotion,5,1,1.0,400,0.0,1.0,0.0,1.0,40.551,0.982,0.0,0.0,0.775,0.225,0.0,0.0,0.0,0.0,0.0
"[[0, 0], [0, 1]]","[[(0, 1), (0, 0)], [(0, 1), (1, 1)]]",40,1600,1.0,0.01,0.01,0.0,0.4,0.0,0.0,emotion,5,1,1.0,400,0.0,1.0,0.0,1.0,47.171,0.556,0.875,0.0,0.0,0.0,0.95,0.0,0.0,0.05,0.0
"[[0, 0], [0, 1]]","[[(0, 1), (0, 0)], [(0, 1), (1, 1)]]",40,1600,1.0,0.01,0.01,0.0,0.4,0.0,0.0,emotion,5,1,1.0,400,0.0,1.0,0.0,1.0,65.975,0.776,0.975,0.0,0.0,0.0,0.7,0.0,0.0,0.3,0.0
"[[0, 0], [0, 1]]","[[(0, 1), (0, 0)], [(0, 1), (1, 1)]]",40,1600,1.0,0.01,0.01,0.0,0.4,0.0,0.0,emotion,5,1,1.0,400,0.0,1.0,0.0,1.0,69.95,0.836,0.975,0.0,0.0,0.0,0.95,0.0,0.0,0.05,0.0
"[[0, 0], [0, 1]]","[[(0, 1), (0, 0)], [(0, 1), (1, 1)]]",40,1600,1.0,0.01,0.01,0.0,0.4,0.0,0.0,emotion,5,1,1.0,400,0.0,1.0,0.0,1.0,79.398,0.306,0.625,0.0,0.0,0.0,0.6,0.0,0.375,0.025,0.0
"[[0, 0], [0, 1]]","[[(0, 1), (0, 0)], [(0, 1), (1, 1)]]",40,1600,1.0,0.01,0.01,0.0,0.4,0.0,0.0,emotion,5,1,1.0,400,0.0,1.0,0.0,1.0,78.601,0.736,0.875,0.0,0.0,0.0,0.975,0.025,0.0,0.0,0.0
"[[0, 0], [0, 1]]","[[(0, 1), (0, 0)], [(0, 1), (1, 1)]]",40,1600,1.0,0.01,0.01,0.0,0.4,0.0,0.0,emotion,5,1,1.0,400,0.0,1.0,0.0,1.0,75.831,0.853,0.95,0.0,0.0,0.0,0.775,0.05,0.0,0.0,0.175
"[[0, 0], [0, 1]]","[[(0, 1), (0, 0)], [(0, 1), (1, 1)]]",40,1600,1.0,0.01,0.01,0.0,0.4,0.0,0.0,emotion,5,1,1.0,400,0.0,1.0,0.0,1.0,65.39,0.956,0.025,0.0,0.925,0.05,0.0,0.025,0.0,0.0,0.0
"[[0, 0], [0, 1]]","[[(0, 1), (0, 0)], [(0, 1), (1, 1)]]",40,1600,1.0,0.01,0.01,0.0,0.4,0.0,0.0,emotion,5,1,1.0,400,0.0,1.0,0.0,1.0,78.769,0.787,0.95,0.0,0.0,0.0,0.975,0.0,0.0,0.025,0.0
"[[0, 0], [0, 1]]","[[(0, 1), (0, 0)], [(0, 1), (1, 1)]]",40,1600,1.0,0.01,0.01,0.0,0.4,0.0,0.0,emotion,5,1,1.0,400,0.0,1.0,0.0,1.0,79.701,0.566,0.45,0.1,0.0,0.0,0.875,0.025,0.0,0.0,0.0
"[[0, 0], [0, 1]]","[[(0, 1), (0, 0)], [(0, 1), (1, 1)]]",40,1600,1.0,0.01,0.01,0.0,0.4,0.0,0.0,emotion,5,1,1.0,400,0.0,1.0,0.0,1.0,78.684,0.564,0.825,0.05,0.0,0.0,0.95,0.0,0.0,0.0,0.0
"[[0, 0], [0, 1]]","[[(0, 1), (0, 0)], [(0, 1), (1, 1)]]",40,1600,1.0,0.01,0.01,0.0,0.6,0.0,0.0,emotion,5,1,1.0,400,0.0,1.0,0.0,0.5,8.935,0.877,0.0,0.0,0.95,0.025,0.0,0.0,0.0,0.025,0.0
"[[0, 0], [0, 1]]","[[(0, 1), (0, 0)], [(0, 1), (1, 1)]]",40,1600,1.0,0.01,0.01,0.0,0.6,0.0,0.0,emotion,5,1,1.0,400,0.0,1.0,0.0,0.5,5.06,0.98,0.0,0.0,0.75,0.15,0.0,0.025,0.0,0.075,0.0
"[[0, 0], [0, 1]]","[[(0, 1), (0, 0)], [(0, 1), (1, 1)]]",40,1600,1.0,0.01,0.01,0.0,0.6,0.0,0.0,emotion,5,1,1.0,400,0.0,1.0,0.0,0.5,7.457,0.974,0.0,0.15,0.0,0.0,0.825,0.0,0.0,0.025,0.0
"[[0, 0], [0, 1]]","[[(0, 1), (0, 0)], [(0, 1), (1, 1)]]",40,1600,1.0,0.01,0.01,0.0,0.6,0.0,0.0,emotion,5,1,1.0,400,0.0,1.0,0.0,0.5,5.697,0.985,0.0,0.0,0.75,0.175,0.0,0.075,0.0,0.0,0.0
"[[0, 0], [0, 1]]","[[(0, 1), (0, 0)], [(0, 1), (1, 1)]]",40,1600,1.0,0.01,0.01,0.0,0.6,0.0,0.0,emotion,5,1,1.0,400,0.0,1.0,0.0,0.5,5.976,0.671,0.025,0.0,0.0,0.0,0.95,0.05,0.0,0.0,0.0
"[[0, 0], [0, 1]]","[[(0, 1), (0, 0)], [(0, 1), (1, 1)]]",40,1600,1.0,0.01,0.01,0.0,0.6,0.0,0.0,emotion,5,1,1.0,400,0.0,1.0,0.0,0.5,6.702,0.999,0.0,0.0,0.45,0.55,0.0,0.0,0.0,0.0,0.0
"[[0, 0], [0, 1]]","[[(0, 1), (0, 0)], [(0, 1), (1, 1)]]",40,1600,1.0,0.01,0.01,0.0,0.6,0.0,0.0,emotion,5,1,1.0,400,0.0,1.0,0.0,0.5,5.174,0.797,0.0,0.0,0.375,0.5,0.0,0.025,0.1,0.0,0.0
"[[0, 0], [0, 1]]","[[(0, 1), (0, 0)], [(0, 1), (1, 1)]]",40,1600,1.0,0.01,0.01,0.0,0.6,0.0,0.0,emotion,5,1,1.0,400,0.0,1.0,0.0,0.5,5.437,0.995,0.0,0.0,0.975,0.0,0.0,0.0,0.0,0.025,0.0
"[[0, 0], [0, 1]]","[[(0, 1), (0, 0)], [(0, 1), (1, 1)]]",40,1600,1.0,0.01,0.01,0.0,0.6,0.0,0.0,emotion,5,1,1.0,400,0.0,1.0,0.0,0.5,8.812,0.945,0.025,0.15,0.025,0.075,0.7,0.0,0.0,0.05,0.0
"[[0, 0], [0, 1]]","[[(0, 1), (0, 0)], [(0, 1), (1, 1)]]",40,1600,1.0,0.01,0.01,0.0,0.6,0.0,0.0,emotion,5,1,1.0,400,0.0,1.0,0.0,0.5,9.025,0.98,0.0,0.0,0.875,0.075,0.0,0.05,0.0,0.0,0.0
"[[0, 0], [0, 1]]","[[(0, 1), (0, 0)], [(0, 1), (1, 1)]]",40,1600,1.0,0.01,0.01,0.0,0.6,0.0,0.0,emotion,5,1,1.0,400,0.0,1.0,0.0,0.5,10.863,0.84,0.0,0.0,0.0,0.0,1.0,0.0,0.0,0.0,0.0
"[[0, 0], [0, 1]]","[[(0, 1), (0, 0)], [(0, 1), (1, 1)]]",40,1600,1.0,0.01,0.01,0.0,0.6,0.0,0.0,emotion,5,1,1.0,400,0.0,1.0,0.0,0.5,8.58,1.0,0.0,0.95,0.0,0.0,0.05,0.0,0.0,0.0,0.0
"[[0, 0], [0, 1]]","[[(0, 1), (0, 0)], [(0, 1), (1, 1)]]",40,1600,1.0,0.01,0.01,0.0,0.6,0.0,0.0,emotion,5,1,1.0,400,0.0,1.0,0.0,0.5,5.232,0.966,0.025,0.0,0.475,0.5,0.0,0.0,0.025,0.0,0.0
"[[0, 0], [0, 1]]","[[(0, 1), (0, 0)], [(0, 1), (1, 1)]]",40,1600,1.0,0.01,0.01,0.0,0.6,0.0,0.0,emotion,5,1,1.0,400,0.0,1.0,0.0,0.5,7.731,0.981,0.0,0.0,0.6,0.4,0.0,0.0,0.0,0.0,0.0
"[[0, 0], [0, 1]]","[[(0, 1), (0, 0)], [(0, 1), (1, 1)]]",40,1600,1.0,0.01,0.01,0.0,0.6,0.0,0.0,emotion,5,1,1.0,400,0.0,1.0,0.0,0.5,12.172,0.855,0.0,0.15,0.0,0.0,0.8,0.025,0.0,0.025,0.0
"[[0, 0], [0, 1]]","[[(0, 1), (0, 0)], [(0, 1), (1, 1)]]",40,1600,1.0,0.01,0.01,0.0,0.6,0.0,0.0,emotion,5,1,1.0,400,0.0,1.0,0.0,0.5,10.336,0.622,0.125,0.15,0.0,0.0,0.8,0.0,0.0,0.05,0.0
"[[0, 0], [0, 1]]","[[(0, 1), (0, 0)], [(0, 1), (1, 1)]]",40,1600,1.0,0.01,0.01,0.0,0.6,0.0,0.0,emotion,5,1,1.0,400,0.0,1.0,0.0,0.5,12.434,0.933,0.025,0.125,0.0,0.0,0.8,0.05,0.0,0.025,0.0
"[[0, 0], [0, 1]]","[[(0, 1), (0, 0)], [(0, 1), (1, 1)]]",40,1600,1.0,0.01,0.01,0.0,0.6,0.0,0.0,emotion,5,1,1.0,400,0.0,1.0,0.0,0.5,8.47,0.871,0.025,0.0,0.5,0.375,0.0,0.05,0.025,0.0,0.05
"[[0, 0], [0, 1]]","[[(0, 1), (0, 0)], [(0, 1), (1, 1)]]",40,1600,1.0,0.01,0.01,0.0,0.6,0.0,0.0,emotion,5,1,1.0,400,0.0,1.0,0.0,0.5,11.486,0.905,0.0,0.05,0.0,0.0,0.95,0.0,0.0,0.0,0.0
"[[0, 0], [0, 1]]","[[(0, 1), (0, 0)], [(0, 1), (1, 1)]]",40,1600,1.0,0.01,0.01,0.0,0.6,0.0,0.0,emotion,5,1,1.0,400,0.0,1.0,0.0,0.5,13.684,0.808,0.025,0.05,0.0,0.0,0.95,0.0,0.0,0.0,0.0
"[[0, 0], [0, 1]]","[[(0, 1), (0, 0)], [(0, 1), (1, 1)]]",40,1600,1.0,0.01,0.01,0.0,0.6,0.0,0.0,emotion,5,1,1.0,400,0.0,1.0,0.0,1.0,5.999,0.906,0.025,0.0,0.475,0.45,0.0,0.025,0.025,0.025,0.0
"[[0, 0], [0, 1]]","[[(0, 1), (0, 0)], [(0, 1), (1, 1)]]",40,1600,1.0,0.01,0.01,0.0,0.6,0.0,0.0,emotion,5,1,1.0,400,0.0,1.0,0.0,1.0,5.889,0.886,0.05,0.0,0.775,0.175,0.0,0.0,0.0,0.05,0.0
"[[0, 0], [0, 1]]","[[(0, 1), (0, 0)], [(0, 1), (1, 1)]]",40,1600,1.0,0.01,0.01,0.0,0.6,0.0,0.0,emotion,5,1,1.0,400,0.0,1.0,0.0,1.0,5.456,0.999,0.0,0.0,0.9,0.1,0.0,0.0,0.0,0.0,0.0
"[[0, 0], [0, 1]]","[[(0, 1), (0, 0)], [(0, 1), (1, 1)]]",40,1600,1.0,0.01,0.01,0.0,0.6,0.0,0.0,emotion,5,1,1.0,400,0.0,1.0,0.0,1.0,39.597,0.704,0.925,0.0,0.0,0.0,0.975,0.025,0.0,0.0,0.0
"[[0, 0], [0, 1]]","[[(0, 1), (0, 0)], [(0, 1), (1, 1)]]",40,1600,1.0,0.01,0.01,0.0,0.6,0.0,0.0,emotion,5,1,1.0,400,0.0,1.0,0.0,1.0,29.56,0.996,0.0,0.0,0.925,0.05,0.0,0.0,0.0,0.025,0.0
"[[0, 0], [0, 1]]","[[(0, 1), (0, 0)], [(0, 1), (1, 1)]]",40,1600,1.0,0.01,0.01,0.0,0.6,0.0,0.0,emotion,5,1,1.0,400,0.0,1.0,0.0,1.0,34.419,0.846,0.95,0.0,0.0,0.0,1.0,0.0,0.0,0.0,0.0
"[[0, 0], [0, 1]]","[[(0, 1), (0, 0)], [(0, 1), (1, 1)]]",40,1600,1.0,0.01,0.01,0.0,0.6,0.0,0.0,emotion,5,1,1.0,400,0.0,1.0,0.0,1.0,41.455,0.989,0.0,0.0,0.95,0.05,0.0,0.0,0.0,0.0,0.0
"[[0, 0], [0, 1]]","[[(0, 1), (0, 0)], [(0, 1), (1, 1)]]",40,1600,1.0,0.01,0.01,0.0,0.6,0.0,0.0,emotion,5,1,1.0,400,0.0,1.0,0.0,1.0,73.27,0.899,0.95,0.025,0.0,0.0,0.975,0.0,0.0,0.0,0.0
"[[0, 0], [0, 1]]","[[(0, 1), (0, 0)], [(0, 1), (1, 1)]]",40,1600,1.0,0.01,0.01,0.0,0.6,0.0,0.0,emotion,5,1,1.0,400,0.0,1.0,0.0,1.0,71.403,0.982,0.0,0.0,0.9,0.075,0.0,0.0,0.0,0.025,0.0
"[[0, 0], [0, 1]]","[[(0, 1), (0, 0)], [(0, 1), (1, 1)]]",40,1600,1.0,0.01,0.01,0.0,0.6,0.0,0.0,emotion,5,1,1.0,400,0.0,1.0,0.0,1.0,76.022,0.91,0.975,0.0,0.0,0.0,0.9,0.0,0.0,0.1,0.0
"[[0, 0], [0, 1]]","[[(0, 1), (0, 0)], [(0, 1), (1, 1)]]",40,1600,1.0,0.01,0.01,0.0,0.6,0.0,0.0,emotion,5,1,1.0,400,0.0,1.0,0.0,1.0,82.525,0.971,0.0,0.0,0.875,0.05,0.0,0.025,0.0,0.05,0.0
"[[0, 0], [0, 1]]","[[(0, 1), (0, 0)], [(0, 1), (1, 1)]]",40,1600,1.0,0.01,0.01,0.0,0.6,0.0,0.0,emotion,5,1,1.0,400,0.0,1.0,0.0,1.0,84.903,0.869,0.925,0.0,0.0,0.0,0.925,0.0,0.025,0.05,0.0
"[[0, 0], [0, 1]]","[[(0, 1), (0, 0)], [(0, 1), (1, 1)]]",40,1600,1.0,0.01,0.01,0.0,0.6,0.0,0.0,emotion,5,1,1.0,400,0.0,1.0,0.0,1.0,83.371,0.823,0.925,0.0,0.0,0.0,0.775,0.025,0.0,0.2,0.0
"[[0, 0], [0, 1]]","[[(0, 1), (0, 0)], [(0, 1), (1, 1)]]",40,1600,1.0,0.01,0.01,0.0,0.6,0.0,0.0,emotion,5,1,1.0,400,0.0,1.0,0.0,1.0,83.822,0.945,0.975,0.025,0.0,0.0,0.625,0.0,0.0,0.35,0.0
"[[0, 0], [0, 1]]","[[(0, 1), (0, 0)], [(0, 1), (1, 1)]]",40,1600,1.0,0.01,0.01,0.0,0.6,0.0,0.0,emotion,5,1,1.0,400,0.0,1.0,0.0,1.0,83.841,0.879,0.9,0.0,0.0,0.0,1.0,0.0,0.0,0.0,0.0
"[[0, 0], [0, 1]]","[[(0, 1), (0, 0)], [(0, 1), (1, 1)]]",40,1600,1.0,0.01,0.01,0.0,0.6,0.0,0.0,emotion,5,1,1.0,400,0.0,1.0,0.0,1.0,84.751,0.856,0.95,0.0,0.0,0.0,0.95,0.025,0.0,0.025,0.0
"[[0, 0], [0, 1]]","[[(0, 1), (0, 0)], [(0, 1), (1, 1)]]",40,1600,1.0,0.01,0.01,0.0,0.6,0.0,0.0,emotion,5,1,1.0,400,0.0,1.0,0.0,1.0,85.077,0.825,0.975,0.0,0.0,0.0,1.0,0.0,0.0,0.0,0.0
"[[0, 0], [0, 1]]","[[(0, 1), (0, 0)], [(0, 1), (1, 1)]]",40,1600,1.0,0.01,0.01,0.0,0.6,0.0,0.0,emotion,5,1,1.0,400,0.0,1.0,0.0,1.0,85.525,0.926,0.95,0.025,0.0,0.0,0.975,0.0,0.0,0.0,0.0
"[[0, 0], [0, 1]]","[[(0, 1), (0, 0)], [(0, 1), (1, 1)]]",40,1600,1.0,0.01,0.01,0.0,0.6,0.0,0.0,emotion,5,1,1.0,400,0.0,1.0,0.0,1.0,84.715,0.515,0.775,0.025,0.0,0.0,0.9,0.0,0.025,0.05,0.0
"[[0, 0], [0, 1]]","[[(0, 1), (0, 0)], [(0, 1), (1, 1)]]",40,1600,1.0,0.01,0.01,0.0,0.6,0.0,0.0,emotion,5,1,1.0,400,0.0,1.0,0.0,1.0,84.929,0.742,0.85,0.0,0.025,0.0,0.95,0.025,0.0,0.0,0.0
"[[0, 0], [0, 1]]","[[(0, 1), (0, 0)], [(0, 1), (1, 1)]]",40,1600,1.0,0.01,0.01,0.0,0.8,0.0,0.0,emotion,5,1,1.0,400,0.0,1.0,0.0,0.5,5.513,1.0,0.0,0.0,0.525,0.475,0.0,0.0,0.0,0.0,0.0
"[[0, 0], [0, 1]]","[[(0, 1), (0, 0)], [(0, 1), (1, 1)]]",40,1600,1.0,0.01,0.01,0.0,0.8,0.0,0.0,emotion,5,1,1.0,400,0.0,1.0,0.0,0.5,4.953,0.61,0.1,0.0,0.85,0.025,0.0,0.025,0.0,0.0,0.1
"[[0, 0], [0, 1]]","[[(0, 1), (0, 0)], [(0, 1), (1, 1)]]",40,1600,1.0,0.01,0.01,0.0,0.8,0.0,0.0,emotion,5,1,1.0,400,0.0,1.0,0.0,0.5,5.243,0.997,0.0,0.0,0.875,0.125,0.0,0.0,0.0,0.0,0.0
"[[0, 0], [0, 1]]","[[(0, 1), (0, 0)], [(0, 1), (1, 1)]]",40,1600,1.0,0.01,0.01,0.0,0.8,0.0,0.0,emotion,5,1,1.0,400,0.0,1.0,0.0,0.5,5.923,0.961,0.0,0.0,0.375,0.625,0.0,0.0,0.0,0.0,0.0
"[[0, 0], [0, 1]]","[[(0, 1), (0, 0)], [(0, 1), (1, 1)]]",40,1600,1.0,0.01,0.01,0.0,0.8,0.0,0.0,emotion,5,1,1.0,400,0.0,1.0,0.0,0.5,5.287,0.431,0.45,0.0,0.0,0.0,0.975,0.025,0.0,0.0,0.0
"[[0, 0], [0, 1]]","[[(0, 1), (0, 0)], [(0, 1), (1, 1)]]",40,1600,1.0,0.01,0.01,0.0,0.8,0.0,0.0,emotion,5,1,1.0,400,0.0,1.0,0.0,0.5,11.012,0.994,0.0,0.175,0.0,0.0,0.825,0.0,0.0,0.0,0.0
"[[0, 0], [0, 1]]","[[(0, 1), (0, 0)], [(0, 1), (1, 1)]]",40,1600,1.0,0.01,0.01,0.0,0.8,0.0,0.0,emotion,5,1,1.0,400,0.0,1.0,0.0,0.5,13.668,0.814,0.025,0.025,0.0,0.0,0.875,0.0,0.0,0.1,0.0
"[[0, 0], [0, 1]]","[[(0, 1), (0, 0)], [(0, 1), (1, 1)]]",40,1600,1.0,0.01,0.01,0.0,0.8,0.0,0.0,emotion,5,1,1.0,400,0.0,1.0,0.0,0.5,5.646,0.994,0.0,0.65,0.0,0.0,0.275,0.0,0.05,0.0,0.025
"[[0, 0], [0, 1]]","[[(0, 1), (0, 0)], [(0, 1), (1, 1)]]",40,1600,1.0,0.01,0.01,0.0,0.8,0.0,0.0,emotion,5,1,1.0,400,0.0,1.0,0.0,0.5,5.577,0.94,0.0,0.0,0.975,0.0,0.0,0.0,0.0,0.025,0.0
"[[0, 0], [0, 1]]","[[(0, 1), (0, 0)], [(0, 1), (1, 1)]]",40,1600,1.0,0.01,0.01,0.0,0.8,0.0,0.0,emotion,5,1,1.0,400,0.0,1.0,0.0,0.5,10.208,0.901,0.025,0.075,0.0,0.0,0.9,0.025,0.0,0.0,0.0
"[[0, 0], [0, 1]]","[[(0, 1), (0, 0)], [(0, 1), (1, 1)]]",40,1600,1.0,0.01,0.01,0.0,0.8,0.0,0.0,emotion,5,1,1.0,400,0.0,1.0,0.0,0.5,14.643,0.914,0.0,0.075,0.0,0.0,0.925,0.0,0.0,0.0,0.0
"[[0, 0], [0, 1]]","[[(0, 1), (0, 0)], [(0, 1), (1, 1)]]",40,1600,1.0,0.01,0.01,0.0,0.8,0.0,0.0,emotion,5,1,1.0,400,0.0,1.0,0.0,0.5,11.91,0.971,0.0,0.475,0.0,0.0,0.45,0.0,0.025,0.0,0.05
"[[0, 0], [0, 1]]","[[(0, 1), (0, 0)], [(0, 1), (1, 1)]]",40,1600,1.0,0.01,0.01,0.0,0.8,0.0,0.0,emotion,5,1,1.0,400,0.0,1.0,0.0,0.5,16.77,0.999,0.0,0.275,0.0,0.0,0.675,0.05,0.0,0.0,0.0
"[[0, 0], [0, 1]]","[[(0, 1), (0, 0)], [(0, 1), (1, 1)]]",40,1600,1.0,0.01,0.01,0.0,0.8,0.0,0.0,emotion,5,1,1.0,400,0.0,1.0,0.0,0.5,6.211,0.96,0.0,0.0,0.8,0.175,0.0,0.0,0.0,0.025,0.0
"[[0, 0], [0, 1]]","[[(0, 1), (0, 0)], [(0, 1), (1, 1)]]",40,1600,1.0,0.01,0.01,0.0,0.8,0.0,0.0,emotion,5,1,1.0,400,0.0,1.0,0.0,0.5,16.703,0.893,0.025,0.025,0.0,0.0,0.975,0.0,0.0,0.0,0.0
"[[0, 0], [0, 1]]","[[(0, 1), (0, 0)], [(0, 1), (1, 1)]]",40,1600,1.0,0.01,0.01,0.0,0.8,0.0,0.0,emotion,5,1,1.0,400,0.0,1.0,0.0,0.5,14.781,0.804,0.075,0.0,0.0,0.0,1.0,0.0,0.0,0.0,0.0
"[[0, 0], [0, 1]]","[[(0, 1), (0, 0)], [(0, 1), (1, 1)]]",40,1600,1.0,0.01,0.01,0.0,0.8,0.0,0.0,emotion,5,1,1.0,400,0.0,1.0,0.0,0.5,17.692,0.8,0.05,0.025,0.0,0.0,0.925,0.0,0.0,0.05,0.0
"[[0, 0], [0, 1]]","[[(0, 1), (0, 0)], [(0, 1), (1, 1)]]",40,1600,1.0,0.01,0.01,0.0,0.8,0.0,0.0,emotion,5,1,1.0,400,0.0,1.0,0.0,0.5,4.78,0.999,0.0,0.0,0.925,0.075,0.0,0.0,0.0,0.0,0.0
"[[0, 0], [0, 1]]","[[(0, 1), (0, 0)], [(0, 1), (1, 1)]]",40,1600,1.0,0.01,0.01,0.0,0.8,0.0,0.0,emotion,5,1,1.0,400,0.0,1.0,0.0,0.5,15.451,0.559,0.125,0.175,0.0,0.0,0.725,0.0,0.025,0.0,0.075
"[[0, 0], [0, 1]]","[[(0, 1), (0, 0)], [(0, 1), (1, 1)]]",40,1600,1.0,0.01,0.01,0.0,0.8,0.0,0.0,emotion,5,1,1.0,400,0.0,1.0,0.0,0.5,15.428,0.519,0.2,0.075,0.0,0.0,0.725,0.0,0.0,0.05,0.15
"[[0, 0], [0, 1]]","[[(0, 1), (0, 0)], [(0, 1), (1, 1)]]",40,1600,1.0,0.01,0.01,0.0,0.8,0.0,0.0,emotion,5,1,1.0,400,0.0,1.0,0.0,1.0,6.429,1.0,0.0,0.0,1.0,0.0,0.0,0.0,0.0,0.0,0.0
"[[0, 0], [0, 1]]","[[(0, 1), (0, 0)], [(0, 1), (1, 1)]]",40,1600,1.0,0.01,0.01,0.0,0.8,0.0,0.0,emotion,5,1,1.0,400,0.0,1.0,0.0,1.0,14.995,0.935,0.925,0.0,0.0,0.0,0.95,0.025,0.0,0.025,0.0
"[[0, 0], [0, 1]]","[[(0, 1), (0, 0)], [(0, 1), (1, 1)]]",40,1600,1.0,0.01,0.01,0.0,0.8,0.0,0.0,emotion,5,1,1.0,400,0.0,1.0,0.0,1.0,17.849,0.976,0.975,0.0,0.0,0.0,1.0,0.0,0.0,0.0,0.0
"[[0, 0], [0, 1]]","[[(0, 1), (0, 0)], [(0, 1), (1, 1)]]",40,1600,1.0,0.01,0.01,0.0,0.8,0.0,0.0,emotion,5,1,1.0,400,0.0,1.0,0.0,1.0,60.019,0.955,0.05,0.0,0.95,0.025,0.0,0.0,0.0,0.025,0.0
"[[0, 0], [0, 1]]","[[(0, 1), (0, 0)], [(0, 1), (1, 1)]]",40,1600,1.0,0.01,0.01,0.0,0.8,0.0,0.0,emotion,5,1,1.0,400,0.0,1.0,0.0,1.0,61.09,0.882,0.9,0.0,0.05,0.0,0.7,0.025,0.0,0.225,0.0
"[[0, 0], [0, 1]]","[[(0, 1), (0, 0)], [(0, 1), (1, 1)]]",40,1600,1.0,0.01,0.01,0.0,0.8,0.0,0.0,emotion,5,1,1.0,400,0.0,1.0,0.0,1.0,73.534,0.912,0.85,0.0,0.025,0.0,0.575,0.0,0.0,0.25,0.15
"[[0, 0], [0, 1]]","[[(0, 1), (0, 0)], [(0, 1), (1, 1)]]",40,1600,1.0,0.01,0.01,0.0,0.8,0.0,0.0,emotion,5,1,1.0,400,0.0,1.0,0.0,1.0,81.94,0.859,0.875,0.05,0.0,0.0,0.875,0.0,0.0,0.075,0.0
"[[0, 0], [0, 1]]","[[(0, 1), (0, 0)], [(0, 1), (1, 1)]]",40,1600,1.0,0.01,0.01,0.0,0.8,0.0,0.0,emotion,5,1,1.0,400,0.0,1.0,0.0,1.0,88.565,0.976,1.0,0.0,0.0,0.0,1.0,0.0,0.0,0.0,0.0
"[[0, 0], [0, 1]]","[[(0, 1), (0, 0)], [(0, 1), (1, 1)]]",40,1600,1.0,0.01,0.01,0.0,0.8,0.0,0.0,emotion,5,1,1.0,400,0.0,1.0,0.0,1.0,88.527,0.797,0.85,0.0,0.0,0.0,0.8,0.0,0.0,0.2,0.0
"[[0, 0], [0, 1]]","[[(0, 1), (0, 0)], [(0, 1), (1, 1)]]",40,1600,1.0,0.01,0.01,0.0,0.8,0.0,0.0,emotion,5,1,1.0,400,0.0,1.0,0.0,1.0,87.575,0.811,0.85,0.05,0.0,0.0,0.9,0.0,0.0,0.05,0.0
"[[0, 0], [0, 1]]","[[(0, 1), (0, 0)], [(0, 1), (1, 1)]]",40,1600,1.0,0.01,0.01,0.0,0.8,0.0,0.0,emotion,5,1,1.0,400,0.0,1.0,0.0,1.0,86.089,0.964,0.975,0.0,0.0,0.0,0.95,0.0,0.0,0.05,0.0
"[[0, 0], [0, 1]]","[[(0, 1), (0, 0)], [(0, 1), (1, 1)]]",40,1600,1.0,0.01,0.01,0.0,0.8,0.0,0.0,emotion,5,1,1.0,400,0.0,1.0,0.0,1.0,88.631,0.971,0.95,0.0,0.0,0.0,1.0,0.0,0.0,0.0,0.0
"[[0, 0], [0, 1]]","[[(0, 1), (0, 0)], [(0, 1), (1, 1)]]",40,1600,1.0,0.01,0.01,0.0,0.8,0.0,0.0,emotion,5,1,1.0,400,0.0,1.0,0.0,1.0,88.425,0.796,0.3,0.025,0.0,0.0,0.875,0.0,0.0,0.1,0.0
"[[0, 0], [0, 1]]","[[(0, 1), (0, 0)], [(0, 1), (1, 1)]]",40,1600,1.0,0.01,0.01,0.0,0.8,0.0,0.0,emotion,5,1,1.0,400,0.0,1.0,0.0,1.0,88.141,0.949,0.975,0.0,0.0,0.0,1.0,0.0,0.0,0.0,0.0
"[[0, 0], [0, 1]]","[[(0, 1), (0, 0)], [(0, 1), (1, 1)]]",40,1600,1.0,0.01,0.01,0.0,0.8,0.0,0.0,emotion,5,1,1.0,400,0.0,1.0,0.0,1.0,88.13,0.988,1.0,0.0,0.0,0.0,1.0,0.0,0.0,0.0,0.0
"[[0, 0], [0, 1]]","[[(0, 1), (0, 0)], [(0, 1), (1, 1)]]",40,1600,1.0,0.01,0.01,0.0,0.8,0.0,0.0,emotion,5,1,1.0,400,0.0,1.0,0.0,1.0,88.403,0.965,0.975,0.0,0.0,0.0,1.0,0.0,0.0,0.0,0.0
"[[0, 0], [0, 1]]","[[(0, 1), (0, 0)], [(0, 1), (1, 1)]]",40,1600,1.0,0.01,0.01,0.0,0.8,0.0,0.0,emotion,5,1,1.0,400,0.0,1.0,0.0,1.0,87.64,0.745,0.55,0.0,0.0,0.0,0.8,0.05,0.0,0.15,0.0
"[[0, 0], [0, 1]]","[[(0, 1), (0, 0)], [(0, 1), (1, 1)]]",40,1600,1.0,0.01,0.01,0.0,0.8,0.0,0.0,emotion,5,1,1.0,400,0.0,1.0,0.0,1.0,88.689,0.989,1.0,0.0,0.0,0.0,0.825,0.0,0.0,0.175,0.0
"[[0, 0], [0, 1]]","[[(0, 1), (0, 0)], [(0, 1), (1, 1)]]",40,1600,1.0,0.01,0.01,0.0,0.8,0.0,0.0,emotion,5,1,1.0,400,0.0,1.0,0.0,1.0,88.626,0.834,0.9,0.0,0.0,0.0,0.85,0.025,0.025,0.05,0.05
"[[0, 0], [0, 1]]","[[(0, 1), (0, 0)], [(0, 1), (1, 1)]]",40,1600,1.0,0.01,0.01,0.0,0.8,0.0,0.0,emotion,5,1,1.0,400,0.0,1.0,0.0,1.0,88.67,0.979,1.0,0.0,0.0,0.0,0.925,0.0,0.0,0.075,0.0
"[[1, 0], [1, 1]]","[[(0, 1), (0, 1)], [(1, 1), (0, 1)]]",40,1600,1.0,0.01,0.01,0.0,0.4,0.0,0.0,emotion,5,1,1.0,400,0.0,1.0,0.0,0.5,5.785,0.189,0.575,0.0,0.925,0.0,0.0,0.075,0.0,0.0,0.0
"[[1, 0], [1, 1]]","[[(0, 1), (0, 1)], [(1, 1), (0, 1)]]",40,1600,1.0,0.01,0.01,0.0,0.4,0.0,0.0,emotion,5,1,1.0,400,0.0,1.0,0.0,0.5,5.81,0.185,0.7,0.0,0.95,0.05,0.0,0.0,0.0,0.0,0.0
"[[1, 0], [1, 1]]","[[(0, 1), (0, 1)], [(1, 1), (0, 1)]]",40,1600,1.0,0.01,0.01,0.0,0.4,0.0,0.0,emotion,5,1,1.0,400,0.0,1.0,0.0,0.5,6.08,0.16,0.45,0.0,0.925,0.025,0.0,0.025,0.0,0.025,0.0
"[[1, 0], [1, 1]]","[[(0, 1), (0, 1)], [(1, 1), (0, 1)]]",40,1600,1.0,0.01,0.01,0.0,0.4,0.0,0.0,emotion,5,1,1.0,400,0.0,1.0,0.0,0.5,6.506,0.119,0.55,0.0,1.0,0.0,0.0,0.0,0.0,0.0,0.0
"[[1, 0], [1, 1]]","[[(0, 1), (0, 1)], [(1, 1), (0, 1)]]",40,1600,1.0,0.01,0.01,0.0,0.4,0.0,0.0,emotion,5,1,1.0,400,0.0,1.0,0.0,0.5,5.917,0.146,0.425,0.0,1.0,0.0,0.0,0.0,0.0,0.0,0.0
"[[1, 0], [1, 1]]","[[(0, 1), (0, 1)], [(1, 1), (0, 1)]]",40,1600,1.0,0.01,0.01,0.0,0.4,0.0,0.0,emotion,5,1,1.0,400,0.0,1.0,0.0,0.5,7.462,0.966,1.0,0.0,0.0,0.0,0.975,0.0,0.0,0.025,0.0
"[[1, 0], [1, 1]]","[[(0, 1), (0, 1)], [(1, 1), (0, 1)]]",40,1600,1.0,0.01,0.01,0.0,0.4,0.0,0.0,emotion,5,1,1.0,400,0.0,1.0,0.0,0.5,6.022,0.126,0.4,0.0,0.975,0.0,0.0,0.0,0.0,0.025,0.0
"[[1, 0], [1, 1]]","[[(0, 1), (0, 1)], [(1, 1), (0, 1)]]",40,1600,1.0,0.01,0.01,0.0,0.4,0.0,0.0,emotion,5,1,1.0,400,0.0,1.0,0.0,0.5,17.677,0.191,0.525,0.0,0.95,0.0,0.0,0.05,0.0,0.0,0.0
"[[1, 0], [1, 1]]","[[(0, 1), (0, 1)], [(1, 1), (0, 1)]]",40,1600,1.0,0.01,0.01,0.0,0.4,0.0,0.0,emotion,5,1,1.0,400,0.0,1.0,0.0,0.5,21.088,0.974,1.0,0.0,0.0,0.0,1.0,0.0,0.0,0.0,0.0
"[[1, 0], [1, 1]]","[[(0, 1), (0, 1)], [(1, 1), (0, 1)]]",40,1600,1.0,0.01,0.01,0.0,0.4,0.0,0.0,emotion,5,1,1.0,400,0.0,1.0,0.0,0.5,26.603,0.959,0.975,0.0,0.0,0.0,0.95,0.025,0.0,0.025,0.0
"[[1, 0], [1, 1]]","[[(0, 1), (0, 1)], [(1, 1), (0, 1)]]",40,1600,1.0,0.01,0.01,0.0,0.4,0.0,0.0,emotion,5,1,1.0,400,0.0,1.0,0.0,0.5,36.391,0.948,1.0,0.0,0.0,0.0,0.975,0.0,0.0,0.025,0.0
"[[1, 0], [1, 1]]","[[(0, 1), (0, 1)], [(1, 1), (0, 1)]]",40,1600,1.0,0.01,0.01,0.0,0.4,0.0,0.0,emotion,5,1,1.0,400,0.0,1.0,0.0,0.5,67.817,0.895,0.975,0.0,0.0,0.0,0.95,0.0,0.0,0.05,0.0
"[[1, 0], [1, 1]]","[[(0, 1), (0, 1)], [(1, 1), (0, 1)]]",40,1600,1.0,0.01,0.01,0.0,0.4,0.0,0.0,emotion,5,1,1.0,400,0.0,1.0,0.0,0.5,67.482,0.978,1.0,0.0,0.0,0.0,0.975,0.0,0.0,0.025,0.0
"[[1, 0], [1, 1]]","[[(0, 1), (0, 1)], [(1, 1), (0, 1)]]",40,1600,1.0,0.01,0.01,0.0,0.4,0.0,0.0,emotion,5,1,1.0,400,0.0,1.0,0.0,0.5,75.373,0.963,1.0,0.0,0.0,0.0,1.0,0.0,0.0,0.0,0.0
"[[1, 0], [1, 1]]","[[(0, 1), (0, 1)], [(1, 1), (0, 1)]]",40,1600,1.0,0.01,0.01,0.0,0.4,0.0,0.0,emotion,5,1,1.0,400,0.0,1.0,0.0,0.5,92.589,0.915,0.975,0.0,0.0,0.0,0.975,0.0,0.0,0.025,0.0
"[[1, 0], [1, 1]]","[[(0, 1), (0, 1)], [(1, 1), (0, 1)]]",40,1600,1.0,0.01,0.01,0.0,0.4,0.0,0.0,emotion,5,1,1.0,400,0.0,1.0,0.0,0.5,88.014,0.226,0.75,0.925,0.0,0.0,0.075,0.0,0.0,0.0,0.0
"[[1, 0], [1, 1]]","[[(0, 1), (0, 1)], [(1, 1), (0, 1)]]",40,1600,1.0,0.01,0.01,0.0,0.4,0.0,0.0,emotion,5,1,1.0,400,0.0,1.0,0.0,0.5,92.448,0.976,1.0,0.0,0.0,0.0,1.0,0.0,0.0,0.0,0.0
"[[1, 0], [1, 1]]","[[(0, 1), (0, 1)], [(1, 1), (0, 1)]]",40,1600,1.0,0.01,0.01,0.0,0.4,0.0,0.0,emotion,5,1,1.0,400,0.0,1.0,0.0,0.5,92.161,0.875,1.0,0.0,0.0,0.0,0.9,0.0,0.0,0.1,0.0
"[[1, 0], [1, 1]]","[[(0, 1), (0, 1)], [(1, 1), (0, 1)]]",40,1600,1.0,0.01,0.01,0.0,0.4,0.0,0.0,emotion,5,1,1.0,400,0.0,1.0,0.0,0.5,92.187,0.934,0.975,0.0,0.0,0.0,0.975,0.025,0.0,0.0,0.0
"[[1, 0], [1, 1]]","[[(0, 1), (0, 1)], [(1, 1), (0, 1)]]",40,1600,1.0,0.01,0.01,0.0,0.4,0.0,0.0,emotion,5,1,1.0,400,0.0,1.0,0.0,0.5,92.415,0.966,0.975,0.0,0.0,0.0,0.95,0.025,0.0,0.025,0.0
"[[1, 0], [1, 1]]","[[(0, 1), (0, 1)], [(1, 1), (0, 1)]]",40,1600,1.0,0.01,0.01,0.0,0.4,0.0,0.0,emotion,5,1,1.0,400,0.0,1.0,0.0,1.0,5.999,0.138,0.5,0.0,0.95,0.025,0.0,0.025,0.0,0.0,0.0
"[[1, 0], [1, 1]]","[[(0, 1), (0, 1)], [(1, 1), (0, 1)]]",40,1600,1.0,0.01,0.01,0.0,0.4,0.0,0.0,emotion,5,1,1.0,400,0.0,1.0,0.0,1.0,5.642,0.196,0.475,0.0,0.9,0.075,0.0,0.025,0.0,0.0,0.0
"[[1, 0], [1, 1]]","[[(0, 1), (0, 1)], [(1, 1), (0, 1)]]",40,1600,1.0,0.01,0.01,0.0,0.4,0.0,0.0,emotion,5,1,1.0,400,0.0,1.0,0.0,1.0,6.315,0.144,0.325,0.0,0.925,0.0,0.0,0.075,0.0,0.0,0.0
"[[1, 0], [1, 1]]","[[(0, 1), (0, 1)], [(1, 1), (0, 1)]]",40,1600,1.0,0.01,0.01,0.0,0.4,0.0,0.0,emotion,5,1,1.0,400,0.0,1.0,0.0,1.0,6.11,0.188,0.55,0.0,0.975,0.0,0.0,0.025,0.0,0.0,0.0
"[[1, 0], [1, 1]]","[[(0, 1), (0, 1)], [(1, 1), (0, 1)]]",40,1600,1.0,0.01,0.01,0.0,0.4,0.0,0.0,emotion,5,1,1.0,400,0.0,1.0,0.0,1.0,6.072,0.222,0.475,0.0,0.825,0.075,0.0,0.1,0.0,0.0,0.0
"[[1, 0], [1, 1]]","[[(0, 1), (0, 1)], [(1, 1), (0, 1)]]",40,1600,1.0,0.01,0.01,0.0,0.4,0.0,0.0,emotion,5,1,1.0,400,0.0,1.0,0.0,1.0,5.644,0.251,0.5,0.0,0.85,0.1,0.0,0.025,0.0,0.025,0.0
"[[1, 0], [1, 1]]","[[(0, 1), (0, 1)], [(1, 1), (0, 1)]]",40,1600,1.0,0.01,0.01,0.0,0.4,0.0,0.0,emotion,5,1,1.0,400,0.0,1.0,0.0,1.0,5.351,0.199,0.45,0.0,0.9,0.075,0.0,0.0,0.025,0.0,0.0
"[[1, 0], [1, 1]]","[[(0, 1), (0, 1)], [(1, 1), (0, 1)]]",40,1600,1.0,0.01,0.01,0.0,0.4,0.0,0.0,emotion,5,1,1.0,400,0.0,1.0,0.0,1.0,6.215,0.136,0.45,0.0,1.0,0.0,0.0,0.0,0.0,0.0,0.0
"[[1, 0], [1, 1]]","[[(0, 1), (0, 1)], [(1, 1), (0, 1)]]",40,1600,1.0,0.01,0.01,0.0,0.4,0.0,0.0,emotion,5,1,1.0,400,0.0,1.0,0.0,1.0,6.329,0.214,0.375,0.85,0.0,0.0,0.075,0.0,0.05,0.0,0.025
"[[1, 0], [1, 1]]","[[(0, 1), (0, 1)], [(1, 1), (0, 1)]]",40,1600,1.0,0.01,0.01,0.0,0.4,0.0,0.0,emotion,5,1,1.0,400,0.0,1.0,0.0,1.0,6.15,0.131,0.55,0.0,0.925,0.05,0.0,0.025,0.0,0.0,0.0
"[[1, 0], [1, 1]]","[[(0, 1), (0, 1)], [(1, 1), (0, 1)]]",40,1600,1.0,0.01,0.01,0.0,0.4,0.0,0.0,emotion,5,1,1.0,400,0.0,1.0,0.0,1.0,6.065,0.275,0.375,0.0,0.8,0.05,0.0,0.15,0.0,0.0,0.0
"[[1, 0], [1, 1]]","[[(0, 1), (0, 1)], [(1, 1), (0, 1)]]",40,1600,1.0,0.01,0.01,0.0,0.4,0.0,0.0,emotion,5,1,1.0,400,0.0,1.0,0.0,1.0,6.604,0.145,0.275,1.0,0.0,0.0,0.0,0.0,0.0,0.0,0.0
"[[1, 0], [1, 1]]","[[(0, 1), (0, 1)], [(1, 1), (0, 1)]]",40,1600,1.0,0.01,0.01,0.0,0.4,0.0,0.0,emotion,5,1,1.0,400,0.0,1.0,0.0,1.0,8.381,0.161,0.4,0.0,0.85,0.025,0.0,0.125,0.0,0.0,0.0
"[[1, 0], [1, 1]]","[[(0, 1), (0, 1)], [(1, 1), (0, 1)]]",40,1600,1.0,0.01,0.01,0.0,0.4,0.0,0.0,emotion,5,1,1.0,400,0.0,1.0,0.0,1.0,7.942,0.178,0.35,0.0,0.9,0.0,0.0,0.1,0.0,0.0,0.0
"[[1, 0], [1, 1]]","[[(0, 1), (0, 1)], [(1, 1), (0, 1)]]",40,1600,1.0,0.01,0.01,0.0,0.4,0.0,0.0,emotion,5,1,1.0,400,0.0,1.0,0.0,1.0,24.505,0.999,0.95,0.025,0.0,0.0,0.95,0.025,0.0,0.0,0.0
"[[1, 0], [1, 1]]","[[(0, 1), (0, 1)], [(1, 1), (0, 1)]]",40,1600,1.0,0.01,0.01,0.0,0.4,0.0,0.0,emotion,5,1,1.0,400,0.0,1.0,0.0,1.0,76.401,0.201,0.675,0.925,0.0,0.0,0.05,0.0,0.025,0.0,0.0
"[[1, 0], [1, 1]]","[[(0, 1), (0, 1)], [(1, 1), (0, 1)]]",40,1600,1.0,0.01,0.01,0.0,0.4,0.0,0.0,emotion,5,1,1.0,400,0.0,1.0,0.0,1.0,82.023,1.0,0.925,0.05,0.0,0.0,0.925,0.025,0.0,0.0,0.0
"[[1, 0], [1, 1]]","[[(0, 1), (0, 1)], [(1, 1), (0, 1)]]",40,1600,1.0,0.01,0.01,0.0,0.4,0.0,0.0,emotion,5,1,1.0,400,0.0,1.0,0.0,1.0,69.637,0.181,0.65,0.0,0.875,0.025,0.0,0.1,0.0,0.0,0.0
"[[1, 0], [1, 1]]","[[(0, 1), (0, 1)], [(1, 1), (0, 1)]]",40,1600,1.0,0.01,0.01,0.0,0.4,0.0,0.0,emotion,5,1,1.0,400,0.0,1.0,0.0,1.0,78.537,0.28,0.4,0.375,0.425,0.0,0.025,0.175,0.0,0.0,0.0
"[[1, 0], [1, 1]]","[[(0, 1), (0, 1)], [(1, 1), (0, 1)]]",40,1600,1.0,0.01,0.01,0.0,0.4,0.0,0.0,emotion,5,1,1.0,400,0.0,1.0,0.0,1.0,93.224,1.0,1.0,0.0,0.0,0.0,1.0,0.0,0.0,0.0,0.0
"[[1, 0], [1, 1]]","[[(0, 1), (0, 1)], [(1, 1), (0, 1)]]",40,1600,1.0,0.01,0.01,0.0,0.6,0.0,0.0,emotion,5,1,1.0,400,0.0,1.0,0.0,0.5,6.042,0.428,0.125,0.875,0.0,0.0,0.0,0.0,0.1,0.025,0.0
"[[1, 0], [1, 1]]","[[(0, 1), (0, 1)], [(1, 1), (0, 1)]]",40,1600,1.0,0.01,0.01,0.0,0.6,0.0,0.0,emotion,5,1,1.0,400,0.0,1.0,0.0,0.5,6.755,0.193,0.525,0.0,0.875,0.05,0.0,0.05,0.0,0.025,0.0
"[[1, 0], [1, 1]]","[[(0, 1), (0, 1)], [(1, 1), (0, 1)]]",40,1600,1.0,0.01,0.01,0.0,0.6,0.0,0.0,emotion,5,1,1.0,400,0.0,1.0,0.0,0.5,6.262,0.196,0.375,0.0,0.95,0.05,0.0,0.0,0.0,0.0,0.0
"[[1, 0], [1, 1]]","[[(0, 1), (0, 1)], [(1, 1), (0, 1)]]",40,1600,1.0,0.01,0.01,0.0,0.6,0.0,0.0,emotion,5,1,1.0,400,0.0,1.0,0.0,0.5,6.327,0.128,0.425,0.0,1.0,0.0,0.0,0.0,0.0,0.0,0.0
"[[1, 0], [1, 1]]","[[(0, 1), (0, 1)], [(1, 1), (0, 1)]]",40,1600,1.0,0.01,0.01,0.0,0.6,0.0,0.0,emotion,5,1,1.0,400,0.0,1.0,0.0,0.5,6.099,0.211,0.5,0.0,0.875,0.075,0.025,0.025,0.0,0.0,0.0
"[[1, 0], [1, 1]]","[[(0, 1), (0, 1)], [(1, 1), (0, 1)]]",40,1600,1.0,0.01,0.01,0.0,0.6,0.0,0.0,emotion,5,1,1.0,400,0.0,1.0,0.0,0.5,6.329,0.219,0.725,0.0,0.9,0.0,0.025,0.075,0.0,0.0,0.0
"[[1, 0], [1, 1]]","[[(0, 1), (0, 1)], [(1, 1), (0, 1)]]",40,1600,1.0,0.01,0.01,0.0,0.6,0.0,0.0,emotion,5,1,1.0,400,0.0,1.0,0.0,0.5,5.602,0.152,0.475,0.0,0.925,0.075,0.0,0.0,0.0,0.0,0.0
"[[1, 0], [1, 1]]","[[(0, 1), (0, 1)], [(1, 1), (0, 1)]]",40,1600,1.0,0.01,0.01,0.0,0.6,0.0,0.0,emotion,5,1,1.0,400,0.0,1.0,0.0,0.5,5.709,0.267,0.275,0.0,0.875,0.075,0.0,0.025,0.0,0.025,0.0
"[[1, 0], [1, 1]]","[[(0, 1), (0, 1)], [(1, 1), (0, 1)]]",40,1600,1.0,0.01,0.01,0.0,0.6,0.0,0.0,emotion,5,1,1.0,400,0.0,1.0,0.0,0.5,5.67,0.186,0.55,0.0,0.925,0.025,0.0,0.05,0.0,0.0,0.0
"[[1, 0], [1, 1]]","[[(0, 1), (0, 1)], [(1, 1), (0, 1)]]",40,1600,1.0,0.01,0.01,0.0,0.6,0.0,0.0,emotion,5,1,1.0,400,0.0,1.0,0.0,0.5,29.975,0.259,0.825,0.0,0.85,0.075,0.0,0.0,0.0,0.075,0.0
"[[1, 0], [1, 1]]","[[(0, 1), (0, 1)], [(1, 1), (0, 1)]]",40,1600,1.0,0.01,0.01,0.0,0.6,0.0,0.0,emotion,5,1,1.0,400,0.0,1.0,0.0,0.5,19.444,0.222,0.65,0.0,0.9,0.025,0.0,0.05,0.0,0.025,0.0
"[[1, 0], [1, 1]]","[[(0, 1), (0, 1)], [(1, 1), (0, 1)]]",40,1600,1.0,0.01,0.01,0.0,0.6,0.0,0.0,emotion,5,1,1.0,400,0.0,1.0,0.0,0.5,6.707,0.254,0.65,0.0,0.65,0.325,0.0,0.0,0.025,0.0,0.0
"[[1, 0], [1, 1]]","[[(0, 1), (0, 1)], [(1, 1), (0, 1)]]",40,1600,1.0,0.01,0.01,0.0,0.6,0.0,0.0,emotion,5,1,1.0,400,0.0,1.0,0.0,0.5,73.382,0.944,1.0,0.0,0.0,0.0,0.975,0.0,0.0,0.025,0.0
"[[1, 0], [1, 1]]","[[(0, 1), (0, 1)], [(1, 1), (0, 1)]]",40,1600,1.0,0.01,0.01,0.0,0.6,0.0,0.0,emotion,5,1,1.0,400,0.0,1.0,0.0,0.5,81.196,0.974,1.0,0.0,0.0,0.0,1.0,0.0,0.0,0.0,0.0
"[[1, 0], [1, 1]]","[[(0, 1), (0, 1)], [(1, 1), (0, 1)]]",40,1600,1.0,0.01,0.01,0.0,0.6,0.0,0.0,emotion,5,1,1.0,400,0.0,1.0,0.0,0.5,92.583,0.959,1.0,0.0,0.0,0.0,1.0,0.0,0.0,0.0,0.0
"[[1, 0], [1, 1]]","[[(0, 1), (0, 1)], [(1, 1), (0, 1)]]",40,1600,1.0,0.01,0.01,0.0,0.6,0.0,0.0,emotion,5,1,1.0,400,0.0,1.0,0.0,0.5,90.991,0.96,1.0,0.0,0.0,0.0,1.0,0.0,0.0,0.0,0.0
"[[1, 0], [1, 1]]","[[(0, 1), (0, 1)], [(1, 1), (0, 1)]]",40,1600,1.0,0.01,0.01,0.0,0.6,0.0,0.0,emotion,5,1,1.0,400,0.0,1.0,0.0,0.5,92.61,0.976,0.975,0.0,0.0,0.0,0.975,0.025,0.0,0.0,0.0
"[[1, 0], [1, 1]]","[[(0, 1), (0, 1)], [(1, 1), (0, 1)]]",40,1600,1.0,0.01,0.01,0.0,0.6,0.0,0.0,emotion,5,1,1.0,400,0.0,1.0,0.0,0.5,92.569,0.969,0.975,0.025,0.0,0.0,0.975,0.0,0.0,0.0,0.0
"[[1, 0], [1, 1]]","[[(0, 1), (0, 1)], [(1, 1), (0, 1)]]",40,1600,1.0,0.01,0.01,0.0,0.6,0.0,0.0,emotion,5,1,1.0,400,0.0,1.0,0.0,0.5,92.266,0.994,1.0,0.0,0.0,0.0,1.0,0.0,0.0,0.0,0.0
"[[1, 0], [1, 1]]","[[(0, 1), (0, 1)], [(1, 1), (0, 1)]]",40,1600,1.0,0.01,0.01,0.0,0.6,0.0,0.0,emotion,5,1,1.0,400,0.0,1.0,0.0,0.5,89.055,0.229,0.55,0.925,0.0,0.0,0.075,0.0,0.0,0.0,0.0
"[[1, 0], [1, 1]]","[[(0, 1), (0, 1)], [(1, 1), (0, 1)]]",40,1600,1.0,0.01,0.01,0.0,0.6,0.0,0.0,emotion,5,1,1.0,400,0.0,1.0,0.0,1.0,5.787,0.169,0.525,0.0,0.95,0.05,0.0,0.0,0.0,0.0,0.0
"[[1, 0], [1, 1]]","[[(0, 1), (0, 1)], [(1, 1), (0, 1)]]",40,1600,1.0,0.01,0.01,0.0,0.6,0.0,0.0,emotion,5,1,1.0,400,0.0,1.0,0.0,1.0,6.393,0.361,0.6,0.0,0.8,0.05,0.0,0.15,0.0,0.0,0.0
"[[1, 0], [1, 1]]","[[(0, 1), (0, 1)], [(1, 1), (0, 1)]]",40,1600,1.0,0.01,0.01,0.0,0.6,0.0,0.0,emotion,5,1,1.0,400,0.0,1.0,0.0,1.0,6.439,0.326,0.175,0.0,0.925,0.0,0.0,0.025,0.0,0.05,0.0
"[[1, 0], [1, 1]]","[[(0, 1), (0, 1)], [(1, 1), (0, 1)]]",40,1600,1.0,0.01,0.01,0.0,0.6,0.0,0.0,emotion,5,1,1.0,400,0.0,1.0,0.0,1.0,5.971,0.206,0.275,0.0,0.95,0.0,0.0,0.025,0.0,0.025,0.0
"[[1, 0], [1, 1]]","[[(0, 1), (0, 1)], [(1, 1), (0, 1)]]",40,1600,1.0,0.01,0.01,0.0,0.6,0.0,0.0,emotion,5,1,1.0,400,0.0,1.0,0.0,1.0,6.039,0.231,0.325,0.0,0.95,0.0,0.0,0.0,0.0,0.05,0.0
"[[1, 0], [1, 1]]","[[(0, 1), (0, 1)], [(1, 1), (0, 1)]]",40,1600,1.0,0.01,0.01,0.0,0.6,0.0,0.0,emotion,5,1,1.0,400,0.0,1.0,0.0,1.0,6.552,0.411,0.625,0.0,0.675,0.175,0.0,0.15,0.0,0.0,0.0
"[[1, 0], [1, 1]]","[[(0, 1), (0, 1)], [(1, 1), (0, 1)]]",40,1600,1.0,0.01,0.01,0.0,0.6,0.0,0.0,emotion,5,1,1.0,400,0.0,1.0,0.0,1.0,6.193,0.179,0.4,0.0,0.975,0.0,0.0,0.025,0.0,0.0,0.0
"[[1, 0], [1, 1]]","[[(0, 1), (0, 1)], [(1, 1), (0, 1)]]",40,1600,1.0,0.01,0.01,0.0,0.6,0.0,0.0,emotion,5,1,1.0,400,0.0,1.0,0.0,1.0,5.911,0.315,0.475,0.0,0.9,0.0,0.0,0.075,0.0,0.025,0.0
"[[1, 0], [1, 1]]","[[(0, 1), (0, 1)], [(1, 1), (0, 1)]]",40,1600,1.0,0.01,0.01,0.0,0.6,0.0,0.0,emotion,5,1,1.0,400,0.0,1.0,0.0,1.0,6.182,0.25,0.25,0.0,0.875,0.05,0.0,0.075,0.0,0.0,0.0
"[[1, 0], [1, 1]]","[[(0, 1), (0, 1)], [(1, 1), (0, 1)]]",40,1600,1.0,0.01,0.01,0.0,0.6,0.0,0.0,emotion,5,1,1.0,400,0.0,1.0,0.0,1.0,45.972,0.988,1.0,0.0,0.0,0.0,0.975,0.0,0.0,0.025,0.0
"[[1, 0], [1, 1]]","[[(0, 1), (0, 1)], [(1, 1), (0, 1)]]",40,1600,1.0,0.01,0.01,0.0,0.6,0.0,0.0,emotion,5,1,1.0,400,0.0,1.0,0.0,1.0,46.649,0.979,0.975,0.0,0.0,0.0,0.95,0.0,0.0,0.05,0.0
"[[1, 0], [1, 1]]","[[(0, 1), (0, 1)], [(1, 1), (0, 1)]]",40,1600,1.0,0.01,0.01,0.0,0.6,0.0,0.0,emotion,5,1,1.0,400,0.0,1.0,0.0,1.0,37.14,0.496,0.825,0.725,0.0,0.0,0.225,0.0,0.025,0.025,0.0
"[[1, 0], [1, 1]]","[[(0, 1), (0, 1)], [(1, 1), (0, 1)]]",40,1600,1.0,0.01,0.01,0.0,0.6,0.0,0.0,emotion,5,1,1.0,400,0.0,1.0,0.0,1.0,46.102,1.0,1.0,0.0,0.0,0.0,1.0,0.0,0.0,0.0,0.0
"[[1, 0], [1, 1]]","[[(0, 1), (0, 1)], [(1, 1), (0, 1)]]",40,1600,1.0,0.01,0.01,0.0,0.6,0.0,0.0,emotion,5,1,1.0,400,0.0,1.0,0.0,1.0,47.645,0.982,0.95,0.025,0.0,0.0,0.925,0.025,0.0,0.025,0.0
"[[1, 0], [1, 1]]","[[(0, 1), (0, 1)], [(1, 1), (0, 1)]]",40,1600,1.0,0.01,0.01,0.0,0.6,0.0,0.0,emotion,5,1,1.0,400,0.0,1.0,0.0,1.0,65.14,1.0,1.0,0.0,0.0,0.0,1.0,0.0,0.0,0.0,0.0
"[[1, 0], [1, 1]]","[[(0, 1), (0, 1)], [(1, 1), (0, 1)]]",40,1600,1.0,0.01,0.01,0.0,0.6,0.0,0.0,emotion,5,1,1.0,400,0.0,1.0,0.0,1.0,92.917,1.0,1.0,0.0,0.0,0.0,1.0,0.0,0.0,0.0,0.0
"[[1, 0], [1, 1]]","[[(0, 1), (0, 1)], [(1, 1), (0, 1)]]",40,1600,1.0,0.01,0.01,0.0,0.6,0.0,0.0,emotion,5,1,1.0,400,0.0,1.0,0.0,1.0,88.258,1.0,1.0,0.0,0.0,0.0,1.0,0.0,0.0,0.0,0.0
"[[1, 0], [1, 1]]","[[(0, 1), (0, 1)], [(1, 1), (0, 1)]]",40,1600,1.0,0.01,0.01,0.0,0.6,0.0,0.0,emotion,5,1,1.0,400,0.0,1.0,0.0,1.0,85.39,0.244,0.4,0.0,0.925,0.025,0.0,0.05,0.0,0.0,0.0
"[[1, 0], [1, 1]]","[[(0, 1), (0, 1)], [(1, 1), (0, 1)]]",40,1600,1.0,0.01,0.01,0.0,0.6,0.0,0.0,emotion,5,1,1.0,400,0.0,1.0,0.0,1.0,93.798,1.0,1.0,0.0,0.0,0.0,1.0,0.0,0.0,0.0,0.0
"[[1, 0], [1, 1]]","[[(0, 1), (0, 1)], [(1, 1), (0, 1)]]",40,1600,1.0,0.01,0.01,0.0,0.6,0.0,0.0,emotion,5,1,1.0,400,0.0,1.0,0.0,1.0,93.793,1.0,0.975,0.0,0.0,0.0,0.975,0.025,0.0,0.0,0.0
"[[1, 0], [1, 1]]","[[(0, 1), (0, 1)], [(1, 1), (0, 1)]]",40,1600,1.0,0.01,0.01,0.0,0.8,0.0,0.0,emotion,5,1,1.0,400,0.0,1.0,0.0,0.5,5.833,0.203,0.475,0.0,0.95,0.0,0.0,0.025,0.0,0.025,0.0
"[[1, 0], [1, 1]]","[[(0, 1), (0, 1)], [(1, 1), (0, 1)]]",40,1600,1.0,0.01,0.01,0.0,0.8,0.0,0.0,emotion,5,1,1.0,400,0.0,1.0,0.0,0.5,6.363,0.355,0.425,0.0,0.85,0.05,0.0,0.1,0.0,0.0,0.0
"[[1, 0], [1, 1]]","[[(0, 1), (0, 1)], [(1, 1), (0, 1)]]",40,1600,1.0,0.01,0.01,0.0,0.8,0.0,0.0,emotion,5,1,1.0,400,0.0,1.0,0.0,0.5,6.069,0.277,0.525,0.0,0.925,0.025,0.0,0.05,0.0,0.0,0.0
"[[1, 0], [1, 1]]","[[(0, 1), (0, 1)], [(1, 1), (0, 1)]]",40,1600,1.0,0.01,0.01,0.0,0.8,0.0,0.0,emotion,5,1,1.0,400,0.0,1.0,0.0,0.5,6.2,0.241,0.575,0.0,0.875,0.05,0.0,0.05,0.0,0.025,0.0
"[[1, 0], [1, 1]]","[[(0, 1), (0, 1)], [(1, 1), (0, 1)]]",40,1600,1.0,0.01,0.01,0.0,0.8,0.0,0.0,emotion,5,1,1.0,400,0.0,1.0,0.0,0.5,5.438,0.297,0.8,0.9,0.0,0.0,0.075,0.0,0.025,0.0,0.0
"[[1, 0], [1, 1]]","[[(0, 1), (0, 1)], [(1, 1), (0, 1)]]",40,1600,1.0,0.01,0.01,0.0,0.8,0.0,0.0,emotion,5,1,1.0,400,0.0,1.0,0.0,0.5,6.072,0.197,0.45,0.0,0.95,0.0,0.0,0.05,0.0,0.0,0.0
"[[1, 0], [1, 1]]","[[(0, 1), (0, 1)], [(1, 1), (0, 1)]]",40,1600,1.0,0.01,0.01,0.0,0.8,0.0,0.0,emotion,5,1,1.0,400,0.0,1.0,0.0,0.5,7.049,0.164,0.475,0.0,1.0,0.0,0.0,0.0,0.0,0.0,0.0
"[[1, 0], [1, 1]]","[[(0, 1), (0, 1)], [(1, 1), (0, 1)]]",40,1600,1.0,0.01,0.01,0.0,0.8,0.0,0.0,emotion,5,1,1.0,400,0.0,1.0,0.0,0.5,6.336,0.239,0.325,0.0,0.95,0.0,0.0,0.0,0.0,0.05,0.0
"[[1, 0], [1, 1]]","[[(0, 1), (0, 1)], [(1, 1), (0, 1)]]",40,1600,1.0,0.01,0.01,0.0,0.8,0.0,0.0,emotion,5,1,1.0,400,0.0,1.0,0.0,0.5,35.813,0.943,1.0,0.0,0.0,0.0,0.975,0.0,0.0,0.025,0.0
"[[1, 0], [1, 1]]","[[(0, 1), (0, 1)], [(1, 1), (0, 1)]]",40,1600,1.0,0.01,0.01,0.0,0.8,0.0,0.0,emotion,5,1,1.0,400,0.0,1.0,0.0,0.5,89.783,0.973,1.0,0.0,0.0,0.0,0.975,0.0,0.0,0.025,0.0
"[[1, 0], [1, 1]]","[[(0, 1), (0, 1)], [(1, 1), (0, 1)]]",40,1600,1.0,0.01,0.01,0.0,0.8,0.0,0.0,emotion,5,1,1.0,400,0.0,1.0,0.0,0.5,92.663,0.969,1.0,0.0,0.0,0.0,1.0,0.0,0.0,0.0,0.0
"[[1, 0], [1, 1]]","[[(0, 1), (0, 1)], [(1, 1), (0, 1)]]",40,1600,1.0,0.01,0.01,0.0,0.8,0.0,0.0,emotion,5,1,1.0,400,0.0,1.0,0.0,0.5,92.814,0.943,0.975,0.0,0.0,0.0,1.0,0.0,0.0,0.0,0.0
"[[1, 0], [1, 1]]","[[(0, 1), (0, 1)], [(1, 1), (0, 1)]]",40,1600,1.0,0.01,0.01,0.0,0.8,0.0,0.0,emotion,5,1,1.0,400,0.0,1.0,0.0,0.5,92.654,0.973,0.975,0.0,0.0,0.0,1.0,0.0,0.0,0.0,0.0
"[[1, 0], [1, 1]]","[[(0, 1), (0, 1)], [(1, 1), (0, 1)]]",40,1600,1.0,0.01,0.01,0.0,0.8,0.0,0.0,emotion,5,1,1.0,400,0.0,1.0,0.0,0.5,84.86,0.975,1.0,0.0,0.0,0.0,0.975,0.0,0.0,0.025,0.0
"[[1, 0], [1, 1]]","[[(0, 1), (0, 1)], [(1, 1), (0, 1)]]",40,1600,1.0,0.01,0.01,0.0,0.8,0.0,0.0,emotion,5,1,1.0,400,0.0,1.0,0.0,0.5,92.666,1.0,0.975,0.0,0.0,0.0,0.975,0.025,0.0,0.0,0.0
"[[1, 0], [1, 1]]","[[(0, 1), (0, 1)], [(1, 1), (0, 1)]]",40,1600,1.0,0.01,0.01,0.0,0.8,0.0,0.0,emotion,5,1,1.0,400,0.0,1.0,0.0,0.5,92.75,0.944,0.95,0.025,0.0,0.0,0.925,0.05,0.0,0.0,0.0
"[[1, 0], [1, 1]]","[[(0, 1), (0, 1)], [(1, 1), (0, 1)]]",40,1600,1.0,0.01,0.01,0.0,0.8,0.0,0.0,emotion,5,1,1.0,400,0.0,1.0,0.0,0.5,92.679,0.986,1.0,0.0,0.0,0.0,1.0,0.0,0.0,0.0,0.0
"[[1, 0], [1, 1]]","[[(0, 1), (0, 1)], [(1, 1), (0, 1)]]",40,1600,1.0,0.01,0.01,0.0,0.8,0.0,0.0,emotion,5,1,1.0,400,0.0,1.0,0.0,0.5,92.496,0.926,0.85,0.075,0.0,0.0,0.8,0.025,0.0,0.05,0.05
"[[1, 0], [1, 1]]","[[(0, 1), (0, 1)], [(1, 1), (0, 1)]]",40,1600,1.0,0.01,0.01,0.0,0.8,0.0,0.0,emotion,5,1,1.0,400,0.0,1.0,0.0,0.5,92.588,0.943,0.95,0.025,0.0,0.0,0.95,0.0,0.0,0.025,0.0
"[[1, 0], [1, 1]]","[[(0, 1), (0, 1)], [(1, 1), (0, 1)]]",40,1600,1.0,0.01,0.01,0.0,0.8,0.0,0.0,emotion,5,1,1.0,400,0.0,1.0,0.0,0.5,92.772,0.94,0.95,0.0,0.0,0.0,0.975,0.0,0.0,0.025,0.0
"[[1, 0], [1, 1]]","[[(0, 1), (0, 1)], [(1, 1), (0, 1)]]",40,1600,1.0,0.01,0.01,0.0,0.8,0.0,0.0,emotion,5,1,1.0,400,0.0,1.0,0.0,1.0,5.691,0.159,0.6,0.0,0.975,0.0,0.0,0.025,0.0,0.0,0.0
"[[1, 0], [1, 1]]","[[(0, 1), (0, 1)], [(1, 1), (0, 1)]]",40,1600,1.0,0.01,0.01,0.0,0.8,0.0,0.0,emotion,5,1,1.0,400,0.0,1.0,0.0,1.0,6.051,0.229,0.425,0.0,0.95,0.025,0.0,0.0,0.0,0.025,0.0
"[[1, 0], [1, 1]]","[[(0, 1), (0, 1)], [(1, 1), (0, 1)]]",40,1600,1.0,0.01,0.01,0.0,0.8,0.0,0.0,emotion,5,1,1.0,400,0.0,1.0,0.0,1.0,5.859,0.367,0.2,0.0,0.8,0.0,0.0,0.175,0.0,0.0,0.025
"[[1, 0], [1, 1]]","[[(0, 1), (0, 1)], [(1, 1), (0, 1)]]",40,1600,1.0,0.01,0.01,0.0,0.8,0.0,0.0,emotion,5,1,1.0,400,0.0,1.0,0.0,1.0,5.815,0.526,0.675,0.0,0.825,0.05,0.0,0.125,0.0,0.0,0.0
"[[1, 0], [1, 1]]","[[(0, 1), (0, 1)], [(1, 1), (0, 1)]]",40,1600,1.0,0.01,0.01,0.0,0.8,0.0,0.0,emotion,5,1,1.0,400,0.0,1.0,0.0,1.0,5.898,0.304,0.325,0.0,0.925,0.025,0.0,0.025,0.0,0.025,0.0
"[[1, 0], [1, 1]]","[[(0, 1), (0, 1)], [(1, 1), (0, 1)]]",40,1600,1.0,0.01,0.01,0.0,0.8,0.0,0.0,emotion,5,1,1.0,400,0.0,1.0,0.0,1.0,6.145,0.505,0.3,0.0,0.85,0.1,0.0,0.0,0.0,0.05,0.0
"[[1, 0], [1, 1]]","[[(0, 1), (0, 1)], [(1, 1), (0, 1)]]",40,1600,1.0,0.01,0.01,0.0,0.8,0.0,0.0,emotion,5,1,1.0,400,0.0,1.0,0.0,1.0,59.572,1.0,1.0,0.0,0.0,0.0,1.0,0.0,0.0,0.0,0.0
"[[1, 0], [1, 1]]","[[(0, 1), (0, 1)], [(1, 1), (0, 1)]]",40,1600,1.0,0.01,0.01,0.0,0.8,0.0,0.0,emotion,5,1,1.0,400,0.0,1.0,0.0,1.0,83.885,1.0,1.0,0.0,0.0,0.0,1.0,0.0,0.0,0.0,0.0
"[[1, 0], [1, 1]]","[[(0, 1), (0, 1)], [(1, 1), (0, 1)]]",40,1600,1.0,0.01,0.01,0.0,0.8,0.0,0.0,emotion,5,1,1.0,400,0.0,1.0,0.0,1.0,65.592,1.0,1.0,0.0,0.0,0.0,1.0,0.0,0.0,0.0,0.0
"[[1, 0], [1, 1]]","[[(0, 1), (0, 1)], [(1, 1), (0, 1)]]",40,1600,1.0,0.01,0.01,0.0,0.8,0.0,0.0,emotion,5,1,1.0,400,0.0,1.0,0.0,1.0,65.782,1.0,1.0,0.0,0.0,0.0,1.0,0.0,0.0,0.0,0.0
"[[1, 0], [1, 1]]","[[(0, 1), (0, 1)], [(1, 1), (0, 1)]]",40,1600,1.0,0.01,0.01,0.0,0.8,0.0,0.0,emotion,5,1,1.0,400,0.0,1.0,0.0,1.0,62.777,1.0,0.975,0.025,0.0,0.0,0.975,0.0,0.0,0.0,0.0
"[[1, 0], [1, 1]]","[[(0, 1), (0, 1)], [(1, 1), (0, 1)]]",40,1600,1.0,0.01,0.01,0.0,0.8,0.0,0.0,emotion,5,1,1.0,400,0.0,1.0,0.0,1.0,88.378,0.324,0.8,0.95,0.0,0.0,0.05,0.0,0.0,0.0,0.0
"[[1, 0], [1, 1]]","[[(0, 1), (0, 1)], [(1, 1), (0, 1)]]",40,1600,1.0,0.01,0.01,0.0,0.8,0.0,0.0,emotion,5,1,1.0,400,0.0,1.0,0.0,1.0,94.008,1.0,0.975,0.025,0.0,0.0,0.975,0.0,0.0,0.0,0.0
"[[1, 0], [1, 1]]","[[(0, 1), (0, 1)], [(1, 1), (0, 1)]]",40,1600,1.0,0.01,0.01,0.0,0.8,0.0,0.0,emotion,5,1,1.0,400,0.0,1.0,0.0,1.0,93.979,0.99,0.975,0.0,0.0,0.0,0.975,0.0,0.0,0.025,0.0
"[[1, 0], [1, 1]]","[[(0, 1), (0, 1)], [(1, 1), (0, 1)]]",40,1600,1.0,0.01,0.01,0.0,0.8,0.0,0.0,emotion,5,1,1.0,400,0.0,1.0,0.0,1.0,93.733,1.0,0.975,0.025,0.0,0.0,0.975,0.0,0.0,0.0,0.0
"[[1, 0], [1, 1]]","[[(0, 1), (0, 1)], [(1, 1), (0, 1)]]",40,1600,1.0,0.01,0.01,0.0,0.8,0.0,0.0,emotion,5,1,1.0,400,0.0,1.0,0.0,1.0,93.885,1.0,1.0,0.0,0.0,0.0,1.0,0.0,0.0,0.0,0.0
"[[1, 0], [1, 1]]","[[(0, 1), (0, 1)], [(1, 1), (0, 1)]]",40,1600,1.0,0.01,0.01,0.0,0.8,0.0,0.0,emotion,5,1,1.0,400,0.0,1.0,0.0,1.0,94.107,0.974,0.9,0.0,0.0,0.0,0.9,0.0,0.075,0.025,0.0
"[[1, 0], [1, 1]]","[[(0, 1), (0, 1)], [(1, 1), (0, 1)]]",40,1600,1.0,0.01,0.01,0.0,0.8,0.0,0.0,emotion,5,1,1.0,400,0.0,1.0,0.0,1.0,84.799,0.99,0.95,0.0,0.0,0.0,0.95,0.025,0.0,0.025,0.0
"[[1, 0], [1, 1]]","[[(0, 1), (0, 1)], [(1, 1), (0, 1)]]",40,1600,1.0,0.01,0.01,0.0,0.8,0.0,0.0,emotion,5,1,1.0,400,0.0,1.0,0.0,1.0,93.831,0.99,0.975,0.025,0.0,0.0,0.95,0.0,0.0,0.025,0.0
"[[1, 0], [1, 1]]","[[(0, 1), (0, 1)], [(1, 1), (0, 1)]]",40,1600,1.0,0.01,0.01,0.0,0.8,0.0,0.0,emotion,5,1,1.0,400,0.0,1.0,0.0,1.0,93.35,1.0,0.975,0.025,0.0,0.0,0.975,0.0,0.0,0.0,0.0
"[[0, 0], [1, 1]]","[[(1, 1), (0, 0)], [(1, 0), (0, 1)]]",40,1600,1.0,0.01,0.01,0.0,0.4,0.0,0.0,emotion,5,1,1.0,400,0.0,1.0,0.0,0.5,20.563,0.882,0.275,0.0,0.525,0.175,0.025,0.175,0.0,0.05,0.05
"[[0, 0], [1, 1]]","[[(1, 1), (0, 0)], [(1, 0), (0, 1)]]",40,1600,1.0,0.01,0.01,0.0,0.4,0.0,0.0,emotion,5,1,1.0,400,0.0,1.0,0.0,0.5,15.825,0.946,0.075,0.775,0.0,0.0,0.15,0.0,0.075,0.0,0.0
"[[0, 0], [1, 1]]","[[(1, 1), (0, 0)], [(1, 0), (0, 1)]]",40,1600,1.0,0.01,0.01,0.0,0.4,0.0,0.0,emotion,5,1,1.0,400,0.0,1.0,0.0,0.5,20.928,0.852,0.225,0.0,0.5,0.3,0.0,0.0,0.05,0.075,0.075
"[[0, 0], [1, 1]]","[[(1, 1), (0, 0)], [(1, 0), (0, 1)]]",40,1600,1.0,0.01,0.01,0.0,0.4,0.0,0.0,emotion,5,1,1.0,400,0.0,1.0,0.0,0.5,19.13,0.973,0.0,0.75,0.0,0.0,0.225,0.0,0.025,0.0,0.0
"[[0, 0], [1, 1]]","[[(1, 1), (0, 0)], [(1, 0), (0, 1)]]",40,1600,1.0,0.01,0.01,0.0,0.4,0.0,0.0,emotion,5,1,1.0,400,0.0,1.0,0.0,0.5,28.615,0.984,0.05,0.0,0.875,0.075,0.0,0.0,0.0,0.05,0.0
"[[0, 0], [1, 1]]","[[(1, 1), (0, 0)], [(1, 0), (0, 1)]]",40,1600,1.0,0.01,0.01,0.0,0.4,0.0,0.0,emotion,5,1,1.0,400,0.0,1.0,0.0,0.5,17.79,0.993,0.0,0.0,1.0,0.0,0.0,0.0,0.0,0.0,0.0
"[[0, 0], [1, 1]]","[[(1, 1), (0, 0)], [(1, 0), (0, 1)]]",40,1600,1.0,0.01,0.01,0.0,0.4,0.0,0.0,emotion,5,1,1.0,400,0.0,1.0,0.0,0.5,20.607,0.995,0.0,0.675,0.325,0.0,0.0,0.0,0.0,0.0,0.0
"[[0, 0], [1, 1]]","[[(1, 1), (0, 0)], [(1, 0), (0, 1)]]",40,1600,1.0,0.01,0.01,0.0,0.4,0.0,0.0,emotion,5,1,1.0,400,0.0,1.0,0.0,0.5,26.685,0.447,0.675,0.0,0.125,0.25,0.0,0.075,0.0,0.5,0.05
"[[0, 0], [1, 1]]","[[(1, 1), (0, 0)], [(1, 0), (0, 1)]]",40,1600,1.0,0.01,0.01,0.0,0.4,0.0,0.0,emotion,5,1,1.0,400,0.0,1.0,0.0,0.5,32.121,0.969,0.0,0.9,0.075,0.025,0.0,0.0,0.0,0.0,0.0
"[[0, 0], [1, 1]]","[[(1, 1), (0, 0)], [(1, 0), (0, 1)]]",40,1600,1.0,0.01,0.01,0.0,0.4,0.0,0.0,emotion,5,1,1.0,400,0.0,1.0,0.0,0.5,31.748,0.945,0.0,0.975,0.0,0.0,0.025,0.0,0.0,0.0,0.0
"[[0, 0], [1, 1]]","[[(1, 1), (0, 0)], [(1, 0), (0, 1)]]",40,1600,1.0,0.01,0.01,0.0,0.4,0.0,0.0,emotion,5,1,1.0,400,0.0,1.0,0.0,0.5,32.82,0.343,0.8,0.0,0.0,0.0,0.525,0.0,0.0,0.475,0.0
"[[0, 0], [1, 1]]","[[(1, 1), (0, 0)], [(1, 0), (0, 1)]]",40,1600,1.0,0.01,0.01,0.0,0.4,0.0,0.0,emotion,5,1,1.0,400,0.0,1.0,0.0,0.5,33.584,0.921,0.0,0.9,0.0,0.0,0.1,0.0,0.0,0.0,0.0
"[[0, 0], [1, 1]]","[[(1, 1), (0, 0)], [(1, 0), (0, 1)]]",40,1600,1.0,0.01,0.01,0.0,0.4,0.0,0.0,emotion,5,1,1.0,400,0.0,1.0,0.0,0.5,27.119,0.999,0.025,0.0,0.95,0.025,0.0,0.0,0.0,0.025,0.0
"[[0, 0], [1, 1]]","[[(1, 1), (0, 0)], [(1, 0), (0, 1)]]",40,1600,1.0,0.01,0.01,0.0,0.4,0.0,0.0,emotion,5,1,1.0,400,0.0,1.0,0.0,0.5,36.099,0.403,0.775,0.0,0.0,0.0,0.475,0.0,0.0,0.525,0.0
"[[0, 0], [1, 1]]","[[(1, 1), (0, 0)], [(1, 0), (0, 1)]]",40,1600,1.0,0.01,0.01,0.0,0.4,0.0,0.0,emotion,5,1,1.0,400,0.0,1.0,0.0,0.5,29.105,0.988,0.025,0.0,0.925,0.05,0.0,0.025,0.0,0.0,0.0
"[[0, 0], [1, 1]]","[[(1, 1), (0, 0)], [(1, 0), (0, 1)]]",40,1600,1.0,0.01,0.01,0.0,0.4,0.0,0.0,emotion,5,1,1.0,400,0.0,1.0,0.0,0.5,43.665,0.613,0.325,0.175,0.0,0.0,0.6,0.0,0.175,0.05,0.0
"[[0, 0], [1, 1]]","[[(1, 1), (0, 0)], [(1, 0), (0, 1)]]",40,1600,1.0,0.01,0.01,0.0,0.4,0.0,0.0,emotion,5,1,1.0,400,0.0,1.0,0.0,0.5,27.983,0.936,0.025,0.0,0.975,0.0,0.0,0.025,0.0,0.0,0.0
"[[0, 0], [1, 1]]","[[(1, 1), (0, 0)], [(1, 0), (0, 1)]]",40,1600,1.0,0.01,0.01,0.0,0.4,0.0,0.0,emotion,5,1,1.0,400,0.0,1.0,0.0,0.5,34.728,0.812,0.325,0.0,0.35,0.275,0.0,0.125,0.05,0.15,0.05
"[[0, 0], [1, 1]]","[[(1, 1), (0, 0)], [(1, 0), (0, 1)]]",40,1600,1.0,0.01,0.01,0.0,0.4,0.0,0.0,emotion,5,1,1.0,400,0.0,1.0,0.0,0.5,25.674,0.69,0.2,0.5,0.0,0.15,0.3,0.025,0.0,0.0,0.025
"[[0, 0], [1, 1]]","[[(1, 1), (0, 0)], [(1, 0), (0, 1)]]",40,1600,1.0,0.01,0.01,0.0,0.4,0.0,0.0,emotion,5,1,1.0,400,0.0,1.0,0.0,0.5,34.447,0.669,0.65,0.25,0.0,0.0,0.25,0.075,0.0,0.0,0.425
"[[0, 0], [1, 1]]","[[(1, 1), (0, 0)], [(1, 0), (0, 1)]]",40,1600,1.0,0.01,0.01,0.0,0.4,0.0,0.0,emotion,5,1,1.0,400,0.0,1.0,0.0,1.0,14.954,0.942,0.0,0.0,1.0,0.0,0.0,0.0,0.0,0.0,0.0
"[[0, 0], [1, 1]]","[[(1, 1), (0, 0)], [(1, 0), (0, 1)]]",40,1600,1.0,0.01,0.01,0.0,0.4,0.0,0.0,emotion,5,1,1.0,400,0.0,1.0,0.0,1.0,13.191,0.503,0.325,0.3,0.0,0.0,0.475,0.025,0.0,0.0,0.2
"[[0, 0], [1, 1]]","[[(1, 1), (0, 0)], [(1, 0), (0, 1)]]",40,1600,1.0,0.01,0.01,0.0,0.4,0.0,0.0,emotion,5,1,1.0,400,0.0,1.0,0.0,1.0,20.686,0.979,0.025,0.2,0.7,0.075,0.0,0.025,0.0,0.0,0.0
"[[0, 0], [1, 1]]","[[(1, 1), (0, 0)], [(1, 0), (0, 1)]]",40,1600,1.0,0.01,0.01,0.0,0.4,0.0,0.0,emotion,5,1,1.0,400,0.0,1.0,0.0,1.0,16.073,0.879,0.125,0.0,0.725,0.0,0.125,0.15,0.0,0.0,0.0
"[[0, 0], [1, 1]]","[[(1, 1), (0, 0)], [(1, 0), (0, 1)]]",40,1600,1.0,0.01,0.01,0.0,0.4,0.0,0.0,emotion,5,1,1.0,400,0.0,1.0,0.0,1.0,19.726,0.959,0.05,0.0,0.95,0.0,0.0,0.05,0.0,0.0,0.0
"[[0, 0], [1, 1]]","[[(1, 1), (0, 0)], [(1, 0), (0, 1)]]",40,1600,1.0,0.01,0.01,0.0,0.4,0.0,0.0,emotion,5,1,1.0,400,0.0,1.0,0.0,1.0,20.715,0.43,0.725,0.075,0.0,0.0,0.825,0.0,0.0,0.1,0.0
"[[0, 0], [1, 1]]","[[(1, 1), (0, 0)], [(1, 0), (0, 1)]]",40,1600,1.0,0.01,0.01,0.0,0.4,0.0,0.0,emotion,5,1,1.0,400,0.0,1.0,0.0,1.0,19.031,0.291,0.55,0.0,0.0,0.0,0.85,0.05,0.0,0.1,0.0
"[[0, 0], [1, 1]]","[[(1, 1), (0, 0)], [(1, 0), (0, 1)]]",40,1600,1.0,0.01,0.01,0.0,0.4,0.0,0.0,emotion,5,1,1.0,400,0.0,1.0,0.0,1.0,19.301,0.945,0.125,0.0,0.75,0.125,0.0,0.0,0.1,0.025,0.0
"[[0, 0], [1, 1]]","[[(1, 1), (0, 0)], [(1, 0), (0, 1)]]",40,1600,1.0,0.01,0.01,0.0,0.4,0.0,0.0,emotion,5,1,1.0,400,0.0,1.0,0.0,1.0,23.019,0.688,0.15,0.625,0.0,0.025,0.125,0.0,0.175,0.025,0.025
"[[0, 0], [1, 1]]","[[(1, 1), (0, 0)], [(1, 0), (0, 1)]]",40,1600,1.0,0.01,0.01,0.0,0.4,0.0,0.0,emotion,5,1,1.0,400,0.0,1.0,0.0,1.0,33.082,0.926,0.05,0.0,0.95,0.0,0.0,0.05,0.0,0.0,0.0
"[[0, 0], [1, 1]]","[[(1, 1), (0, 0)], [(1, 0), (0, 1)]]",40,1600,1.0,0.01,0.01,0.0,0.4,0.0,0.0,emotion,5,1,1.0,400,0.0,1.0,0.0,1.0,31.321,0.344,0.725,0.05,0.0,0.0,0.55,0.0,0.0,0.025,0.375
"[[0, 0], [1, 1]]","[[(1, 1), (0, 0)], [(1, 0), (0, 1)]]",40,1600,1.0,0.01,0.01,0.0,0.4,0.0,0.0,emotion,5,1,1.0,400,0.0,1.0,0.0,1.0,30.884,0.905,0.1,0.0,0.725,0.175,0.0,0.0,0.1,0.0,0.0
"[[0, 0], [1, 1]]","[[(1, 1), (0, 0)], [(1, 0), (0, 1)]]",40,1600,1.0,0.01,0.01,0.0,0.4,0.0,0.0,emotion,5,1,1.0,400,0.0,1.0,0.0,1.0,27.683,0.986,0.075,0.0,0.9,0.025,0.0,0.0,0.0,0.075,0.0
"[[0, 0], [1, 1]]","[[(1, 1), (0, 0)], [(1, 0), (0, 1)]]",40,1600,1.0,0.01,0.01,0.0,0.4,0.0,0.0,emotion,5,1,1.0,400,0.0,1.0,0.0,1.0,31.518,0.895,0.05,0.95,0.0,0.0,0.025,0.0,0.025,0.0,0.0
"[[0, 0], [1, 1]]","[[(1, 1), (0, 0)], [(1, 0), (0, 1)]]",40,1600,1.0,0.01,0.01,0.0,0.4,0.0,0.0,emotion,5,1,1.0,400,0.0,1.0,0.0,1.0,31.917,0.963,0.05,0.0,0.925,0.025,0.0,0.05,0.0,0.0,0.0
"[[0, 0], [1, 1]]","[[(1, 1), (0, 0)], [(1, 0), (0, 1)]]",40,1600,1.0,0.01,0.01,0.0,0.4,0.0,0.0,emotion,5,1,1.0,400,0.0,1.0,0.0,1.0,32.801,0.375,0.6,0.0,0.0,0.0,0.95,0.05,0.0,0.0,0.0
"[[0, 0], [1, 1]]","[[(1, 1), (0, 0)], [(1, 0), (0, 1)]]",40,1600,1.0,0.01,0.01,0.0,0.4,0.0,0.0,emotion,5,1,1.0,400,0.0,1.0,0.0,1.0,29.039,0.91,0.0,0.85,0.0,0.0,0.15,0.0,0.0,0.0,0.0
"[[0, 0], [1, 1]]","[[(1, 1), (0, 0)], [(1, 0), (0, 1)]]",40,1600,1.0,0.01,0.01,0.0,0.4,0.0,0.0,emotion,5,1,1.0,400,0.0,1.0,0.0,1.0,34.563,0.92,0.075,0.0,0.8,0.125,0.0,0.025,0.0,0.025,0.025
"[[0, 0], [1, 1]]","[[(1, 1), (0, 0)], [(1, 0), (0, 1)]]",40,1600,1.0,0.01,0.01,0.0,0.4,0.0,0.0,emotion,5,1,1.0,400,0.0,1.0,0.0,1.0,35.129,0.876,0.1,0.725,0.0,0.0,0.225,0.0,0.0,0.05,0.0
"[[0, 0], [1, 1]]","[[(1, 1), (0, 0)], [(1, 0), (0, 1)]]",40,1600,1.0,0.01,0.01,0.0,0.4,0.0,0.0,emotion,5,1,1.0,400,0.0,1.0,0.0,1.0,48.66,0.263,0.6,0.025,0.05,0.0,0.4,0.125,0.0,0.15,0.25
"[[0, 0], [1, 1]]","[[(1, 1), (0, 0)], [(1, 0), (0, 1)]]",40,1600,1.0,0.01,0.01,0.0,0.6,0.0,0.0,emotion,5,1,1.0,400,0.0,1.0,0.0,0.5,13.931,0.839,0.35,0.275,0.0,0.425,0.15,0.0,0.025,0.075,0.05
"[[0, 0], [1, 1]]","[[(1, 1), (0, 0)], [(1, 0), (0, 1)]]",40,1600,1.0,0.01,0.01,0.0,0.6,0.0,0.0,emotion,5,1,1.0,400,0.0,1.0,0.0,0.5,25.577,0.997,0.075,0.9,0.0,0.0,0.025,0.0,0.05,0.0,0.025
"[[0, 0], [1, 1]]","[[(1, 1), (0, 0)], [(1, 0), (0, 1)]]",40,1600,1.0,0.01,0.01,0.0,0.6,0.0,0.0,emotion,5,1,1.0,400,0.0,1.0,0.0,0.5,22.967,0.424,0.8,0.0,0.0,0.55,0.0,0.0,0.05,0.3,0.1
"[[0, 0], [1, 1]]","[[(1, 1), (0, 0)], [(1, 0), (0, 1)]]",40,1600,1.0,0.01,0.01,0.0,0.6,0.0,0.0,emotion,5,1,1.0,400,0.0,1.0,0.0,0.5,28.475,0.515,0.7,0.0,0.0,0.0,0.375,0.3,0.0,0.325,0.0
"[[0, 0], [1, 1]]","[[(1, 1), (0, 0)], [(1, 0), (0, 1)]]",40,1600,1.0,0.01,0.01,0.0,0.6,0.0,0.0,emotion,5,1,1.0,400,0.0,1.0,0.0,0.5,28.34,0.986,0.025,0.0,0.95,0.0,0.025,0.0,0.0,0.025,0.0
"[[0, 0], [1, 1]]","[[(1, 1), (0, 0)], [(1, 0), (0, 1)]]",40,1600,1.0,0.01,0.01,0.0,0.6,0.0,0.0,emotion,5,1,1.0,400,0.0,1.0,0.0,0.5,19.498,0.909,0.05,0.45,0.025,0.0,0.525,0.0,0.0,0.0,0.0
"[[0, 0], [1, 1]]","[[(1, 1), (0, 0)], [(1, 0), (0, 1)]]",40,1600,1.0,0.01,0.01,0.0,0.6,0.0,0.0,emotion,5,1,1.0,400,0.0,1.0,0.0,0.5,19.546,0.959,0.075,0.9,0.0,0.0,0.05,0.0,0.05,0.0,0.0
"[[0, 0], [1, 1]]","[[(1, 1), (0, 0)], [(1, 0), (0, 1)]]",40,1600,1.0,0.01,0.01,0.0,0.6,0.0,0.0,emotion,5,1,1.0,400,0.0,1.0,0.0,0.5,30.448,0.579,0.75,0.0,0.0,0.025,0.85,0.0,0.0,0.125,0.0
"[[0, 0], [1, 1]]","[[(1, 1), (0, 0)], [(1, 0), (0, 1)]]",40,1600,1.0,0.01,0.01,0.0,0.6,0.0,0.0,emotion,5,1,1.0,400,0.0,1.0,0.0,0.5,27.03,0.507,0.525,0.025,0.0,0.0,0.9,0.075,0.0,0.0,0.0
"[[0, 0], [1, 1]]","[[(1, 1), (0, 0)], [(1, 0), (0, 1)]]",40,1600,1.0,0.01,0.01,0.0,0.6,0.0,0.0,emotion,5,1,1.0,400,0.0,1.0,0.0,0.5,19.598,1.0,0.125,0.0,0.875,0.0,0.0,0.0,0.0,0.125,0.0
"[[0, 0], [1, 1]]","[[(1, 1), (0, 0)], [(1, 0), (0, 1)]]",40,1600,1.0,0.01,0.01,0.0,0.6,0.0,0.0,emotion,5,1,1.0,400,0.0,1.0,0.0,0.5,38.679,0.996,0.05,0.0,0.925,0.025,0.0,0.0,0.0,0.05,0.0
"[[0, 0], [1, 1]]","[[(1, 1), (0, 0)], [(1, 0), (0, 1)]]",40,1600,1.0,0.01,0.01,0.0,0.6,0.0,0.0,emotion,5,1,1.0,400,0.0,1.0,0.0,0.5,31.777,0.939,0.05,0.725,0.0,0.0,0.25,0.025,0.0,0.0,0.0
"[[0, 0], [1, 1]]","[[(1, 1), (0, 0)], [(1, 0), (0, 1)]]",40,1600,1.0,0.01,0.01,0.0,0.6,0.0,0.0,emotion,5,1,1.0,400,0.0,1.0,0.0,0.5,33.527,0.543,0.8,0.0,0.0,0.025,0.775,0.0,0.0,0.0,0.2
"[[0, 0], [1, 1]]","[[(1, 1), (0, 0)], [(1, 0), (0, 1)]]",40,1600,1.0,0.01,0.01,0.0,0.6,0.0,0.0,emotion,5,1,1.0,400,0.0,1.0,0.0,0.5,42.864,0.944,0.075,0.95,0.0,0.0,0.025,0.0,0.025,0.0,0.0
"[[0, 0], [1, 1]]","[[(1, 1), (0, 0)], [(1, 0), (0, 1)]]",40,1600,1.0,0.01,0.01,0.0,0.6,0.0,0.0,emotion,5,1,1.0,400,0.0,1.0,0.0,0.5,35.721,0.571,0.775,0.0,0.0,0.0,0.95,0.0,0.0,0.05,0.0
"[[0, 0], [1, 1]]","[[(1, 1), (0, 0)], [(1, 0), (0, 1)]]",40,1600,1.0,0.01,0.01,0.0,0.6,0.0,0.0,emotion,5,1,1.0,400,0.0,1.0,0.0,0.5,35.79,0.972,0.05,0.3,0.625,0.0,0.025,0.025,0.025,0.0,0.0
"[[0, 0], [1, 1]]","[[(1, 1), (0, 0)], [(1, 0), (0, 1)]]",40,1600,1.0,0.01,0.01,0.0,0.6,0.0,0.0,emotion,5,1,1.0,400,0.0,1.0,0.0,0.5,21.105,0.84,0.075,0.0,0.625,0.3,0.0,0.0,0.025,0.05,0.0
"[[0, 0], [1, 1]]","[[(1, 1), (0, 0)], [(1, 0), (0, 1)]]",40,1600,1.0,0.01,0.01,0.0,0.6,0.0,0.0,emotion,5,1,1.0,400,0.0,1.0,0.0,0.5,42.081,0.836,0.375,0.55,0.0,0.0,0.05,0.175,0.0,0.0,0.225
"[[0, 0], [1, 1]]","[[(1, 1), (0, 0)], [(1, 0), (0, 1)]]",40,1600,1.0,0.01,0.01,0.0,0.6,0.0,0.0,emotion,5,1,1.0,400,0.0,1.0,0.0,0.5,46.36,0.793,0.9,0.025,0.0,0.025,0.325,0.05,0.0,0.025,0.55
"[[0, 0], [1, 1]]","[[(1, 1), (0, 0)], [(1, 0), (0, 1)]]",40,1600,1.0,0.01,0.01,0.0,0.6,0.0,0.0,emotion,5,1,1.0,400,0.0,1.0,0.0,0.5,47.109,0.999,0.075,0.85,0.0,0.0,0.075,0.05,0.0,0.0,0.025
"[[0, 0], [1, 1]]","[[(1, 1), (0, 0)], [(1, 0), (0, 1)]]",40,1600,1.0,0.01,0.01,0.0,0.6,0.0,0.0,emotion,5,1,1.0,400,0.0,1.0,0.0,1.0,37.992,0.472,0.675,0.0,0.0,0.0,0.925,0.0,0.0,0.075,0.0
"[[0, 0], [1, 1]]","[[(1, 1), (0, 0)], [(1, 0), (0, 1)]]",40,1600,1.0,0.01,0.01,0.0,0.6,0.0,0.0,emotion,5,1,1.0,400,0.0,1.0,0.0,1.0,39.796,0.434,0.625,0.0,0.0,0.0,0.9,0.05,0.0,0.025,0.025
"[[0, 0], [1, 1]]","[[(1, 1), (0, 0)], [(1, 0), (0, 1)]]",40,1600,1.0,0.01,0.01,0.0,0.6,0.0,0.0,emotion,5,1,1.0,400,0.0,1.0,0.0,1.0,41.099,0.972,0.0,0.9,0.0,0.0,0.1,0.0,0.0,0.0,0.0
"[[0, 0], [1, 1]]","[[(1, 1), (0, 0)], [(1, 0), (0, 1)]]",40,1600,1.0,0.01,0.01,0.0,0.6,0.0,0.0,emotion,5,1,1.0,400,0.0,1.0,0.0,1.0,27.175,0.977,0.05,0.975,0.0,0.0,0.0,0.0,0.025,0.0,0.0
"[[0, 0], [1, 1]]","[[(1, 1), (0, 0)], [(1, 0), (0, 1)]]",40,1600,1.0,0.01,0.01,0.0,0.6,0.0,0.0,emotion,5,1,1.0,400,0.0,1.0,0.0,1.0,39.053,0.401,0.525,0.0,0.0,0.0,0.9,0.025,0.0,0.075,0.0
"[[0, 0], [1, 1]]","[[(1, 1), (0, 0)], [(1, 0), (0, 1)]]",40,1600,1.0,0.01,0.01,0.0,0.6,0.0,0.0,emotion,5,1,1.0,400,0.0,1.0,0.0,1.0,44.238,0.466,0.65,0.025,0.0,0.0,0.925,0.05,0.0,0.0,0.0
"[[0, 0], [1, 1]]","[[(1, 1), (0, 0)], [(1, 0), (0, 1)]]",40,1600,1.0,0.01,0.01,0.0,0.6,0.0,0.0,emotion,5,1,1.0,400,0.0,1.0,0.0,1.0,36.462,0.927,0.125,0.725,0.0,0.0,0.2,0.025,0.025,0.025,0.0
"[[0, 0], [1, 1]]","[[(1, 1), (0, 0)], [(1, 0), (0, 1)]]",40,1600,1.0,0.01,0.01,0.0,0.6,0.0,0.0,emotion,5,1,1.0,400,0.0,1.0,0.0,1.0,42.669,0.857,0.175,0.75,0.0,0.0,0.125,0.0,0.1,0.0,0.025
"[[0, 0], [1, 1]]","[[(1, 1), (0, 0)], [(1, 0), (0, 1)]]",40,1600,1.0,0.01,0.01,0.0,0.6,0.0,0.0,emotion,5,1,1.0,400,0.0,1.0,0.0,1.0,47.065,0.456,0.75,0.0,0.0,0.0,0.7,0.05,0.0,0.25,0.0
"[[0, 0], [1, 1]]","[[(1, 1), (0, 0)], [(1, 0), (0, 1)]]",40,1600,1.0,0.01,0.01,0.0,0.6,0.0,0.0,emotion,5,1,1.0,400,0.0,1.0,0.0,1.0,49.07,0.94,0.1,0.0,0.85,0.05,0.0,0.1,0.0,0.0,0.0
"[[0, 0], [1, 1]]","[[(1, 1), (0, 0)], [(1, 0), (0, 1)]]",40,1600,1.0,0.01,0.01,0.0,0.6,0.0,0.0,emotion,5,1,1.0,400,0.0,1.0,0.0,1.0,45.086,0.966,0.025,0.0,0.975,0.025,0.0,0.0,0.0,0.0,0.0
"[[0, 0], [1, 1]]","[[(1, 1), (0, 0)], [(1, 0), (0, 1)]]",40,1600,1.0,0.01,0.01,0.0,0.6,0.0,0.0,emotion,5,1,1.0,400,0.0,1.0,0.0,1.0,41.385,0.455,0.775,0.0,0.0,0.0,0.975,0.025,0.0,0.0,0.0
"[[0, 0], [1, 1]]","[[(1, 1), (0, 0)], [(1, 0), (0, 1)]]",40,1600,1.0,0.01,0.01,0.0,0.6,0.0,0.0,emotion,5,1,1.0,400,0.0,1.0,0.0,1.0,41.681,0.323,0.6,0.0,0.0,0.0,0.7,0.1,0.0,0.2,0.0
"[[0, 0], [1, 1]]","[[(1, 1), (0, 0)], [(1, 0), (0, 1)]]",40,1600,1.0,0.01,0.01,0.0,0.6,0.0,0.0,emotion,5,1,1.0,400,0.0,1.0,0.0,1.0,41.981,0.491,0.725,0.025,0.0,0.0,0.85,0.0,0.0,0.025,0.1
"[[0, 0], [1, 1]]","[[(1, 1), (0, 0)], [(1, 0), (0, 1)]]",40,1600,1.0,0.01,0.01,0.0,0.6,0.0,0.0,emotion,5,1,1.0,400,0.0,1.0,0.0,1.0,51.329,0.869,0.1,0.3,0.025,0.525,0.1,0.05,0.0,0.0,0.0
"[[0, 0], [1, 1]]","[[(1, 1), (0, 0)], [(1, 0), (0, 1)]]",40,1600,1.0,0.01,0.01,0.0,0.6,0.0,0.0,emotion,5,1,1.0,400,0.0,1.0,0.0,1.0,49.095,0.723,0.225,0.0,0.6,0.175,0.0,0.0,0.225,0.0,0.0
"[[0, 0], [1, 1]]","[[(1, 1), (0, 0)], [(1, 0), (0, 1)]]",40,1600,1.0,0.01,0.01,0.0,0.6,0.0,0.0,emotion,5,1,1.0,400,0.0,1.0,0.0,1.0,50.931,0.969,0.1,0.0,0.675,0.225,0.0,0.075,0.0,0.025,0.0
"[[0, 0], [1, 1]]","[[(1, 1), (0, 0)], [(1, 0), (0, 1)]]",40,1600,1.0,0.01,0.01,0.0,0.6,0.0,0.0,emotion,5,1,1.0,400,0.0,1.0,0.0,1.0,56.739,0.447,0.8,0.0,0.0,0.0,1.0,0.0,0.0,0.0,0.0
"[[0, 0], [1, 1]]","[[(1, 1), (0, 0)], [(1, 0), (0, 1)]]",40,1600,1.0,0.01,0.01,0.0,0.6,0.0,0.0,emotion,5,1,1.0,400,0.0,1.0,0.0,1.0,57.587,0.964,0.025,0.85,0.0,0.0,0.125,0.0,0.025,0.0,0.0
"[[0, 0], [1, 1]]","[[(1, 1), (0, 0)], [(1, 0), (0, 1)]]",40,1600,1.0,0.01,0.01,0.0,0.6,0.0,0.0,emotion,5,1,1.0,400,0.0,1.0,0.0,1.0,56.04,0.423,0.725,0.0,0.0,0.0,0.925,0.0,0.0,0.075,0.0
"[[0, 0], [1, 1]]","[[(1, 1), (0, 0)], [(1, 0), (0, 1)]]",40,1600,1.0,0.01,0.01,0.0,0.8,0.0,0.0,emotion,5,1,1.0,400,0.0,1.0,0.0,0.5,23.802,0.646,0.65,0.0,0.0,0.0,0.875,0.05,0.0,0.075,0.0
"[[0, 0], [1, 1]]","[[(1, 1), (0, 0)], [(1, 0), (0, 1)]]",40,1600,1.0,0.01,0.01,0.0,0.8,0.0,0.0,emotion,5,1,1.0,400,0.0,1.0,0.0,0.5,29.966,0.997,0.125,0.875,0.0,0.0,0.0,0.0,0.025,0.0,0.1
"[[0, 0], [1, 1]]","[[(1, 1), (0, 0)], [(1, 0), (0, 1)]]",40,1600,1.0,0.01,0.01,0.0,0.8,0.0,0.0,emotion,5,1,1.0,400,0.0,1.0,0.0,0.5,31.715,0.982,0.025,0.0,0.925,0.05,0.0,0.0,0.0,0.025,0.0
"[[0, 0], [1, 1]]","[[(1, 1), (0, 0)], [(1, 0), (0, 1)]]",40,1600,1.0,0.01,0.01,0.0,0.8,0.0,0.0,emotion,5,1,1.0,400,0.0,1.0,0.0,0.5,36.876,0.733,0.525,0.0,0.0,0.0,0.225,0.675,0.0,0.025,0.075
"[[0, 0], [1, 1]]","[[(1, 1), (0, 0)], [(1, 0), (0, 1)]]",40,1600,1.0,0.01,0.01,0.0,0.8,0.0,0.0,emotion,5,1,1.0,400,0.0,1.0,0.0,0.5,30.902,0.979,0.025,0.9,0.0,0.0,0.025,0.0,0.025,0.0,0.05
"[[0, 0], [1, 1]]","[[(1, 1), (0, 0)], [(1, 0), (0, 1)]]",40,1600,1.0,0.01,0.01,0.0,0.8,0.0,0.0,emotion,5,1,1.0,400,0.0,1.0,0.0,0.5,39.994,0.718,0.825,0.0,0.0,0.0,1.0,0.0,0.0,0.0,0.0
"[[0, 0], [1, 1]]","[[(1, 1), (0, 0)], [(1, 0), (0, 1)]]",40,1600,1.0,0.01,0.01,0.0,0.8,0.0,0.0,emotion,5,1,1.0,400,0.0,1.0,0.0,0.5,48.642,0.831,0.875,0.0,0.0,0.05,0.475,0.0,0.0,0.0,0.475
"[[0, 0], [1, 1]]","[[(1, 1), (0, 0)], [(1, 0), (0, 1)]]",40,1600,1.0,0.01,0.01,0.0,0.8,0.0,0.0,emotion,5,1,1.0,400,0.0,1.0,0.0,0.5,50.922,0.915,0.9,0.025,0.0,0.0,0.525,0.0,0.0,0.0,0.45
"[[0, 0], [1, 1]]","[[(1, 1), (0, 0)], [(1, 0), (0, 1)]]",40,1600,1.0,0.01,0.01,0.0,0.8,0.0,0.0,emotion,5,1,1.0,400,0.0,1.0,0.0,0.5,46.623,0.684,0.725,0.0,0.0,0.0,1.0,0.0,0.0,0.0,0.0
"[[0, 0], [1, 1]]","[[(1, 1), (0, 0)], [(1, 0), (0, 1)]]",40,1600,1.0,0.01,0.01,0.0,0.8,0.0,0.0,emotion,5,1,1.0,400,0.0,1.0,0.0,0.5,51.661,0.809,0.875,0.0,0.0,0.0,1.0,0.0,0.0,0.0,0.0
"[[0, 0], [1, 1]]","[[(1, 1), (0, 0)], [(1, 0), (0, 1)]]",40,1600,1.0,0.01,0.01,0.0,0.8,0.0,0.0,emotion,5,1,1.0,400,0.0,1.0,0.0,0.5,44.67,0.977,0.0,0.0,0.85,0.15,0.0,0.0,0.0,0.0,0.0
"[[0, 0], [1, 1]]","[[(1, 1), (0, 0)], [(1, 0), (0, 1)]]",40,1600,1.0,0.01,0.01,0.0,0.8,0.0,0.0,emotion,5,1,1.0,400,0.0,1.0,0.0,0.5,54.648,0.729,0.75,0.0,0.0,0.0,0.9,0.0,0.0,0.1,0.0
"[[0, 0], [1, 1]]","[[(1, 1), (0, 0)], [(1, 0), (0, 1)]]",40,1600,1.0,0.01,0.01,0.0,0.8,0.0,0.0,emotion,5,1,1.0,400,0.0,1.0,0.0,0.5,52.329,0.662,0.375,0.0,0.0,0.025,0.5,0.075,0.375,0.025,0.0
"[[0, 0], [1, 1]]","[[(1, 1), (0, 0)], [(1, 0), (0, 1)]]",40,1600,1.0,0.01,0.01,0.0,0.8,0.0,0.0,emotion,5,1,1.0,400,0.0,1.0,0.0,0.5,45.271,0.621,0.725,0.0,0.025,0.0,0.95,0.0,0.0,0.025,0.0
"[[0, 0], [1, 1]]","[[(1, 1), (0, 0)], [(1, 0), (0, 1)]]",40,1600,1.0,0.01,0.01,0.0,0.8,0.0,0.0,emotion,5,1,1.0,400,0.0,1.0,0.0,0.5,47.439,0.735,0.775,0.0,0.0,0.0,0.975,0.0,0.0,0.025,0.0
"[[0, 0], [1, 1]]","[[(1, 1), (0, 0)], [(1, 0), (0, 1)]]",40,1600,1.0,0.01,0.01,0.0,0.8,0.0,0.0,emotion,5,1,1.0,400,0.0,1.0,0.0,0.5,54.75,0.622,0.55,0.0,0.0,0.025,0.7,0.15,0.025,0.1,0.0
"[[0, 0], [1, 1]]","[[(1, 1), (0, 0)], [(1, 0), (0, 1)]]",40,1600,1.0,0.01,0.01,0.0,0.8,0.0,0.0,emotion,5,1,1.0,400,0.0,1.0,0.0,0.5,55.794,0.826,0.875,0.025,0.0,0.0,0.175,0.05,0.0,0.0,0.75
"[[0, 0], [1, 1]]","[[(1, 1), (0, 0)], [(1, 0), (0, 1)]]",40,1600,1.0,0.01,0.01,0.0,0.8,0.0,0.0,emotion,5,1,1.0,400,0.0,1.0,0.0,0.5,53.116,0.954,0.1,0.85,0.0,0.0,0.1,0.0,0.025,0.0,0.025
"[[0, 0], [1, 1]]","[[(1, 1), (0, 0)], [(1, 0), (0, 1)]]",40,1600,1.0,0.01,0.01,0.0,0.8,0.0,0.0,emotion,5,1,1.0,400,0.0,1.0,0.0,0.5,54.91,0.97,0.1,0.9,0.025,0.0,0.0,0.0,0.05,0.0,0.025
"[[0, 0], [1, 1]]","[[(1, 1), (0, 0)], [(1, 0), (0, 1)]]",40,1600,1.0,0.01,0.01,0.0,0.8,0.0,0.0,emotion,5,1,1.0,400,0.0,1.0,0.0,0.5,62.743,0.873,0.9,0.05,0.0,0.0,0.4,0.0,0.0,0.025,0.525
"[[0, 0], [1, 1]]","[[(1, 1), (0, 0)], [(1, 0), (0, 1)]]",40,1600,1.0,0.01,0.01,0.0,0.8,0.0,0.0,emotion,5,1,1.0,400,0.0,1.0,0.0,1.0,39.765,0.631,0.8,0.0,0.0,0.0,1.0,0.0,0.0,0.0,0.0
"[[0, 0], [1, 1]]","[[(1, 1), (0, 0)], [(1, 0), (0, 1)]]",40,1600,1.0,0.01,0.01,0.0,0.8,0.0,0.0,emotion,5,1,1.0,400,0.0,1.0,0.0,1.0,41.38,0.706,0.875,0.0,0.0,0.05,0.7,0.025,0.0,0.0,0.225
"[[0, 0], [1, 1]]","[[(1, 1), (0, 0)], [(1, 0), (0, 1)]]",40,1600,1.0,0.01,0.01,0.0,0.8,0.0,0.0,emotion,5,1,1.0,400,0.0,1.0,0.0,1.0,68.652,0.689,0.75,0.0,0.0,0.0,0.95,0.025,0.0,0.025,0.0
"[[0, 0], [1, 1]]","[[(1, 1), (0, 0)], [(1, 0), (0, 1)]]",40,1600,1.0,0.01,0.01,0.0,0.8,0.0,0.0,emotion,5,1,1.0,400,0.0,1.0,0.0,1.0,45.257,0.681,0.8,0.0,0.0,0.0,0.975,0.0,0.0,0.025,0.0
"[[0, 0], [1, 1]]","[[(1, 1), (0, 0)], [(1, 0), (0, 1)]]",40,1600,1.0,0.01,0.01,0.0,0.8,0.0,0.0,emotion,5,1,1.0,400,0.0,1.0,0.0,1.0,68.956,0.659,0.825,0.0,0.0,0.0,0.95,0.05,0.0,0.0,0.0
"[[0, 0], [1, 1]]","[[(1, 1), (0, 0)], [(1, 0), (0, 1)]]",40,1600,1.0,0.01,0.01,0.0,0.8,0.0,0.0,emotion,5,1,1.0,400,0.0,1.0,0.0,1.0,69.277,0.725,0.85,0.0,0.0,0.0,0.975,0.025,0.0,0.0,0.0
"[[0, 0], [1, 1]]","[[(1, 1), (0, 0)], [(1, 0), (0, 1)]]",40,1600,1.0,0.01,0.01,0.0,0.8,0.0,0.0,emotion,5,1,1.0,400,0.0,1.0,0.0,1.0,56.721,0.722,0.575,0.05,0.0,0.0,0.9,0.0,0.025,0.025,0.0
"[[0, 0], [1, 1]]","[[(1, 1), (0, 0)], [(1, 0), (0, 1)]]",40,1600,1.0,0.01,0.01,0.0,0.8,0.0,0.0,emotion,5,1,1.0,400,0.0,1.0,0.0,1.0,66.231,0.708,0.825,0.0,0.0,0.0,1.0,0.0,0.0,0.0,0.0
"[[0, 0], [1, 1]]","[[(1, 1), (0, 0)], [(1, 0), (0, 1)]]",40,1600,1.0,0.01,0.01,0.0,0.8,0.0,0.0,emotion,5,1,1.0,400,0.0,1.0,0.0,1.0,69.562,0.674,0.775,0.025,0.0,0.0,0.975,0.0,0.0,0.0,0.0
"[[0, 0], [1, 1]]","[[(1, 1), (0, 0)], [(1, 0), (0, 1)]]",40,1600,1.0,0.01,0.01,0.0,0.8,0.0,0.0,emotion,5,1,1.0,400,0.0,1.0,0.0,1.0,63.668,0.645,0.675,0.025,0.0,0.0,0.9,0.025,0.0,0.0,0.05
"[[0, 0], [1, 1]]","[[(1, 1), (0, 0)], [(1, 0), (0, 1)]]",40,1600,1.0,0.01,0.01,0.0,0.8,0.0,0.0,emotion,5,1,1.0,400,0.0,1.0,0.0,1.0,68.888,0.715,0.75,0.025,0.0,0.0,0.925,0.025,0.0,0.025,0.0
"[[0, 0], [1, 1]]","[[(1, 1), (0, 0)], [(1, 0), (0, 1)]]",40,1600,1.0,0.01,0.01,0.0,0.8,0.0,0.0,emotion,5,1,1.0,400,0.0,1.0,0.0,1.0,68.95,0.698,0.8,0.0,0.0,0.0,0.975,0.025,0.0,0.0,0.0
"[[0, 0], [1, 1]]","[[(1, 1), (0, 0)], [(1, 0), (0, 1)]]",40,1600,1.0,0.01,0.01,0.0,0.8,0.0,0.0,emotion,5,1,1.0,400,0.0,1.0,0.0,1.0,69.12,0.714,0.85,0.0,0.0,0.0,1.0,0.0,0.0,0.0,0.0
"[[0, 0], [1, 1]]","[[(1, 1), (0, 0)], [(1, 0), (0, 1)]]",40,1600,1.0,0.01,0.01,0.0,0.8,0.0,0.0,emotion,5,1,1.0,400,0.0,1.0,0.0,1.0,63.398,0.671,0.775,0.025,0.0,0.0,0.95,0.025,0.0,0.0,0.0
"[[0, 0], [1, 1]]","[[(1, 1), (0, 0)], [(1, 0), (0, 1)]]",40,1600,1.0,0.01,0.01,0.0,0.8,0.0,0.0,emotion,5,1,1.0,400,0.0,1.0,0.0,1.0,69.588,0.662,0.825,0.0,0.0,0.0,1.0,0.0,0.0,0.0,0.0
"[[0, 0], [1, 1]]","[[(1, 1), (0, 0)], [(1, 0), (0, 1)]]",40,1600,1.0,0.01,0.01,0.0,0.8,0.0,0.0,emotion,5,1,1.0,400,0.0,1.0,0.0,1.0,68.048,0.691,0.725,0.0,0.0,0.0,1.0,0.0,0.0,0.0,0.0
"[[0, 0], [1, 1]]","[[(1, 1), (0, 0)], [(1, 0), (0, 1)]]",40,1600,1.0,0.01,0.01,0.0,0.8,0.0,0.0,emotion,5,1,1.0,400,0.0,1.0,0.0,1.0,69.072,0.636,0.8,0.0,0.0,0.0,1.0,0.0,0.0,0.0,0.0
"[[0, 0], [1, 1]]","[[(1, 1), (0, 0)], [(1, 0), (0, 1)]]",40,1600,1.0,0.01,0.01,0.0,0.8,0.0,0.0,emotion,5,1,1.0,400,0.0,1.0,0.0,1.0,66.048,0.645,0.8,0.0,0.0,0.0,1.0,0.0,0.0,0.0,0.0
"[[0, 0], [1, 1]]","[[(1, 1), (0, 0)], [(1, 0), (0, 1)]]",40,1600,1.0,0.01,0.01,0.0,0.8,0.0,0.0,emotion,5,1,1.0,400,0.0,1.0,0.0,1.0,69.203,0.679,0.85,0.0,0.0,0.0,0.975,0.025,0.0,0.0,0.0
"[[0, 0], [1, 1]]","[[(1, 1), (0, 0)], [(1, 0), (0, 1)]]",40,1600,1.0,0.01,0.01,0.0,0.8,0.0,0.0,emotion,5,1,1.0,400,0.0,1.0,0.0,1.0,69.414,0.712,0.875,0.025,0.0,0.0,0.975,0.0,0.0,0.0,0.0
"[[0, 0], [1, 1]]","[[(1, 1), (0, 0)], [(1, 1), (0, 1)]]",40,1600,1.0,0.01,0.01,0.0,0.4,0.0,0.0,emotion,5,1,1.0,400,0.0,1.0,0.0,0.5,30.398,0.667,0.3,0.3,0.1,0.0,0.25,0.275,0.0,0.0,0.075
"[[0, 0], [1, 1]]","[[(1, 1), (0, 0)], [(1, 1), (0, 1)]]",40,1600,1.0,0.01,0.01,0.0,0.4,0.0,0.0,emotion,5,1,1.0,400,0.0,1.0,0.0,0.5,33.885,0.816,0.375,0.425,0.0,0.0,0.2,0.175,0.2,0.0,0.0
"[[0, 0], [1, 1]]","[[(1, 1), (0, 0)], [(1, 1), (0, 1)]]",40,1600,1.0,0.01,0.01,0.0,0.4,0.0,0.0,emotion,5,1,1.0,400,0.0,1.0,0.0,0.5,34.998,0.443,0.7,0.075,0.0,0.0,0.7,0.2,0.0,0.025,0.0
"[[0, 0], [1, 1]]","[[(1, 1), (0, 0)], [(1, 1), (0, 1)]]",40,1600,1.0,0.01,0.01,0.0,0.4,0.0,0.0,emotion,5,1,1.0,400,0.0,1.0,0.0,0.5,46.768,0.489,0.7,0.0,0.0,0.0,0.975,0.025,0.0,0.0,0.0
"[[0, 0], [1, 1]]","[[(1, 1), (0, 0)], [(1, 1), (0, 1)]]",40,1600,1.0,0.01,0.01,0.0,0.4,0.0,0.0,emotion,5,1,1.0,400,0.0,1.0,0.0,0.5,38.781,0.869,0.15,0.0,0.85,0.025,0.0,0.025,0.0,0.1,0.0
"[[0, 0], [1, 1]]","[[(1, 1), (0, 0)], [(1, 1), (0, 1)]]",40,1600,1.0,0.01,0.01,0.0,0.4,0.0,0.0,emotion,5,1,1.0,400,0.0,1.0,0.0,0.5,36.91,0.824,0.825,0.15,0.0,0.0,0.4,0.025,0.0,0.0,0.425
"[[0, 0], [1, 1]]","[[(1, 1), (0, 0)], [(1, 1), (0, 1)]]",40,1600,1.0,0.01,0.01,0.0,0.4,0.0,0.0,emotion,5,1,1.0,400,0.0,1.0,0.0,0.5,42.243,0.483,0.6,0.0,0.0,0.0,0.95,0.05,0.0,0.0,0.0
"[[0, 0], [1, 1]]","[[(1, 1), (0, 0)], [(1, 1), (0, 1)]]",40,1600,1.0,0.01,0.01,0.0,0.4,0.0,0.0,emotion,5,1,1.0,400,0.0,1.0,0.0,0.5,48.843,0.624,0.325,0.0,0.2,0.525,0.0,0.075,0.025,0.0,0.175
"[[0, 0], [1, 1]]","[[(1, 1), (0, 0)], [(1, 1), (0, 1)]]",40,1600,1.0,0.01,0.01,0.0,0.4,0.0,0.0,emotion,5,1,1.0,400,0.0,1.0,0.0,0.5,49.79,0.62,0.825,0.025,0.0,0.0,0.95,0.025,0.0,0.0,0.0
"[[0, 0], [1, 1]]","[[(1, 1), (0, 0)], [(1, 1), (0, 1)]]",40,1600,1.0,0.01,0.01,0.0,0.4,0.0,0.0,emotion,5,1,1.0,400,0.0,1.0,0.0,0.5,51.351,0.819,0.925,0.0,0.0,0.0,1.0,0.0,0.0,0.0,0.0
"[[0, 0], [1, 1]]","[[(1, 1), (0, 0)], [(1, 1), (0, 1)]]",40,1600,1.0,0.01,0.01,0.0,0.4,0.0,0.0,emotion,5,1,1.0,400,0.0,1.0,0.0,0.5,64.859,0.961,0.025,0.0,0.925,0.05,0.0,0.0,0.0,0.025,0.0
"[[0, 0], [1, 1]]","[[(1, 1), (0, 0)], [(1, 1), (0, 1)]]",40,1600,1.0,0.01,0.01,0.0,0.4,0.0,0.0,emotion,5,1,1.0,400,0.0,1.0,0.0,0.5,59.725,0.946,0.1,0.575,0.0,0.0,0.325,0.0,0.025,0.075,0.0
"[[0, 0], [1, 1]]","[[(1, 1), (0, 0)], [(1, 1), (0, 1)]]",40,1600,1.0,0.01,0.01,0.0,0.4,0.0,0.0,emotion,5,1,1.0,400,0.0,1.0,0.0,0.5,54.389,0.951,0.025,0.975,0.0,0.0,0.0,0.0,0.0,0.0,0.025
"[[0, 0], [1, 1]]","[[(1, 1), (0, 0)], [(1, 1), (0, 1)]]",40,1600,1.0,0.01,0.01,0.0,0.4,0.0,0.0,emotion,5,1,1.0,400,0.0,1.0,0.0,0.5,62.101,0.816,1.0,0.0,0.0,0.0,0.975,0.0,0.0,0.025,0.0
"[[0, 0], [1, 1]]","[[(1, 1), (0, 0)], [(1, 1), (0, 1)]]",40,1600,1.0,0.01,0.01,0.0,0.4,0.0,0.0,emotion,5,1,1.0,400,0.0,1.0,0.0,0.5,55.618,0.796,0.5,0.0,0.0,0.025,0.15,0.5,0.0,0.0,0.325
"[[0, 0], [1, 1]]","[[(1, 1), (0, 0)], [(1, 1), (0, 1)]]",40,1600,1.0,0.01,0.01,0.0,0.4,0.0,0.0,emotion,5,1,1.0,400,0.0,1.0,0.0,0.5,69.024,0.79,0.95,0.0,0.0,0.0,1.0,0.0,0.0,0.0,0.0
"[[0, 0], [1, 1]]","[[(1, 1), (0, 0)], [(1, 1), (0, 1)]]",40,1600,1.0,0.01,0.01,0.0,0.4,0.0,0.0,emotion,5,1,1.0,400,0.0,1.0,0.0,0.5,67.293,0.857,0.775,0.1,0.0,0.0,0.1,0.075,0.0,0.0,0.725
"[[0, 0], [1, 1]]","[[(1, 1), (0, 0)], [(1, 1), (0, 1)]]",40,1600,1.0,0.01,0.01,0.0,0.4,0.0,0.0,emotion,5,1,1.0,400,0.0,1.0,0.0,0.5,68.049,0.591,0.85,0.0,0.0,0.0,0.85,0.075,0.0,0.075,0.0
"[[0, 0], [1, 1]]","[[(1, 1), (0, 0)], [(1, 1), (0, 1)]]",40,1600,1.0,0.01,0.01,0.0,0.4,0.0,0.0,emotion,5,1,1.0,400,0.0,1.0,0.0,0.5,54.431,0.925,0.95,0.0,0.0,0.05,0.3,0.025,0.0,0.0,0.625
"[[0, 0], [1, 1]]","[[(1, 1), (0, 0)], [(1, 1), (0, 1)]]",40,1600,1.0,0.01,0.01,0.0,0.4,0.0,0.0,emotion,5,1,1.0,400,0.0,1.0,0.0,0.5,67.231,0.941,0.075,0.9,0.0,0.0,0.025,0.0,0.05,0.0,0.025
"[[0, 0], [1, 1]]","[[(1, 1), (0, 0)], [(1, 1), (0, 1)]]",40,1600,1.0,0.01,0.01,0.0,0.4,0.0,0.0,emotion,5,1,1.0,400,0.0,1.0,0.0,1.0,8.994,0.955,0.0,0.0,0.925,0.075,0.0,0.0,0.0,0.0,0.0
"[[0, 0], [1, 1]]","[[(1, 1), (0, 0)], [(1, 1), (0, 1)]]",40,1600,1.0,0.01,0.01,0.0,0.4,0.0,0.0,emotion,5,1,1.0,400,0.0,1.0,0.0,1.0,35.187,0.827,0.95,0.0,0.0,0.0,0.95,0.0,0.0,0.05,0.0
"[[0, 0], [1, 1]]","[[(1, 1), (0, 0)], [(1, 1), (0, 1)]]",40,1600,1.0,0.01,0.01,0.0,0.4,0.0,0.0,emotion,5,1,1.0,400,0.0,1.0,0.0,1.0,50.083,0.685,0.875,0.0,0.0,0.0,0.95,0.05,0.0,0.0,0.0
"[[0, 0], [1, 1]]","[[(1, 1), (0, 0)], [(1, 1), (0, 1)]]",40,1600,1.0,0.01,0.01,0.0,0.4,0.0,0.0,emotion,5,1,1.0,400,0.0,1.0,0.0,1.0,52.767,0.812,0.9,0.05,0.0,0.0,0.925,0.025,0.0,0.0,0.0
"[[0, 0], [1, 1]]","[[(1, 1), (0, 0)], [(1, 1), (0, 1)]]",40,1600,1.0,0.01,0.01,0.0,0.4,0.0,0.0,emotion,5,1,1.0,400,0.0,1.0,0.0,1.0,60.641,0.866,0.2,0.575,0.0,0.0,0.275,0.0,0.0,0.025,0.125
"[[0, 0], [1, 1]]","[[(1, 1), (0, 0)], [(1, 1), (0, 1)]]",40,1600,1.0,0.01,0.01,0.0,0.4,0.0,0.0,emotion,5,1,1.0,400,0.0,1.0,0.0,1.0,66.369,0.846,1.0,0.0,0.0,0.0,1.0,0.0,0.0,0.0,0.0
"[[0, 0], [1, 1]]","[[(1, 1), (0, 0)], [(1, 1), (0, 1)]]",40,1600,1.0,0.01,0.01,0.0,0.4,0.0,0.0,emotion,5,1,1.0,400,0.0,1.0,0.0,1.0,69.98,0.914,1.0,0.0,0.0,0.0,0.725,0.0,0.0,0.0,0.275
"[[0, 0], [1, 1]]","[[(1, 1), (0, 0)], [(1, 1), (0, 1)]]",40,1600,1.0,0.01,0.01,0.0,0.4,0.0,0.0,emotion,5,1,1.0,400,0.0,1.0,0.0,1.0,65.936,0.799,0.925,0.0,0.0,0.0,0.9,0.025,0.0,0.075,0.0
"[[0, 0], [1, 1]]","[[(1, 1), (0, 0)], [(1, 1), (0, 1)]]",40,1600,1.0,0.01,0.01,0.0,0.4,0.0,0.0,emotion,5,1,1.0,400,0.0,1.0,0.0,1.0,61.936,0.875,1.0,0.0,0.0,0.0,1.0,0.0,0.0,0.0,0.0
"[[0, 0], [1, 1]]","[[(1, 1), (0, 0)], [(1, 1), (0, 1)]]",40,1600,1.0,0.01,0.01,0.0,0.4,0.0,0.0,emotion,5,1,1.0,400,0.0,1.0,0.0,1.0,69.042,0.974,0.0,1.0,0.0,0.0,0.0,0.0,0.0,0.0,0.0
"[[0, 0], [1, 1]]","[[(1, 1), (0, 0)], [(1, 1), (0, 1)]]",40,1600,1.0,0.01,0.01,0.0,0.4,0.0,0.0,emotion,5,1,1.0,400,0.0,1.0,0.0,1.0,70.646,0.932,0.0,0.0,0.95,0.025,0.025,0.0,0.0,0.0,0.0
"[[0, 0], [1, 1]]","[[(1, 1), (0, 0)], [(1, 1), (0, 1)]]",40,1600,1.0,0.01,0.01,0.0,0.4,0.0,0.0,emotion,5,1,1.0,400,0.0,1.0,0.0,1.0,83.602,0.769,0.975,0.0,0.0,0.0,1.0,0.0,0.0,0.0,0.0
"[[0, 0], [1, 1]]","[[(1, 1), (0, 0)], [(1, 1), (0, 1)]]",40,1600,1.0,0.01,0.01,0.0,0.4,0.0,0.0,emotion,5,1,1.0,400,0.0,1.0,0.0,1.0,84.06,0.851,0.975,0.0,0.0,0.0,1.0,0.0,0.0,0.0,0.0
"[[0, 0], [1, 1]]","[[(1, 1), (0, 0)], [(1, 1), (0, 1)]]",40,1600,1.0,0.01,0.01,0.0,0.4,0.0,0.0,emotion,5,1,1.0,400,0.0,1.0,0.0,1.0,83.207,0.551,0.7,0.025,0.0,0.0,0.9,0.025,0.0,0.0,0.05
"[[0, 0], [1, 1]]","[[(1, 1), (0, 0)], [(1, 1), (0, 1)]]",40,1600,1.0,0.01,0.01,0.0,0.4,0.0,0.0,emotion,5,1,1.0,400,0.0,1.0,0.0,1.0,82.046,0.964,1.0,0.0,0.0,0.0,1.0,0.0,0.0,0.0,0.0
"[[0, 0], [1, 1]]","[[(1, 1), (0, 0)], [(1, 1), (0, 1)]]",40,1600,1.0,0.01,0.01,0.0,0.4,0.0,0.0,emotion,5,1,1.0,400,0.0,1.0,0.0,1.0,83.252,0.764,0.875,0.0,0.0,0.0,0.625,0.075,0.0,0.025,0.275
"[[0, 0], [1, 1]]","[[(1, 1), (0, 0)], [(1, 1), (0, 1)]]",40,1600,1.0,0.01,0.01,0.0,0.4,0.0,0.0,emotion,5,1,1.0,400,0.0,1.0,0.0,1.0,82.731,0.828,0.95,0.0,0.0,0.0,1.0,0.0,0.0,0.0,0.0
"[[0, 0], [1, 1]]","[[(1, 1), (0, 0)], [(1, 1), (0, 1)]]",40,1600,1.0,0.01,0.01,0.0,0.4,0.0,0.0,emotion,5,1,1.0,400,0.0,1.0,0.0,1.0,72.602,0.806,1.0,0.0,0.0,0.0,0.975,0.0,0.0,0.025,0.0
"[[0, 0], [1, 1]]","[[(1, 1), (0, 0)], [(1, 1), (0, 1)]]",40,1600,1.0,0.01,0.01,0.0,0.4,0.0,0.0,emotion,5,1,1.0,400,0.0,1.0,0.0,1.0,83.893,0.691,0.95,0.0,0.0,0.0,0.95,0.0,0.0,0.05,0.0
"[[0, 0], [1, 1]]","[[(1, 1), (0, 0)], [(1, 1), (0, 1)]]",40,1600,1.0,0.01,0.01,0.0,0.4,0.0,0.0,emotion,5,1,1.0,400,0.0,1.0,0.0,1.0,83.447,0.809,0.975,0.0,0.0,0.0,1.0,0.0,0.0,0.0,0.0
"[[0, 0], [1, 1]]","[[(1, 1), (0, 0)], [(1, 1), (0, 1)]]",40,1600,1.0,0.01,0.01,0.0,0.6,0.0,0.0,emotion,5,1,1.0,400,0.0,1.0,0.0,0.5,21.469,0.949,0.025,0.0,0.95,0.05,0.0,0.0,0.0,0.0,0.0
"[[0, 0], [1, 1]]","[[(1, 1), (0, 0)], [(1, 1), (0, 1)]]",40,1600,1.0,0.01,0.01,0.0,0.6,0.0,0.0,emotion,5,1,1.0,400,0.0,1.0,0.0,0.5,27.955,0.891,0.625,0.15,0.0,0.025,0.125,0.15,0.0,0.0,0.55
"[[0, 0], [1, 1]]","[[(1, 1), (0, 0)], [(1, 1), (0, 1)]]",40,1600,1.0,0.01,0.01,0.0,0.6,0.0,0.0,emotion,5,1,1.0,400,0.0,1.0,0.0,0.5,34.588,0.735,0.825,0.0,0.0,0.0,0.95,0.05,0.0,0.0,0.0
"[[0, 0], [1, 1]]","[[(1, 1), (0, 0)], [(1, 1), (0, 1)]]",40,1600,1.0,0.01,0.01,0.0,0.6,0.0,0.0,emotion,5,1,1.0,400,0.0,1.0,0.0,0.5,24.0,0.956,0.075,0.925,0.0,0.0,0.0,0.0,0.025,0.0,0.05
"[[0, 0], [1, 1]]","[[(1, 1), (0, 0)], [(1, 1), (0, 1)]]",40,1600,1.0,0.01,0.01,0.0,0.6,0.0,0.0,emotion,5,1,1.0,400,0.0,1.0,0.0,0.5,22.628,0.582,0.275,0.0,0.375,0.325,0.0,0.05,0.125,0.125,0.0
"[[0, 0], [1, 1]]","[[(1, 1), (0, 0)], [(1, 1), (0, 1)]]",40,1600,1.0,0.01,0.01,0.0,0.6,0.0,0.0,emotion,5,1,1.0,400,0.0,1.0,0.0,0.5,48.649,0.755,0.35,0.5,0.0,0.0,0.25,0.0,0.175,0.05,0.025
"[[0, 0], [1, 1]]","[[(1, 1), (0, 0)], [(1, 1), (0, 1)]]",40,1600,1.0,0.01,0.01,0.0,0.6,0.0,0.0,emotion,5,1,1.0,400,0.0,1.0,0.0,0.5,41.611,0.98,0.025,1.0,0.0,0.0,0.0,0.0,0.0,0.0,0.0
"[[0, 0], [1, 1]]","[[(1, 1), (0, 0)], [(1, 1), (0, 1)]]",40,1600,1.0,0.01,0.01,0.0,0.6,0.0,0.0,emotion,5,1,1.0,400,0.0,1.0,0.0,0.5,55.94,0.886,0.175,0.825,0.0,0.0,0.05,0.0,0.125,0.0,0.0
"[[0, 0], [1, 1]]","[[(1, 1), (0, 0)], [(1, 1), (0, 1)]]",40,1600,1.0,0.01,0.01,0.0,0.6,0.0,0.0,emotion,5,1,1.0,400,0.0,1.0,0.0,0.5,43.75,0.759,0.85,0.0,0.0,0.0,1.0,0.0,0.0,0.0,0.0
"[[0, 0], [1, 1]]","[[(1, 1), (0, 0)], [(1, 1), (0, 1)]]",40,1600,1.0,0.01,0.01,0.0,0.6,0.0,0.0,emotion,5,1,1.0,400,0.0,1.0,0.0,0.5,39.245,0.855,0.925,0.0,0.0,0.0,0.95,0.025,0.0,0.025,0.0
"[[0, 0], [1, 1]]","[[(1, 1), (0, 0)], [(1, 1), (0, 1)]]",40,1600,1.0,0.01,0.01,0.0,0.6,0.0,0.0,emotion,5,1,1.0,400,0.0,1.0,0.0,0.5,54.154,0.759,0.825,0.0,0.0,0.0,0.975,0.0,0.0,0.025,0.0
"[[0, 0], [1, 1]]","[[(1, 1), (0, 0)], [(1, 1), (0, 1)]]",40,1600,1.0,0.01,0.01,0.0,0.6,0.0,0.0,emotion,5,1,1.0,400,0.0,1.0,0.0,0.5,70.447,0.829,0.95,0.0,0.0,0.0,1.0,0.0,0.0,0.0,0.0
"[[0, 0], [1, 1]]","[[(1, 1), (0, 0)], [(1, 1), (0, 1)]]",40,1600,1.0,0.01,0.01,0.0,0.6,0.0,0.0,emotion,5,1,1.0,400,0.0,1.0,0.0,0.5,74.479,0.94,0.075,0.9,0.0,0.0,0.025,0.05,0.0,0.0,0.025
"[[0, 0], [1, 1]]","[[(1, 1), (0, 0)], [(1, 1), (0, 1)]]",40,1600,1.0,0.01,0.01,0.0,0.6,0.0,0.0,emotion,5,1,1.0,400,0.0,1.0,0.0,0.5,68.754,0.88,0.825,0.1,0.0,0.0,0.55,0.025,0.0,0.0,0.325
"[[0, 0], [1, 1]]","[[(1, 1), (0, 0)], [(1, 1), (0, 1)]]",40,1600,1.0,0.01,0.01,0.0,0.6,0.0,0.0,emotion,5,1,1.0,400,0.0,1.0,0.0,0.5,64.128,0.749,0.85,0.0,0.0,0.0,0.925,0.0,0.0,0.075,0.0
"[[0, 0], [1, 1]]","[[(1, 1), (0, 0)], [(1, 1), (0, 1)]]",40,1600,1.0,0.01,0.01,0.0,0.6,0.0,0.0,emotion,5,1,1.0,400,0.0,1.0,0.0,0.5,73.958,0.911,0.975,0.0,0.0,0.0,0.975,0.0,0.0,0.025,0.0
"[[0, 0], [1, 1]]","[[(1, 1), (0, 0)], [(1, 1), (0, 1)]]",40,1600,1.0,0.01,0.01,0.0,0.6,0.0,0.0,emotion,5,1,1.0,400,0.0,1.0,0.0,0.5,66.218,0.893,0.95,0.0,0.0,0.0,0.975,0.0,0.0,0.025,0.0
"[[0, 0], [1, 1]]","[[(1, 1), (0, 0)], [(1, 1), (0, 1)]]",40,1600,1.0,0.01,0.01,0.0,0.6,0.0,0.0,emotion,5,1,1.0,400,0.0,1.0,0.0,0.5,76.38,0.78,0.225,0.425,0.0,0.275,0.075,0.075,0.025,0.0,0.125
"[[0, 0], [1, 1]]","[[(1, 1), (0, 0)], [(1, 1), (0, 1)]]",40,1600,1.0,0.01,0.01,0.0,0.6,0.0,0.0,emotion,5,1,1.0,400,0.0,1.0,0.0,0.5,79.257,0.745,0.9,0.025,0.0,0.0,0.95,0.0,0.0,0.025,0.0
"[[0, 0], [1, 1]]","[[(1, 1), (0, 0)], [(1, 1), (0, 1)]]",40,1600,1.0,0.01,0.01,0.0,0.6,0.0,0.0,emotion,5,1,1.0,400,0.0,1.0,0.0,0.5,78.68,0.961,0.95,0.025,0.0,0.0,0.6,0.0,0.0,0.0,0.375
"[[0, 0], [1, 1]]","[[(1, 1), (0, 0)], [(1, 1), (0, 1)]]",40,1600,1.0,0.01,0.01,0.0,0.6,0.0,0.0,emotion,5,1,1.0,400,0.0,1.0,0.0,1.0,20.889,0.905,0.15,0.0,0.7,0.2,0.0,0.075,0.025,0.0,0.0
"[[0, 0], [1, 1]]","[[(1, 1), (0, 0)], [(1, 1), (0, 1)]]",40,1600,1.0,0.01,0.01,0.0,0.6,0.0,0.0,emotion,5,1,1.0,400,0.0,1.0,0.0,1.0,69.989,0.97,1.0,0.0,0.0,0.0,1.0,0.0,0.0,0.0,0.0
"[[0, 0], [1, 1]]","[[(1, 1), (0, 0)], [(1, 1), (0, 1)]]",40,1600,1.0,0.01,0.01,0.0,0.6,0.0,0.0,emotion,5,1,1.0,400,0.0,1.0,0.0,1.0,48.998,0.873,1.0,0.0,0.0,0.0,0.975,0.025,0.0,0.0,0.0
"[[0, 0], [1, 1]]","[[(1, 1), (0, 0)], [(1, 1), (0, 1)]]",40,1600,1.0,0.01,0.01,0.0,0.6,0.0,0.0,emotion,5,1,1.0,400,0.0,1.0,0.0,1.0,70.132,0.954,0.15,0.85,0.0,0.05,0.0,0.0,0.0,0.0,0.1
"[[0, 0], [1, 1]]","[[(1, 1), (0, 0)], [(1, 1), (0, 1)]]",40,1600,1.0,0.01,0.01,0.0,0.6,0.0,0.0,emotion,5,1,1.0,400,0.0,1.0,0.0,1.0,80.388,0.853,0.875,0.025,0.0,0.0,0.95,0.0,0.0,0.025,0.0
"[[0, 0], [1, 1]]","[[(1, 1), (0, 0)], [(1, 1), (0, 1)]]",40,1600,1.0,0.01,0.01,0.0,0.6,0.0,0.0,emotion,5,1,1.0,400,0.0,1.0,0.0,1.0,77.789,0.782,0.8,0.0,0.0,0.0,0.95,0.025,0.0,0.025,0.0
"[[0, 0], [1, 1]]","[[(1, 1), (0, 0)], [(1, 1), (0, 1)]]",40,1600,1.0,0.01,0.01,0.0,0.6,0.0,0.0,emotion,5,1,1.0,400,0.0,1.0,0.0,1.0,82.578,0.969,0.975,0.0,0.0,0.0,1.0,0.0,0.0,0.0,0.0
"[[0, 0], [1, 1]]","[[(1, 1), (0, 0)], [(1, 1), (0, 1)]]",40,1600,1.0,0.01,0.01,0.0,0.6,0.0,0.0,emotion,5,1,1.0,400,0.0,1.0,0.0,1.0,81.47,0.972,0.05,0.225,0.625,0.05,0.075,0.0,0.0,0.025,0.0
"[[0, 0], [1, 1]]","[[(1, 1), (0, 0)], [(1, 1), (0, 1)]]",40,1600,1.0,0.01,0.01,0.0,0.6,0.0,0.0,emotion,5,1,1.0,400,0.0,1.0,0.0,1.0,74.004,0.966,0.975,0.0,0.0,0.0,0.975,0.025,0.0,0.0,0.0
"[[0, 0], [1, 1]]","[[(1, 1), (0, 0)], [(1, 1), (0, 1)]]",40,1600,1.0,0.01,0.01,0.0,0.6,0.0,0.0,emotion,5,1,1.0,400,0.0,1.0,0.0,1.0,75.11,0.87,0.925,0.0,0.0,0.0,0.95,0.025,0.0,0.025,0.0
"[[0, 0], [1, 1]]","[[(1, 1), (0, 0)], [(1, 1), (0, 1)]]",40,1600,1.0,0.01,0.01,0.0,0.6,0.0,0.0,emotion,5,1,1.0,400,0.0,1.0,0.0,1.0,59.233,0.934,0.125,0.0,0.6,0.05,0.25,0.05,0.0,0.05,0.0
"[[0, 0], [1, 1]]","[[(1, 1), (0, 0)], [(1, 1), (0, 1)]]",40,1600,1.0,0.01,0.01,0.0,0.6,0.0,0.0,emotion,5,1,1.0,400,0.0,1.0,0.0,1.0,85.155,0.921,0.925,0.0,0.0,0.0,1.0,0.0,0.0,0.0,0.0
"[[0, 0], [1, 1]]","[[(1, 1), (0, 0)], [(1, 1), (0, 1)]]",40,1600,1.0,0.01,0.01,0.0,0.6,0.0,0.0,emotion,5,1,1.0,400,0.0,1.0,0.0,1.0,78.322,0.92,0.025,0.0,0.925,0.05,0.0,0.025,0.0,0.0,0.0
"[[0, 0], [1, 1]]","[[(1, 1), (0, 0)], [(1, 1), (0, 1)]]",40,1600,1.0,0.01,0.01,0.0,0.6,0.0,0.0,emotion,5,1,1.0,400,0.0,1.0,0.0,1.0,86.033,0.824,0.925,0.0,0.0,0.0,0.95,0.025,0.0,0.025,0.0
"[[0, 0], [1, 1]]","[[(1, 1), (0, 0)], [(1, 1), (0, 1)]]",40,1600,1.0,0.01,0.01,0.0,0.6,0.0,0.0,emotion,5,1,1.0,400,0.0,1.0,0.0,1.0,85.921,0.595,0.625,0.025,0.0,0.0,0.825,0.05,0.0,0.1,0.0
"[[0, 0], [1, 1]]","[[(1, 1), (0, 0)], [(1, 1), (0, 1)]]",40,1600,1.0,0.01,0.01,0.0,0.6,0.0,0.0,emotion,5,1,1.0,400,0.0,1.0,0.0,1.0,79.969,0.909,0.975,0.025,0.0,0.0,0.975,0.0,0.0,0.0,0.0
"[[0, 0], [1, 1]]","[[(1, 1), (0, 0)], [(1, 1), (0, 1)]]",40,1600,1.0,0.01,0.01,0.0,0.6,0.0,0.0,emotion,5,1,1.0,400,0.0,1.0,0.0,1.0,84.663,0.919,0.975,0.0,0.0,0.0,0.975,0.0,0.0,0.025,0.0
"[[0, 0], [1, 1]]","[[(1, 1), (0, 0)], [(1, 1), (0, 1)]]",40,1600,1.0,0.01,0.01,0.0,0.6,0.0,0.0,emotion,5,1,1.0,400,0.0,1.0,0.0,1.0,86.118,0.774,0.825,0.025,0.0,0.0,0.875,0.05,0.0,0.05,0.0
"[[0, 0], [1, 1]]","[[(1, 1), (0, 0)], [(1, 1), (0, 1)]]",40,1600,1.0,0.01,0.01,0.0,0.6,0.0,0.0,emotion,5,1,1.0,400,0.0,1.0,0.0,1.0,85.881,0.855,0.9,0.025,0.0,0.0,0.975,0.0,0.0,0.0,0.0
"[[0, 0], [1, 1]]","[[(1, 1), (0, 0)], [(1, 1), (0, 1)]]",40,1600,1.0,0.01,0.01,0.0,0.6,0.0,0.0,emotion,5,1,1.0,400,0.0,1.0,0.0,1.0,86.349,0.821,0.85,0.025,0.0,0.0,0.925,0.025,0.0,0.025,0.0
"[[0, 0], [1, 1]]","[[(1, 1), (0, 0)], [(1, 1), (0, 1)]]",40,1600,1.0,0.01,0.01,0.0,0.8,0.0,0.0,emotion,5,1,1.0,400,0.0,1.0,0.0,0.5,47.829,0.771,0.775,0.025,0.0,0.0,0.975,0.0,0.0,0.0,0.0
"[[0, 0], [1, 1]]","[[(1, 1), (0, 0)], [(1, 1), (0, 1)]]",40,1600,1.0,0.01,0.01,0.0,0.8,0.0,0.0,emotion,5,1,1.0,400,0.0,1.0,0.0,0.5,49.182,0.98,0.975,0.0,0.0,0.0,0.975,0.025,0.0,0.0,0.0
"[[0, 0], [1, 1]]","[[(1, 1), (0, 0)], [(1, 1), (0, 1)]]",40,1600,1.0,0.01,0.01,0.0,0.8,0.0,0.0,emotion,5,1,1.0,400,0.0,1.0,0.0,0.5,61.457,0.884,0.875,0.0,0.0,0.0,0.95,0.025,0.0,0.025,0.0
"[[0, 0], [1, 1]]","[[(1, 1), (0, 0)], [(1, 1), (0, 1)]]",40,1600,1.0,0.01,0.01,0.0,0.8,0.0,0.0,emotion,5,1,1.0,400,0.0,1.0,0.0,0.5,59.372,0.88,0.875,0.025,0.0,0.0,0.975,0.0,0.0,0.0,0.0
"[[0, 0], [1, 1]]","[[(1, 1), (0, 0)], [(1, 1), (0, 1)]]",40,1600,1.0,0.01,0.01,0.0,0.8,0.0,0.0,emotion,5,1,1.0,400,0.0,1.0,0.0,0.5,49.328,0.92,0.95,0.0,0.0,0.0,1.0,0.0,0.0,0.0,0.0
"[[0, 0], [1, 1]]","[[(1, 1), (0, 0)], [(1, 1), (0, 1)]]",40,1600,1.0,0.01,0.01,0.0,0.8,0.0,0.0,emotion,5,1,1.0,400,0.0,1.0,0.0,0.5,70.478,0.832,0.775,0.0,0.0,0.0,0.95,0.025,0.0,0.025,0.0
"[[0, 0], [1, 1]]","[[(1, 1), (0, 0)], [(1, 1), (0, 1)]]",40,1600,1.0,0.01,0.01,0.0,0.8,0.0,0.0,emotion,5,1,1.0,400,0.0,1.0,0.0,0.5,43.66,0.859,0.45,0.35,0.0,0.0,0.25,0.1,0.125,0.0,0.175
"[[0, 0], [1, 1]]","[[(1, 1), (0, 0)], [(1, 1), (0, 1)]]",40,1600,1.0,0.01,0.01,0.0,0.8,0.0,0.0,emotion,5,1,1.0,400,0.0,1.0,0.0,0.5,72.138,0.869,0.9,0.0,0.0,0.0,0.925,0.05,0.0,0.025,0.0
"[[0, 0], [1, 1]]","[[(1, 1), (0, 0)], [(1, 1), (0, 1)]]",40,1600,1.0,0.01,0.01,0.0,0.8,0.0,0.0,emotion,5,1,1.0,400,0.0,1.0,0.0,0.5,72.522,0.806,0.75,0.0,0.0,0.0,0.975,0.025,0.0,0.0,0.0
"[[0, 0], [1, 1]]","[[(1, 1), (0, 0)], [(1, 1), (0, 1)]]",40,1600,1.0,0.01,0.01,0.0,0.8,0.0,0.0,emotion,5,1,1.0,400,0.0,1.0,0.0,0.5,61.676,0.876,0.85,0.0,0.0,0.0,0.95,0.025,0.0,0.025,0.0
"[[0, 0], [1, 1]]","[[(1, 1), (0, 0)], [(1, 1), (0, 1)]]",40,1600,1.0,0.01,0.01,0.0,0.8,0.0,0.0,emotion,5,1,1.0,400,0.0,1.0,0.0,0.5,66.514,0.889,0.9,0.0,0.0,0.0,0.975,0.0,0.0,0.025,0.0
"[[0, 0], [1, 1]]","[[(1, 1), (0, 0)], [(1, 1), (0, 1)]]",40,1600,1.0,0.01,0.01,0.0,0.8,0.0,0.0,emotion,5,1,1.0,400,0.0,1.0,0.0,0.5,63.925,0.784,0.9,0.0,0.0,0.0,0.975,0.0,0.0,0.025,0.0
"[[0, 0], [1, 1]]","[[(1, 1), (0, 0)], [(1, 1), (0, 1)]]",40,1600,1.0,0.01,0.01,0.0,0.8,0.0,0.0,emotion,5,1,1.0,400,0.0,1.0,0.0,0.5,73.622,0.94,0.95,0.0,0.0,0.0,0.975,0.025,0.0,0.0,0.0
"[[0, 0], [1, 1]]","[[(1, 1), (0, 0)], [(1, 1), (0, 1)]]",40,1600,1.0,0.01,0.01,0.0,0.8,0.0,0.0,emotion,5,1,1.0,400,0.0,1.0,0.0,0.5,80.088,0.954,0.975,0.0,0.0,0.0,1.0,0.0,0.0,0.0,0.0
"[[0, 0], [1, 1]]","[[(1, 1), (0, 0)], [(1, 1), (0, 1)]]",40,1600,1.0,0.01,0.01,0.0,0.8,0.0,0.0,emotion,5,1,1.0,400,0.0,1.0,0.0,0.5,82.805,0.901,0.875,0.05,0.0,0.0,0.925,0.025,0.0,0.0,0.0
"[[0, 0], [1, 1]]","[[(1, 1), (0, 0)], [(1, 1), (0, 1)]]",40,1600,1.0,0.01,0.01,0.0,0.8,0.0,0.0,emotion,5,1,1.0,400,0.0,1.0,0.0,0.5,64.383,0.918,0.125,0.6,0.0,0.0,0.375,0.0,0.0,0.0,0.025
"[[0, 0], [1, 1]]","[[(1, 1), (0, 0)], [(1, 1), (0, 1)]]",40,1600,1.0,0.01,0.01,0.0,0.8,0.0,0.0,emotion,5,1,1.0,400,0.0,1.0,0.0,0.5,82.035,0.766,0.625,0.0,0.0,0.0,0.95,0.025,0.0,0.025,0.0
"[[0, 0], [1, 1]]","[[(1, 1), (0, 0)], [(1, 1), (0, 1)]]",40,1600,1.0,0.01,0.01,0.0,0.8,0.0,0.0,emotion,5,1,1.0,400,0.0,1.0,0.0,0.5,74.149,0.874,0.875,0.0,0.0,0.0,1.0,0.0,0.0,0.0,0.0
"[[0, 0], [1, 1]]","[[(1, 1), (0, 0)], [(1, 1), (0, 1)]]",40,1600,1.0,0.01,0.01,0.0,0.8,0.0,0.0,emotion,5,1,1.0,400,0.0,1.0,0.0,0.5,83.068,0.775,0.825,0.025,0.0,0.0,0.95,0.0,0.0,0.025,0.0
"[[0, 0], [1, 1]]","[[(1, 1), (0, 0)], [(1, 1), (0, 1)]]",40,1600,1.0,0.01,0.01,0.0,0.8,0.0,0.0,emotion,5,1,1.0,400,0.0,1.0,0.0,0.5,82.557,0.924,0.95,0.0,0.0,0.0,1.0,0.0,0.0,0.0,0.0
"[[0, 0], [1, 1]]","[[(1, 1), (0, 0)], [(1, 1), (0, 1)]]",40,1600,1.0,0.01,0.01,0.0,0.8,0.0,0.0,emotion,5,1,1.0,400,0.0,1.0,0.0,1.0,62.435,0.944,0.95,0.0,0.0,0.0,0.975,0.025,0.0,0.0,0.0
"[[0, 0], [1, 1]]","[[(1, 1), (0, 0)], [(1, 1), (0, 1)]]",40,1600,1.0,0.01,0.01,0.0,0.8,0.0,0.0,emotion,5,1,1.0,400,0.0,1.0,0.0,1.0,78.203,0.979,0.975,0.0,0.0,0.0,1.0,0.0,0.0,0.0,0.0
"[[0, 0], [1, 1]]","[[(1, 1), (0, 0)], [(1, 1), (0, 1)]]",40,1600,1.0,0.01,0.01,0.0,0.8,0.0,0.0,emotion,5,1,1.0,400,0.0,1.0,0.0,1.0,62.567,0.957,0.075,0.75,0.0,0.0,0.175,0.05,0.025,0.0,0.0
"[[0, 0], [1, 1]]","[[(1, 1), (0, 0)], [(1, 1), (0, 1)]]",40,1600,1.0,0.01,0.01,0.0,0.8,0.0,0.0,emotion,5,1,1.0,400,0.0,1.0,0.0,1.0,79.325,0.982,0.975,0.0,0.0,0.0,1.0,0.0,0.0,0.0,0.0
"[[0, 0], [1, 1]]","[[(1, 1), (0, 0)], [(1, 1), (0, 1)]]",40,1600,1.0,0.01,0.01,0.0,0.8,0.0,0.0,emotion,5,1,1.0,400,0.0,1.0,0.0,1.0,87.821,0.969,0.975,0.0,0.0,0.0,0.975,0.025,0.0,0.0,0.0
"[[0, 0], [1, 1]]","[[(1, 1), (0, 0)], [(1, 1), (0, 1)]]",40,1600,1.0,0.01,0.01,0.0,0.8,0.0,0.0,emotion,5,1,1.0,400,0.0,1.0,0.0,1.0,83.48,0.979,0.975,0.0,0.0,0.0,0.75,0.0,0.0,0.0,0.25
"[[0, 0], [1, 1]]","[[(1, 1), (0, 0)], [(1, 1), (0, 1)]]",40,1600,1.0,0.01,0.01,0.0,0.8,0.0,0.0,emotion,5,1,1.0,400,0.0,1.0,0.0,1.0,79.882,0.921,0.9,0.0,0.0,0.0,0.95,0.05,0.0,0.0,0.0
"[[0, 0], [1, 1]]","[[(1, 1), (0, 0)], [(1, 1), (0, 1)]]",40,1600,1.0,0.01,0.01,0.0,0.8,0.0,0.0,emotion,5,1,1.0,400,0.0,1.0,0.0,1.0,78.341,0.948,0.975,0.0,0.0,0.0,1.0,0.0,0.0,0.0,0.0
"[[0, 0], [1, 1]]","[[(1, 1), (0, 0)], [(1, 1), (0, 1)]]",40,1600,1.0,0.01,0.01,0.0,0.8,0.0,0.0,emotion,5,1,1.0,400,0.0,1.0,0.0,1.0,85.841,0.932,0.9,0.05,0.0,0.0,0.95,0.0,0.0,0.0,0.0
"[[0, 0], [1, 1]]","[[(1, 1), (0, 0)], [(1, 1), (0, 1)]]",40,1600,1.0,0.01,0.01,0.0,0.8,0.0,0.0,emotion,5,1,1.0,400,0.0,1.0,0.0,1.0,88.448,0.957,0.975,0.0,0.0,0.0,1.0,0.0,0.0,0.0,0.0
"[[0, 0], [1, 1]]","[[(1, 1), (0, 0)], [(1, 1), (0, 1)]]",40,1600,1.0,0.01,0.01,0.0,0.8,0.0,0.0,emotion,5,1,1.0,400,0.0,1.0,0.0,1.0,87.755,0.99,0.0,0.925,0.0,0.0,0.075,0.0,0.0,0.0,0.0
"[[0, 0], [1, 1]]","[[(1, 1), (0, 0)], [(1, 1), (0, 1)]]",40,1600,1.0,0.01,0.01,0.0,0.8,0.0,0.0,emotion,5,1,1.0,400,0.0,1.0,0.0,1.0,88.32,0.94,0.9,0.025,0.0,0.0,0.925,0.025,0.0,0.025,0.0
"[[0, 0], [1, 1]]","[[(1, 1), (0, 0)], [(1, 1), (0, 1)]]",40,1600,1.0,0.01,0.01,0.0,0.8,0.0,0.0,emotion,5,1,1.0,400,0.0,1.0,0.0,1.0,88.358,0.969,0.975,0.0,0.0,0.0,0.975,0.0,0.0,0.025,0.0
"[[0, 0], [1, 1]]","[[(1, 1), (0, 0)], [(1, 1), (0, 1)]]",40,1600,1.0,0.01,0.01,0.0,0.8,0.0,0.0,emotion,5,1,1.0,400,0.0,1.0,0.0,1.0,88.866,0.865,0.9,0.05,0.0,0.0,0.9,0.025,0.0,0.025,0.0
"[[0, 0], [1, 1]]","[[(1, 1), (0, 0)], [(1, 1), (0, 1)]]",40,1600,1.0,0.01,0.01,0.0,0.8,0.0,0.0,emotion,5,1,1.0,400,0.0,1.0,0.0,1.0,84.068,0.963,0.95,0.0,0.0,0.0,1.0,0.0,0.0,0.0,0.0
"[[0, 0], [1, 1]]","[[(1, 1), (0, 0)], [(1, 1), (0, 1)]]",40,1600,1.0,0.01,0.01,0.0,0.8,0.0,0.0,emotion,5,1,1.0,400,0.0,1.0,0.0,1.0,88.508,0.99,0.975,0.0,0.0,0.0,1.0,0.0,0.0,0.0,0.0
"[[0, 0], [1, 1]]","[[(1, 1), (0, 0)], [(1, 1), (0, 1)]]",40,1600,1.0,0.01,0.01,0.0,0.8,0.0,0.0,emotion,5,1,1.0,400,0.0,1.0,0.0,1.0,88.092,0.914,0.95,0.0,0.0,0.0,0.925,0.0,0.0,0.025,0.05
"[[0, 0], [1, 1]]","[[(1, 1), (0, 0)], [(1, 1), (0, 1)]]",40,1600,1.0,0.01,0.01,0.0,0.8,0.0,0.0,emotion,5,1,1.0,400,0.0,1.0,0.0,1.0,89.056,0.939,0.975,0.0,0.0,0.0,1.0,0.0,0.0,0.0,0.0
"[[0, 0], [1, 1]]","[[(1, 1), (0, 0)], [(1, 1), (0, 1)]]",40,1600,1.0,0.01,0.01,0.0,0.8,0.0,0.0,emotion,5,1,1.0,400,0.0,1.0,0.0,1.0,88.644,0.939,0.9,0.0,0.0,0.0,0.925,0.0,0.0,0.075,0.0
"[[0, 0], [1, 1]]","[[(1, 1), (0, 0)], [(1, 1), (0, 1)]]",40,1600,1.0,0.01,0.01,0.0,0.8,0.0,0.0,emotion,5,1,1.0,400,0.0,1.0,0.0,1.0,88.806,0.957,0.975,0.0,0.0,0.0,0.975,0.0,0.0,0.025,0.0
"[[1, 0], [1, 1]]","[[(1, 1), (0, 1)], [(1, 0), (0, 1)]]",40,1600,1.0,0.01,0.01,0.0,0.4,0.0,0.0,emotion,5,1,1.0,400,0.0,1.0,0.0,0.5,5.92,0.169,0.375,0.0,0.95,0.025,0.0,0.025,0.0,0.0,0.0
"[[1, 0], [1, 1]]","[[(1, 1), (0, 1)], [(1, 0), (0, 1)]]",40,1600,1.0,0.01,0.01,0.0,0.4,0.0,0.0,emotion,5,1,1.0,400,0.0,1.0,0.0,0.5,6.146,0.205,0.65,0.0,0.825,0.1,0.0,0.05,0.0,0.025,0.0
"[[1, 0], [1, 1]]","[[(1, 1), (0, 1)], [(1, 0), (0, 1)]]",40,1600,1.0,0.01,0.01,0.0,0.4,0.0,0.0,emotion,5,1,1.0,400,0.0,1.0,0.0,0.5,6.24,0.205,0.475,0.9,0.0,0.0,0.05,0.0,0.05,0.0,0.0
"[[1, 0], [1, 1]]","[[(1, 1), (0, 1)], [(1, 0), (0, 1)]]",40,1600,1.0,0.01,0.01,0.0,0.4,0.0,0.0,emotion,5,1,1.0,400,0.0,1.0,0.0,0.5,5.748,0.161,0.475,0.0,0.95,0.0,0.0,0.025,0.0,0.025,0.0
"[[1, 0], [1, 1]]","[[(1, 1), (0, 1)], [(1, 0), (0, 1)]]",40,1600,1.0,0.01,0.01,0.0,0.4,0.0,0.0,emotion,5,1,1.0,400,0.0,1.0,0.0,0.5,6.165,0.17,0.425,0.0,0.875,0.05,0.0,0.075,0.0,0.0,0.0
"[[1, 0], [1, 1]]","[[(1, 1), (0, 1)], [(1, 0), (0, 1)]]",40,1600,1.0,0.01,0.01,0.0,0.4,0.0,0.0,emotion,5,1,1.0,400,0.0,1.0,0.0,0.5,12.187,0.854,1.0,0.0,0.0,0.0,0.975,0.0,0.0,0.025,0.0
"[[1, 0], [1, 1]]","[[(1, 1), (0, 1)], [(1, 0), (0, 1)]]",40,1600,1.0,0.01,0.01,0.0,0.4,0.0,0.0,emotion,5,1,1.0,400,0.0,1.0,0.0,0.5,11.312,0.839,0.975,0.0,0.0,0.0,0.975,0.025,0.0,0.0,0.0
"[[1, 0], [1, 1]]","[[(1, 1), (0, 1)], [(1, 0), (0, 1)]]",40,1600,1.0,0.01,0.01,0.0,0.4,0.0,0.0,emotion,5,1,1.0,400,0.0,1.0,0.0,0.5,6.254,0.247,0.525,0.0,0.8,0.05,0.0,0.075,0.0,0.075,0.0
"[[1, 0], [1, 1]]","[[(1, 1), (0, 1)], [(1, 0), (0, 1)]]",40,1600,1.0,0.01,0.01,0.0,0.4,0.0,0.0,emotion,5,1,1.0,400,0.0,1.0,0.0,0.5,6.628,0.244,0.675,0.0,0.75,0.025,0.0,0.2,0.0,0.025,0.0
"[[1, 0], [1, 1]]","[[(1, 1), (0, 1)], [(1, 0), (0, 1)]]",40,1600,1.0,0.01,0.01,0.0,0.4,0.0,0.0,emotion,5,1,1.0,400,0.0,1.0,0.0,0.5,15.597,0.869,0.975,0.0,0.0,0.0,0.975,0.025,0.0,0.0,0.0
"[[1, 0], [1, 1]]","[[(1, 1), (0, 1)], [(1, 0), (0, 1)]]",40,1600,1.0,0.01,0.01,0.0,0.4,0.0,0.0,emotion,5,1,1.0,400,0.0,1.0,0.0,0.5,12.462,0.148,0.45,0.0,0.95,0.0,0.0,0.05,0.0,0.0,0.0
"[[1, 0], [1, 1]]","[[(1, 1), (0, 1)], [(1, 0), (0, 1)]]",40,1600,1.0,0.01,0.01,0.0,0.4,0.0,0.0,emotion,5,1,1.0,400,0.0,1.0,0.0,0.5,27.104,0.832,1.0,0.0,0.0,0.0,0.975,0.0,0.0,0.0,0.025
"[[1, 0], [1, 1]]","[[(1, 1), (0, 1)], [(1, 0), (0, 1)]]",40,1600,1.0,0.01,0.01,0.0,0.4,0.0,0.0,emotion,5,1,1.0,400,0.0,1.0,0.0,0.5,54.469,0.885,0.975,0.0,0.0,0.0,0.975,0.025,0.0,0.0,0.0
"[[1, 0], [1, 1]]","[[(1, 1), (0, 1)], [(1, 0), (0, 1)]]",40,1600,1.0,0.01,0.01,0.0,0.4,0.0,0.0,emotion,5,1,1.0,400,0.0,1.0,0.0,0.5,88.03,0.863,1.0,0.0,0.0,0.0,0.975,0.0,0.0,0.025,0.0
"[[1, 0], [1, 1]]","[[(1, 1), (0, 1)], [(1, 0), (0, 1)]]",40,1600,1.0,0.01,0.01,0.0,0.4,0.0,0.0,emotion,5,1,1.0,400,0.0,1.0,0.0,0.5,81.836,0.852,1.0,0.0,0.0,0.0,1.0,0.0,0.0,0.0,0.0
"[[1, 0], [1, 1]]","[[(1, 1), (0, 1)], [(1, 0), (0, 1)]]",40,1600,1.0,0.01,0.01,0.0,0.4,0.0,0.0,emotion,5,1,1.0,400,0.0,1.0,0.0,0.5,87.595,0.229,0.575,0.5,0.025,0.0,0.0,0.35,0.075,0.0,0.05
"[[1, 0], [1, 1]]","[[(1, 1), (0, 1)], [(1, 0), (0, 1)]]",40,1600,1.0,0.01,0.01,0.0,0.4,0.0,0.0,emotion,5,1,1.0,400,0.0,1.0,0.0,0.5,88.342,0.899,1.0,0.0,0.0,0.0,1.0,0.0,0.0,0.0,0.0
"[[1, 0], [1, 1]]","[[(1, 1), (0, 1)], [(1, 0), (0, 1)]]",40,1600,1.0,0.01,0.01,0.0,0.4,0.0,0.0,emotion,5,1,1.0,400,0.0,1.0,0.0,0.5,87.569,0.724,0.95,0.0,0.0,0.0,0.95,0.05,0.0,0.0,0.0
"[[1, 0], [1, 1]]","[[(1, 1), (0, 1)], [(1, 0), (0, 1)]]",40,1600,1.0,0.01,0.01,0.0,0.4,0.0,0.0,emotion,5,1,1.0,400,0.0,1.0,0.0,0.5,88.129,0.864,0.975,0.0,0.0,0.0,0.95,0.0,0.0,0.05,0.0
"[[1, 0], [1, 1]]","[[(1, 1), (0, 1)], [(1, 0), (0, 1)]]",40,1600,1.0,0.01,0.01,0.0,0.4,0.0,0.0,emotion,5,1,1.0,400,0.0,1.0,0.0,0.5,88.026,0.835,1.0,0.0,0.0,0.0,1.0,0.0,0.0,0.0,0.0
"[[1, 0], [1, 1]]","[[(1, 1), (0, 1)], [(1, 0), (0, 1)]]",40,1600,1.0,0.01,0.01,0.0,0.4,0.0,0.0,emotion,5,1,1.0,400,0.0,1.0,0.0,1.0,5.451,0.325,0.575,0.0,0.8,0.025,0.0,0.0,0.025,0.15,0.0
"[[1, 0], [1, 1]]","[[(1, 1), (0, 1)], [(1, 0), (0, 1)]]",40,1600,1.0,0.01,0.01,0.0,0.4,0.0,0.0,emotion,5,1,1.0,400,0.0,1.0,0.0,1.0,5.462,0.225,0.425,0.0,0.825,0.0,0.0,0.175,0.0,0.0,0.0
"[[1, 0], [1, 1]]","[[(1, 1), (0, 1)], [(1, 0), (0, 1)]]",40,1600,1.0,0.01,0.01,0.0,0.4,0.0,0.0,emotion,5,1,1.0,400,0.0,1.0,0.0,1.0,5.984,0.15,0.6,0.95,0.0,0.0,0.0,0.0,0.05,0.0,0.0
"[[1, 0], [1, 1]]","[[(1, 1), (0, 1)], [(1, 0), (0, 1)]]",40,1600,1.0,0.01,0.01,0.0,0.4,0.0,0.0,emotion,5,1,1.0,400,0.0,1.0,0.0,1.0,5.594,0.149,0.45,0.0,0.975,0.0,0.0,0.0,0.0,0.025,0.0
"[[1, 0], [1, 1]]","[[(1, 1), (0, 1)], [(1, 0), (0, 1)]]",40,1600,1.0,0.01,0.01,0.0,0.4,0.0,0.0,emotion,5,1,1.0,400,0.0,1.0,0.0,1.0,6.038,0.204,0.7,0.0,1.0,0.0,0.0,0.0,0.0,0.0,0.0
"[[1, 0], [1, 1]]","[[(1, 1), (0, 1)], [(1, 0), (0, 1)]]",40,1600,1.0,0.01,0.01,0.0,0.4,0.0,0.0,emotion,5,1,1.0,400,0.0,1.0,0.0,1.0,7.06,0.285,0.575,0.0,0.95,0.0,0.0,0.05,0.0,0.0,0.0
"[[1, 0], [1, 1]]","[[(1, 1), (0, 1)], [(1, 0), (0, 1)]]",40,1600,1.0,0.01,0.01,0.0,0.4,0.0,0.0,emotion,5,1,1.0,400,0.0,1.0,0.0,1.0,11.36,0.192,0.375,0.925,0.0,0.0,0.025,0.0,0.0,0.05,0.0
"[[1, 0], [1, 1]]","[[(1, 1), (0, 1)], [(1, 0), (0, 1)]]",40,1600,1.0,0.01,0.01,0.0,0.4,0.0,0.0,emotion,5,1,1.0,400,0.0,1.0,0.0,1.0,8.869,0.305,0.775,0.0,0.9,0.075,0.0,0.0,0.0,0.025,0.0
"[[1, 0], [1, 1]]","[[(1, 1), (0, 1)], [(1, 0), (0, 1)]]",40,1600,1.0,0.01,0.01,0.0,0.4,0.0,0.0,emotion,5,1,1.0,400,0.0,1.0,0.0,1.0,5.997,0.275,0.3,0.925,0.0,0.0,0.075,0.0,0.0,0.0,0.0
"[[1, 0], [1, 1]]","[[(1, 1), (0, 1)], [(1, 0), (0, 1)]]",40,1600,1.0,0.01,0.01,0.0,0.4,0.0,0.0,emotion,5,1,1.0,400,0.0,1.0,0.0,1.0,13.845,0.989,1.0,0.0,0.0,0.0,0.95,0.0,0.0,0.0,0.05
"[[1, 0], [1, 1]]","[[(1, 1), (0, 1)], [(1, 0), (0, 1)]]",40,1600,1.0,0.01,0.01,0.0,0.4,0.0,0.0,emotion,5,1,1.0,400,0.0,1.0,0.0,1.0,6.327,0.183,0.4,0.875,0.0,0.0,0.0,0.125,0.0,0.0,0.0
"[[1, 0], [1, 1]]","[[(1, 1), (0, 1)], [(1, 0), (0, 1)]]",40,1600,1.0,0.01,0.01,0.0,0.4,0.0,0.0,emotion,5,1,1.0,400,0.0,1.0,0.0,1.0,5.292,0.113,0.375,0.0,1.0,0.0,0.0,0.0,0.0,0.0,0.0
"[[1, 0], [1, 1]]","[[(1, 1), (0, 1)], [(1, 0), (0, 1)]]",40,1600,1.0,0.01,0.01,0.0,0.4,0.0,0.0,emotion,5,1,1.0,400,0.0,1.0,0.0,1.0,5.905,0.124,0.45,0.0,1.0,0.0,0.0,0.0,0.0,0.0,0.0
"[[1, 0], [1, 1]]","[[(1, 1), (0, 1)], [(1, 0), (0, 1)]]",40,1600,1.0,0.01,0.01,0.0,0.4,0.0,0.0,emotion,5,1,1.0,400,0.0,1.0,0.0,1.0,22.163,0.242,0.7,0.85,0.0,0.025,0.025,0.0,0.075,0.0,0.025
"[[1, 0], [1, 1]]","[[(1, 1), (0, 1)], [(1, 0), (0, 1)]]",40,1600,1.0,0.01,0.01,0.0,0.4,0.0,0.0,emotion,5,1,1.0,400,0.0,1.0,0.0,1.0,22.961,0.164,0.625,0.925,0.0,0.0,0.0,0.0,0.075,0.0,0.0
"[[1, 0], [1, 1]]","[[(1, 1), (0, 1)], [(1, 0), (0, 1)]]",40,1600,1.0,0.01,0.01,0.0,0.4,0.0,0.0,emotion,5,1,1.0,400,0.0,1.0,0.0,1.0,24.442,0.277,0.3,0.0,0.85,0.075,0.0,0.025,0.0,0.05,0.0
"[[1, 0], [1, 1]]","[[(1, 1), (0, 1)], [(1, 0), (0, 1)]]",40,1600,1.0,0.01,0.01,0.0,0.4,0.0,0.0,emotion,5,1,1.0,400,0.0,1.0,0.0,1.0,39.724,0.84,0.9,0.025,0.0,0.0,0.9,0.025,0.0,0.05,0.0
"[[1, 0], [1, 1]]","[[(1, 1), (0, 1)], [(1, 0), (0, 1)]]",40,1600,1.0,0.01,0.01,0.0,0.4,0.0,0.0,emotion,5,1,1.0,400,0.0,1.0,0.0,1.0,43.792,0.156,0.275,0.0,0.95,0.0,0.0,0.05,0.0,0.0,0.0
"[[1, 0], [1, 1]]","[[(1, 1), (0, 1)], [(1, 0), (0, 1)]]",40,1600,1.0,0.01,0.01,0.0,0.4,0.0,0.0,emotion,5,1,1.0,400,0.0,1.0,0.0,1.0,36.512,0.989,0.975,0.025,0.0,0.0,0.95,0.0,0.0,0.0,0.025
"[[1, 0], [1, 1]]","[[(1, 1), (0, 1)], [(1, 0), (0, 1)]]",40,1600,1.0,0.01,0.01,0.0,0.4,0.0,0.0,emotion,5,1,1.0,400,0.0,1.0,0.0,1.0,65.52,0.338,0.15,0.875,0.0,0.0,0.075,0.0,0.05,0.0,0.0
"[[1, 0], [1, 1]]","[[(1, 1), (0, 1)], [(1, 0), (0, 1)]]",40,1600,1.0,0.01,0.01,0.0,0.6,0.0,0.0,emotion,5,1,1.0,400,0.0,1.0,0.0,0.5,6.447,0.164,0.525,0.0,1.0,0.0,0.0,0.0,0.0,0.0,0.0
"[[1, 0], [1, 1]]","[[(1, 1), (0, 1)], [(1, 0), (0, 1)]]",40,1600,1.0,0.01,0.01,0.0,0.6,0.0,0.0,emotion,5,1,1.0,400,0.0,1.0,0.0,0.5,6.048,0.161,0.35,0.0,0.925,0.05,0.0,0.0,0.0,0.025,0.0
"[[1, 0], [1, 1]]","[[(1, 1), (0, 1)], [(1, 0), (0, 1)]]",40,1600,1.0,0.01,0.01,0.0,0.6,0.0,0.0,emotion,5,1,1.0,400,0.0,1.0,0.0,0.5,6.216,0.203,0.5,0.0,0.925,0.0,0.0,0.075,0.0,0.0,0.0
"[[1, 0], [1, 1]]","[[(1, 1), (0, 1)], [(1, 0), (0, 1)]]",40,1600,1.0,0.01,0.01,0.0,0.6,0.0,0.0,emotion,5,1,1.0,400,0.0,1.0,0.0,0.5,6.097,0.301,0.525,0.0,0.875,0.075,0.025,0.025,0.0,0.0,0.0
"[[1, 0], [1, 1]]","[[(1, 1), (0, 1)], [(1, 0), (0, 1)]]",40,1600,1.0,0.01,0.01,0.0,0.6,0.0,0.0,emotion,5,1,1.0,400,0.0,1.0,0.0,0.5,7.652,0.342,0.275,0.9,0.0,0.0,0.0,0.0,0.1,0.0,0.0
"[[1, 0], [1, 1]]","[[(1, 1), (0, 1)], [(1, 0), (0, 1)]]",40,1600,1.0,0.01,0.01,0.0,0.6,0.0,0.0,emotion,5,1,1.0,400,0.0,1.0,0.0,0.5,5.682,0.131,0.3,0.0,0.975,0.0,0.0,0.025,0.0,0.0,0.0
"[[1, 0], [1, 1]]","[[(1, 1), (0, 1)], [(1, 0), (0, 1)]]",40,1600,1.0,0.01,0.01,0.0,0.6,0.0,0.0,emotion,5,1,1.0,400,0.0,1.0,0.0,0.5,6.735,0.35,0.8,0.85,0.0,0.0,0.0,0.0,0.075,0.0,0.075
"[[1, 0], [1, 1]]","[[(1, 1), (0, 1)], [(1, 0), (0, 1)]]",40,1600,1.0,0.01,0.01,0.0,0.6,0.0,0.0,emotion,5,1,1.0,400,0.0,1.0,0.0,0.5,6.336,0.13,0.45,0.0,1.0,0.0,0.0,0.0,0.0,0.0,0.0
"[[1, 0], [1, 1]]","[[(1, 1), (0, 1)], [(1, 0), (0, 1)]]",40,1600,1.0,0.01,0.01,0.0,0.6,0.0,0.0,emotion,5,1,1.0,400,0.0,1.0,0.0,0.5,48.958,0.953,0.975,0.0,0.0,0.0,0.975,0.025,0.0,0.0,0.0
"[[1, 0], [1, 1]]","[[(1, 1), (0, 1)], [(1, 0), (0, 1)]]",40,1600,1.0,0.01,0.01,0.0,0.6,0.0,0.0,emotion,5,1,1.0,400,0.0,1.0,0.0,0.5,53.201,0.799,0.975,0.0,0.0,0.0,0.95,0.025,0.0,0.025,0.0
"[[1, 0], [1, 1]]","[[(1, 1), (0, 1)], [(1, 0), (0, 1)]]",40,1600,1.0,0.01,0.01,0.0,0.6,0.0,0.0,emotion,5,1,1.0,400,0.0,1.0,0.0,0.5,80.108,0.85,0.975,0.025,0.0,0.0,0.925,0.0,0.0,0.05,0.0
"[[1, 0], [1, 1]]","[[(1, 1), (0, 1)], [(1, 0), (0, 1)]]",40,1600,1.0,0.01,0.01,0.0,0.6,0.0,0.0,emotion,5,1,1.0,400,0.0,1.0,0.0,0.5,85.323,0.918,1.0,0.0,0.0,0.0,0.975,0.0,0.0,0.025,0.0
"[[1, 0], [1, 1]]","[[(1, 1), (0, 1)], [(1, 0), (0, 1)]]",40,1600,1.0,0.01,0.01,0.0,0.6,0.0,0.0,emotion,5,1,1.0,400,0.0,1.0,0.0,0.5,89.225,0.8,0.975,0.0,0.0,0.0,0.9,0.0,0.0,0.1,0.0
"[[1, 0], [1, 1]]","[[(1, 1), (0, 1)], [(1, 0), (0, 1)]]",40,1600,1.0,0.01,0.01,0.0,0.6,0.0,0.0,emotion,5,1,1.0,400,0.0,1.0,0.0,0.5,89.214,0.943,0.975,0.0,0.0,0.0,0.975,0.025,0.0,0.0,0.0
"[[1, 0], [1, 1]]","[[(1, 1), (0, 1)], [(1, 0), (0, 1)]]",40,1600,1.0,0.01,0.01,0.0,0.6,0.0,0.0,emotion,5,1,1.0,400,0.0,1.0,0.0,0.5,89.162,0.911,0.975,0.0,0.0,0.0,1.0,0.0,0.0,0.0,0.0
"[[1, 0], [1, 1]]","[[(1, 1), (0, 1)], [(1, 0), (0, 1)]]",40,1600,1.0,0.01,0.01,0.0,0.6,0.0,0.0,emotion,5,1,1.0,400,0.0,1.0,0.0,0.5,89.592,0.863,0.975,0.0,0.0,0.0,0.975,0.025,0.0,0.0,0.0
"[[1, 0], [1, 1]]","[[(1, 1), (0, 1)], [(1, 0), (0, 1)]]",40,1600,1.0,0.01,0.01,0.0,0.6,0.0,0.0,emotion,5,1,1.0,400,0.0,1.0,0.0,0.5,89.407,0.849,0.95,0.0,0.025,0.0,0.95,0.0,0.0,0.025,0.0
"[[1, 0], [1, 1]]","[[(1, 1), (0, 1)], [(1, 0), (0, 1)]]",40,1600,1.0,0.01,0.01,0.0,0.6,0.0,0.0,emotion,5,1,1.0,400,0.0,1.0,0.0,0.5,89.579,0.938,0.975,0.0,0.0,0.0,0.975,0.025,0.0,0.0,0.0
"[[1, 0], [1, 1]]","[[(1, 1), (0, 1)], [(1, 0), (0, 1)]]",40,1600,1.0,0.01,0.01,0.0,0.6,0.0,0.0,emotion,5,1,1.0,400,0.0,1.0,0.0,0.5,89.439,0.85,0.95,0.0,0.0,0.0,0.925,0.075,0.0,0.0,0.0
"[[1, 0], [1, 1]]","[[(1, 1), (0, 1)], [(1, 0), (0, 1)]]",40,1600,1.0,0.01,0.01,0.0,0.6,0.0,0.0,emotion,5,1,1.0,400,0.0,1.0,0.0,0.5,89.168,0.863,0.95,0.025,0.0,0.0,0.95,0.0,0.0,0.025,0.0
"[[1, 0], [1, 1]]","[[(1, 1), (0, 1)], [(1, 0), (0, 1)]]",40,1600,1.0,0.01,0.01,0.0,0.6,0.0,0.0,emotion,5,1,1.0,400,0.0,1.0,0.0,1.0,6.186,0.185,0.575,0.0,0.95,0.0,0.025,0.025,0.0,0.0,0.0
"[[1, 0], [1, 1]]","[[(1, 1), (0, 1)], [(1, 0), (0, 1)]]",40,1600,1.0,0.01,0.01,0.0,0.6,0.0,0.0,emotion,5,1,1.0,400,0.0,1.0,0.0,1.0,5.802,0.126,0.3,0.0,0.975,0.0,0.0,0.025,0.0,0.0,0.0
"[[1, 0], [1, 1]]","[[(1, 1), (0, 1)], [(1, 0), (0, 1)]]",40,1600,1.0,0.01,0.01,0.0,0.6,0.0,0.0,emotion,5,1,1.0,400,0.0,1.0,0.0,1.0,5.596,0.129,0.425,1.0,0.0,0.0,0.0,0.0,0.0,0.0,0.0
"[[1, 0], [1, 1]]","[[(1, 1), (0, 1)], [(1, 0), (0, 1)]]",40,1600,1.0,0.01,0.01,0.0,0.6,0.0,0.0,emotion,5,1,1.0,400,0.0,1.0,0.0,1.0,6.7,0.5,0.225,0.975,0.0,0.0,0.0,0.0,0.0,0.0,0.025
"[[1, 0], [1, 1]]","[[(1, 1), (0, 1)], [(1, 0), (0, 1)]]",40,1600,1.0,0.01,0.01,0.0,0.6,0.0,0.0,emotion,5,1,1.0,400,0.0,1.0,0.0,1.0,5.476,0.271,0.5,0.0,0.9,0.0,0.0,0.075,0.0,0.025,0.0
"[[1, 0], [1, 1]]","[[(1, 1), (0, 1)], [(1, 0), (0, 1)]]",40,1600,1.0,0.01,0.01,0.0,0.6,0.0,0.0,emotion,5,1,1.0,400,0.0,1.0,0.0,1.0,6.085,0.322,0.55,0.0,0.9,0.075,0.0,0.025,0.0,0.0,0.0
"[[1, 0], [1, 1]]","[[(1, 1), (0, 1)], [(1, 0), (0, 1)]]",40,1600,1.0,0.01,0.01,0.0,0.6,0.0,0.0,emotion,5,1,1.0,400,0.0,1.0,0.0,1.0,5.844,0.161,0.475,0.0,0.95,0.025,0.0,0.025,0.0,0.0,0.0
"[[1, 0], [1, 1]]","[[(1, 1), (0, 1)], [(1, 0), (0, 1)]]",40,1600,1.0,0.01,0.01,0.0,0.6,0.0,0.0,emotion,5,1,1.0,400,0.0,1.0,0.0,1.0,8.058,0.196,0.375,0.0,0.975,0.0,0.0,0.0,0.0,0.0,0.025
"[[1, 0], [1, 1]]","[[(1, 1), (0, 1)], [(1, 0), (0, 1)]]",40,1600,1.0,0.01,0.01,0.0,0.6,0.0,0.0,emotion,5,1,1.0,400,0.0,1.0,0.0,1.0,5.792,0.16,0.4,0.0,1.0,0.0,0.0,0.0,0.0,0.0,0.0
"[[1, 0], [1, 1]]","[[(1, 1), (0, 1)], [(1, 0), (0, 1)]]",40,1600,1.0,0.01,0.01,0.0,0.6,0.0,0.0,emotion,5,1,1.0,400,0.0,1.0,0.0,1.0,6.043,0.166,0.325,0.975,0.0,0.0,0.0,0.0,0.025,0.0,0.0
"[[1, 0], [1, 1]]","[[(1, 1), (0, 1)], [(1, 0), (0, 1)]]",40,1600,1.0,0.01,0.01,0.0,0.6,0.0,0.0,emotion,5,1,1.0,400,0.0,1.0,0.0,1.0,16.024,0.239,0.225,0.0,0.95,0.025,0.0,0.0,0.0,0.025,0.0
"[[1, 0], [1, 1]]","[[(1, 1), (0, 1)], [(1, 0), (0, 1)]]",40,1600,1.0,0.01,0.01,0.0,0.6,0.0,0.0,emotion,5,1,1.0,400,0.0,1.0,0.0,1.0,20.92,0.261,0.575,0.0,0.85,0.025,0.0,0.1,0.0,0.025,0.0
"[[1, 0], [1, 1]]","[[(1, 1), (0, 1)], [(1, 0), (0, 1)]]",40,1600,1.0,0.01,0.01,0.0,0.6,0.0,0.0,emotion,5,1,1.0,400,0.0,1.0,0.0,1.0,14.743,0.959,1.0,0.0,0.0,0.0,0.975,0.0,0.0,0.025,0.0
"[[1, 0], [1, 1]]","[[(1, 1), (0, 1)], [(1, 0), (0, 1)]]",40,1600,1.0,0.01,0.01,0.0,0.6,0.0,0.0,emotion,5,1,1.0,400,0.0,1.0,0.0,1.0,27.122,0.254,0.85,0.85,0.0,0.025,0.0,0.025,0.1,0.0,0.0
"[[1, 0], [1, 1]]","[[(1, 1), (0, 1)], [(1, 0), (0, 1)]]",40,1600,1.0,0.01,0.01,0.0,0.6,0.0,0.0,emotion,5,1,1.0,400,0.0,1.0,0.0,1.0,25.523,0.315,0.775,0.925,0.0,0.0,0.0,0.0,0.0,0.0,0.075
"[[1, 0], [1, 1]]","[[(1, 1), (0, 1)], [(1, 0), (0, 1)]]",40,1600,1.0,0.01,0.01,0.0,0.6,0.0,0.0,emotion,5,1,1.0,400,0.0,1.0,0.0,1.0,26.494,0.296,0.4,0.0,0.85,0.025,0.025,0.1,0.0,0.0,0.0
"[[1, 0], [1, 1]]","[[(1, 1), (0, 1)], [(1, 0), (0, 1)]]",40,1600,1.0,0.01,0.01,0.0,0.6,0.0,0.0,emotion,5,1,1.0,400,0.0,1.0,0.0,1.0,54.881,0.923,0.9,0.0,0.0,0.0,0.9,0.075,0.0,0.025,0.0
"[[1, 0], [1, 1]]","[[(1, 1), (0, 1)], [(1, 0), (0, 1)]]",40,1600,1.0,0.01,0.01,0.0,0.6,0.0,0.0,emotion,5,1,1.0,400,0.0,1.0,0.0,1.0,59.102,0.153,0.6,0.975,0.0,0.0,0.0,0.0,0.025,0.0,0.0
"[[1, 0], [1, 1]]","[[(1, 1), (0, 1)], [(1, 0), (0, 1)]]",40,1600,1.0,0.01,0.01,0.0,0.6,0.0,0.0,emotion,5,1,1.0,400,0.0,1.0,0.0,1.0,46.927,1.0,1.0,0.0,0.0,0.0,1.0,0.0,0.0,0.0,0.0
"[[1, 0], [1, 1]]","[[(1, 1), (0, 1)], [(1, 0), (0, 1)]]",40,1600,1.0,0.01,0.01,0.0,0.6,0.0,0.0,emotion,5,1,1.0,400,0.0,1.0,0.0,1.0,57.937,0.259,0.3,0.0,0.85,0.075,0.0,0.05,0.0,0.025,0.0
"[[1, 0], [1, 1]]","[[(1, 1), (0, 1)], [(1, 0), (0, 1)]]",40,1600,1.0,0.01,0.01,0.0,0.8,0.0,0.0,emotion,5,1,1.0,400,0.0,1.0,0.0,0.5,6.622,0.315,0.5,0.0,0.775,0.05,0.0,0.125,0.0,0.05,0.0
"[[1, 0], [1, 1]]","[[(1, 1), (0, 1)], [(1, 0), (0, 1)]]",40,1600,1.0,0.01,0.01,0.0,0.8,0.0,0.0,emotion,5,1,1.0,400,0.0,1.0,0.0,0.5,5.99,0.179,0.525,0.0,0.975,0.0,0.0,0.0,0.0,0.025,0.0
"[[1, 0], [1, 1]]","[[(1, 1), (0, 1)], [(1, 0), (0, 1)]]",40,1600,1.0,0.01,0.01,0.0,0.8,0.0,0.0,emotion,5,1,1.0,400,0.0,1.0,0.0,0.5,6.132,0.264,0.475,0.0,0.9,0.025,0.0,0.075,0.0,0.0,0.0
"[[1, 0], [1, 1]]","[[(1, 1), (0, 1)], [(1, 0), (0, 1)]]",40,1600,1.0,0.01,0.01,0.0,0.8,0.0,0.0,emotion,5,1,1.0,400,0.0,1.0,0.0,0.5,6.354,0.234,0.525,0.0,0.95,0.05,0.0,0.0,0.0,0.0,0.0
"[[1, 0], [1, 1]]","[[(1, 1), (0, 1)], [(1, 0), (0, 1)]]",40,1600,1.0,0.01,0.01,0.0,0.8,0.0,0.0,emotion,5,1,1.0,400,0.0,1.0,0.0,0.5,9.553,0.342,0.675,0.0,0.875,0.025,0.0,0.025,0.0,0.075,0.0
"[[1, 0], [1, 1]]","[[(1, 1), (0, 1)], [(1, 0), (0, 1)]]",40,1600,1.0,0.01,0.01,0.0,0.8,0.0,0.0,emotion,5,1,1.0,400,0.0,1.0,0.0,0.5,29.61,0.954,0.925,0.025,0.0,0.0,0.9,0.05,0.0,0.025,0.0
"[[1, 0], [1, 1]]","[[(1, 1), (0, 1)], [(1, 0), (0, 1)]]",40,1600,1.0,0.01,0.01,0.0,0.8,0.0,0.0,emotion,5,1,1.0,400,0.0,1.0,0.0,0.5,34.661,0.874,0.95,0.0,0.0,0.0,0.95,0.025,0.0,0.025,0.0
"[[1, 0], [1, 1]]","[[(1, 1), (0, 1)], [(1, 0), (0, 1)]]",40,1600,1.0,0.01,0.01,0.0,0.8,0.0,0.0,emotion,5,1,1.0,400,0.0,1.0,0.0,0.5,44.843,0.203,0.45,0.0,0.95,0.0,0.0,0.025,0.0,0.025,0.0
"[[1, 0], [1, 1]]","[[(1, 1), (0, 1)], [(1, 0), (0, 1)]]",40,1600,1.0,0.01,0.01,0.0,0.8,0.0,0.0,emotion,5,1,1.0,400,0.0,1.0,0.0,0.5,67.963,0.184,0.525,0.0,0.95,0.025,0.0,0.025,0.0,0.0,0.0
"[[1, 0], [1, 1]]","[[(1, 1), (0, 1)], [(1, 0), (0, 1)]]",40,1600,1.0,0.01,0.01,0.0,0.8,0.0,0.0,emotion,5,1,1.0,400,0.0,1.0,0.0,0.5,82.119,0.936,1.0,0.0,0.0,0.0,1.0,0.0,0.0,0.0,0.0
"[[1, 0], [1, 1]]","[[(1, 1), (0, 1)], [(1, 0), (0, 1)]]",40,1600,1.0,0.01,0.01,0.0,0.8,0.0,0.0,emotion,5,1,1.0,400,0.0,1.0,0.0,0.5,73.371,0.841,0.925,0.05,0.0,0.0,0.9,0.0,0.0,0.05,0.0
"[[1, 0], [1, 1]]","[[(1, 1), (0, 1)], [(1, 0), (0, 1)]]",40,1600,1.0,0.01,0.01,0.0,0.8,0.0,0.0,emotion,5,1,1.0,400,0.0,1.0,0.0,0.5,75.194,0.973,0.975,0.0,0.0,0.0,0.975,0.025,0.0,0.0,0.0
"[[1, 0], [1, 1]]","[[(1, 1), (0, 1)], [(1, 0), (0, 1)]]",40,1600,1.0,0.01,0.01,0.0,0.8,0.0,0.0,emotion,5,1,1.0,400,0.0,1.0,0.0,0.5,90.502,0.895,1.0,0.0,0.0,0.0,1.0,0.0,0.0,0.0,0.0
"[[1, 0], [1, 1]]","[[(1, 1), (0, 1)], [(1, 0), (0, 1)]]",40,1600,1.0,0.01,0.01,0.0,0.8,0.0,0.0,emotion,5,1,1.0,400,0.0,1.0,0.0,0.5,90.672,0.794,0.925,0.025,0.0,0.0,0.875,0.025,0.0,0.075,0.0
"[[1, 0], [1, 1]]","[[(1, 1), (0, 1)], [(1, 0), (0, 1)]]",40,1600,1.0,0.01,0.01,0.0,0.8,0.0,0.0,emotion,5,1,1.0,400,0.0,1.0,0.0,0.5,90.611,0.774,0.975,0.0,0.0,0.0,0.75,0.0,0.0,0.125,0.125
"[[1, 0], [1, 1]]","[[(1, 1), (0, 1)], [(1, 0), (0, 1)]]",40,1600,1.0,0.01,0.01,0.0,0.8,0.0,0.0,emotion,5,1,1.0,400,0.0,1.0,0.0,0.5,90.396,0.96,1.0,0.0,0.0,0.0,1.0,0.0,0.0,0.0,0.0
"[[1, 0], [1, 1]]","[[(1, 1), (0, 1)], [(1, 0), (0, 1)]]",40,1600,1.0,0.01,0.01,0.0,0.8,0.0,0.0,emotion,5,1,1.0,400,0.0,1.0,0.0,0.5,90.333,0.949,0.975,0.0,0.0,0.0,1.0,0.0,0.0,0.0,0.0
"[[1, 0], [1, 1]]","[[(1, 1), (0, 1)], [(1, 0), (0, 1)]]",40,1600,1.0,0.01,0.01,0.0,0.8,0.0,0.0,emotion,5,1,1.0,400,0.0,1.0,0.0,0.5,90.886,0.88,0.975,0.0,0.0,0.0,1.0,0.0,0.0,0.0,0.0
"[[1, 0], [1, 1]]","[[(1, 1), (0, 1)], [(1, 0), (0, 1)]]",40,1600,1.0,0.01,0.01,0.0,0.8,0.0,0.0,emotion,5,1,1.0,400,0.0,1.0,0.0,0.5,90.333,0.954,0.975,0.0,0.0,0.0,0.975,0.025,0.0,0.0,0.0
"[[1, 0], [1, 1]]","[[(1, 1), (0, 1)], [(1, 0), (0, 1)]]",40,1600,1.0,0.01,0.01,0.0,0.8,0.0,0.0,emotion,5,1,1.0,400,0.0,1.0,0.0,0.5,90.225,0.884,1.0,0.0,0.0,0.0,0.95,0.0,0.0,0.05,0.0
"[[1, 0], [1, 1]]","[[(1, 1), (0, 1)], [(1, 0), (0, 1)]]",40,1600,1.0,0.01,0.01,0.0,0.8,0.0,0.0,emotion,5,1,1.0,400,0.0,1.0,0.0,1.0,5.683,0.206,0.425,0.0,0.95,0.0,0.0,0.05,0.0,0.0,0.0
"[[1, 0], [1, 1]]","[[(1, 1), (0, 1)], [(1, 0), (0, 1)]]",40,1600,1.0,0.01,0.01,0.0,0.8,0.0,0.0,emotion,5,1,1.0,400,0.0,1.0,0.0,1.0,5.802,0.61,0.475,0.0,0.525,0.3,0.0,0.15,0.025,0.0,0.0
"[[1, 0], [1, 1]]","[[(1, 1), (0, 1)], [(1, 0), (0, 1)]]",40,1600,1.0,0.01,0.01,0.0,0.8,0.0,0.0,emotion,5,1,1.0,400,0.0,1.0,0.0,1.0,5.734,0.306,0.375,0.0,0.875,0.075,0.0,0.05,0.0,0.0,0.0
"[[1, 0], [1, 1]]","[[(1, 1), (0, 1)], [(1, 0), (0, 1)]]",40,1600,1.0,0.01,0.01,0.0,0.8,0.0,0.0,emotion,5,1,1.0,400,0.0,1.0,0.0,1.0,5.728,0.336,0.475,0.0,0.875,0.0,0.0,0.1,0.0,0.0,0.025
"[[1, 0], [1, 1]]","[[(1, 1), (0, 1)], [(1, 0), (0, 1)]]",40,1600,1.0,0.01,0.01,0.0,0.8,0.0,0.0,emotion,5,1,1.0,400,0.0,1.0,0.0,1.0,5.997,0.145,0.525,0.0,1.0,0.0,0.0,0.0,0.0,0.0,0.0
"[[1, 0], [1, 1]]","[[(1, 1), (0, 1)], [(1, 0), (0, 1)]]",40,1600,1.0,0.01,0.01,0.0,0.8,0.0,0.0,emotion,5,1,1.0,400,0.0,1.0,0.0,1.0,5.875,0.171,0.4,0.0,1.0,0.0,0.0,0.0,0.0,0.0,0.0
"[[1, 0], [1, 1]]","[[(1, 1), (0, 1)], [(1, 0), (0, 1)]]",40,1600,1.0,0.01,0.01,0.0,0.8,0.0,0.0,emotion,5,1,1.0,400,0.0,1.0,0.0,1.0,6.666,0.546,0.35,0.0,0.9,0.075,0.0,0.0,0.0,0.025,0.0
"[[1, 0], [1, 1]]","[[(1, 1), (0, 1)], [(1, 0), (0, 1)]]",40,1600,1.0,0.01,0.01,0.0,0.8,0.0,0.0,emotion,5,1,1.0,400,0.0,1.0,0.0,1.0,6.134,0.245,0.3,0.0,0.95,0.025,0.0,0.0,0.0,0.025,0.0
"[[1, 0], [1, 1]]","[[(1, 1), (0, 1)], [(1, 0), (0, 1)]]",40,1600,1.0,0.01,0.01,0.0,0.8,0.0,0.0,emotion,5,1,1.0,400,0.0,1.0,0.0,1.0,5.44,0.41,0.775,0.0,0.9,0.0,0.0,0.075,0.0,0.025,0.0
"[[1, 0], [1, 1]]","[[(1, 1), (0, 1)], [(1, 0), (0, 1)]]",40,1600,1.0,0.01,0.01,0.0,0.8,0.0,0.0,emotion,5,1,1.0,400,0.0,1.0,0.0,1.0,28.94,0.465,0.55,0.825,0.0,0.0,0.1,0.0,0.0,0.0,0.075
"[[1, 0], [1, 1]]","[[(1, 1), (0, 1)], [(1, 0), (0, 1)]]",40,1600,1.0,0.01,0.01,0.0,0.8,0.0,0.0,emotion,5,1,1.0,400,0.0,1.0,0.0,1.0,41.415,0.167,0.5,1.0,0.0,0.0,0.0,0.0,0.0,0.0,0.0
"[[1, 0], [1, 1]]","[[(1, 1), (0, 1)], [(1, 0), (0, 1)]]",40,1600,1.0,0.01,0.01,0.0,0.8,0.0,0.0,emotion,5,1,1.0,400,0.0,1.0,0.0,1.0,55.225,0.97,1.0,0.0,0.0,0.0,0.975,0.0,0.0,0.025,0.0
"[[1, 0], [1, 1]]","[[(1, 1), (0, 1)], [(1, 0), (0, 1)]]",40,1600,1.0,0.01,0.01,0.0,0.8,0.0,0.0,emotion,5,1,1.0,400,0.0,1.0,0.0,1.0,51.867,0.341,0.275,0.0,0.9,0.0,0.0,0.075,0.0,0.025,0.0
"[[1, 0], [1, 1]]","[[(1, 1), (0, 1)], [(1, 0), (0, 1)]]",40,1600,1.0,0.01,0.01,0.0,0.8,0.0,0.0,emotion,5,1,1.0,400,0.0,1.0,0.0,1.0,58.434,0.984,0.925,0.05,0.0,0.0,0.9,0.025,0.0,0.025,0.0
"[[1, 0], [1, 1]]","[[(1, 1), (0, 1)], [(1, 0), (0, 1)]]",40,1600,1.0,0.01,0.01,0.0,0.8,0.0,0.0,emotion,5,1,1.0,400,0.0,1.0,0.0,1.0,61.673,1.0,1.0,0.0,0.0,0.0,1.0,0.0,0.0,0.0,0.0
"[[1, 0], [1, 1]]","[[(1, 1), (0, 1)], [(1, 0), (0, 1)]]",40,1600,1.0,0.01,0.01,0.0,0.8,0.0,0.0,emotion,5,1,1.0,400,0.0,1.0,0.0,1.0,87.246,0.934,0.975,0.0,0.0,0.0,0.975,0.0,0.0,0.025,0.0
"[[1, 0], [1, 1]]","[[(1, 1), (0, 1)], [(1, 0), (0, 1)]]",40,1600,1.0,0.01,0.01,0.0,0.8,0.0,0.0,emotion,5,1,1.0,400,0.0,1.0,0.0,1.0,89.386,1.0,1.0,0.0,0.0,0.0,1.0,0.0,0.0,0.0,0.0
"[[1, 0], [1, 1]]","[[(1, 1), (0, 1)], [(1, 0), (0, 1)]]",40,1600,1.0,0.01,0.01,0.0,0.8,0.0,0.0,emotion,5,1,1.0,400,0.0,1.0,0.0,1.0,93.061,0.979,0.95,0.0,0.0,0.0,0.95,0.05,0.0,0.0,0.0
"[[1, 0], [1, 1]]","[[(1, 1), (0, 1)], [(1, 0), (0, 1)]]",40,1600,1.0,0.01,0.01,0.0,0.8,0.0,0.0,emotion,5,1,1.0,400,0.0,1.0,0.0,1.0,88.545,0.974,0.925,0.075,0.0,0.0,0.875,0.0,0.05,0.0,0.0
"[[1, 0], [1, 1]]","[[(1, 1), (0, 1)], [(1, 0), (0, 1)]]",40,1600,1.0,0.01,0.01,0.0,0.8,0.0,0.0,emotion,5,1,1.0,400,0.0,1.0,0.0,1.0,93.017,0.972,0.975,0.0,0.05,0.0,0.925,0.0,0.0,0.025,0.0
"[[0, 0], [0, 1]]","[[(1, 1), (0, 0)], [(1, 0), (0, 1)]]",40,1600,1.0,0.01,0.01,0.0,0.4,0.0,0.0,emotion,5,1,1.0,400,0.0,1.0,0.0,0.5,5.851,0.932,0.0,0.0,0.55,0.325,0.0,0.075,0.0,0.05,0.0
"[[0, 0], [0, 1]]","[[(1, 1), (0, 0)], [(1, 0), (0, 1)]]",40,1600,1.0,0.01,0.01,0.0,0.4,0.0,0.0,emotion,5,1,1.0,400,0.0,1.0,0.0,0.5,6.934,0.995,0.0,0.425,0.0,0.0,0.575,0.0,0.0,0.0,0.0
"[[0, 0], [0, 1]]","[[(1, 1), (0, 0)], [(1, 0), (0, 1)]]",40,1600,1.0,0.01,0.01,0.0,0.4,0.0,0.0,emotion,5,1,1.0,400,0.0,1.0,0.0,0.5,7.889,0.806,0.0,0.3,0.0,0.0,0.5,0.1,0.075,0.025,0.0
"[[0, 0], [0, 1]]","[[(1, 1), (0, 0)], [(1, 0), (0, 1)]]",40,1600,1.0,0.01,0.01,0.0,0.4,0.0,0.0,emotion,5,1,1.0,400,0.0,1.0,0.0,0.5,5.327,0.991,0.0,1.0,0.0,0.0,0.0,0.0,0.0,0.0,0.0
"[[0, 0], [0, 1]]","[[(1, 1), (0, 0)], [(1, 0), (0, 1)]]",40,1600,1.0,0.01,0.01,0.0,0.4,0.0,0.0,emotion,5,1,1.0,400,0.0,1.0,0.0,0.5,6.042,0.98,0.0,0.0,0.775,0.2,0.0,0.025,0.0,0.0,0.0
"[[0, 0], [0, 1]]","[[(1, 1), (0, 0)], [(1, 0), (0, 1)]]",40,1600,1.0,0.01,0.01,0.0,0.4,0.0,0.0,emotion,5,1,1.0,400,0.0,1.0,0.0,0.5,6.842,0.955,0.0,0.0,0.775,0.2,0.0,0.0,0.0,0.025,0.0
"[[0, 0], [0, 1]]","[[(1, 1), (0, 0)], [(1, 0), (0, 1)]]",40,1600,1.0,0.01,0.01,0.0,0.4,0.0,0.0,emotion,5,1,1.0,400,0.0,1.0,0.0,0.5,7.819,0.96,0.0,0.0,0.9,0.025,0.0,0.05,0.0,0.025,0.0
"[[0, 0], [0, 1]]","[[(1, 1), (0, 0)], [(1, 0), (0, 1)]]",40,1600,1.0,0.01,0.01,0.0,0.4,0.0,0.0,emotion,5,1,1.0,400,0.0,1.0,0.0,0.5,6.708,0.873,0.0,0.85,0.0,0.0,0.0,0.0,0.15,0.0,0.0
"[[0, 0], [0, 1]]","[[(1, 1), (0, 0)], [(1, 0), (0, 1)]]",40,1600,1.0,0.01,0.01,0.0,0.4,0.0,0.0,emotion,5,1,1.0,400,0.0,1.0,0.0,0.5,7.38,0.92,0.0,0.0,0.75,0.0,0.225,0.025,0.0,0.0,0.0
"[[0, 0], [0, 1]]","[[(1, 1), (0, 0)], [(1, 0), (0, 1)]]",40,1600,1.0,0.01,0.01,0.0,0.4,0.0,0.0,emotion,5,1,1.0,400,0.0,1.0,0.0,0.5,6.963,0.916,0.0,0.3,0.0,0.0,0.6,0.05,0.05,0.0,0.0
"[[0, 0], [0, 1]]","[[(1, 1), (0, 0)], [(1, 0), (0, 1)]]",40,1600,1.0,0.01,0.01,0.0,0.4,0.0,0.0,emotion,5,1,1.0,400,0.0,1.0,0.0,0.5,6.128,0.71,0.0,0.025,0.05,0.725,0.0,0.0,0.025,0.1,0.075
"[[0, 0], [0, 1]]","[[(1, 1), (0, 0)], [(1, 0), (0, 1)]]",40,1600,1.0,0.01,0.01,0.0,0.4,0.0,0.0,emotion,5,1,1.0,400,0.0,1.0,0.0,0.5,6.71,0.973,0.0,0.0,0.95,0.025,0.0,0.0,0.0,0.025,0.0
"[[0, 0], [0, 1]]","[[(1, 1), (0, 0)], [(1, 0), (0, 1)]]",40,1600,1.0,0.01,0.01,0.0,0.4,0.0,0.0,emotion,5,1,1.0,400,0.0,1.0,0.0,0.5,5.351,0.991,0.0,0.0,0.55,0.45,0.0,0.0,0.0,0.0,0.0
"[[0, 0], [0, 1]]","[[(1, 1), (0, 0)], [(1, 0), (0, 1)]]",40,1600,1.0,0.01,0.01,0.0,0.4,0.0,0.0,emotion,5,1,1.0,400,0.0,1.0,0.0,0.5,8.754,0.927,0.0,0.0,0.15,0.825,0.0,0.0,0.025,0.0,0.0
"[[0, 0], [0, 1]]","[[(1, 1), (0, 0)], [(1, 0), (0, 1)]]",40,1600,1.0,0.01,0.01,0.0,0.4,0.0,0.0,emotion,5,1,1.0,400,0.0,1.0,0.0,0.5,8.004,0.685,0.025,0.575,0.0,0.0,0.3,0.0,0.0,0.05,0.075
"[[0, 0], [0, 1]]","[[(1, 1), (0, 0)], [(1, 0), (0, 1)]]",40,1600,1.0,0.01,0.01,0.0,0.4,0.0,0.0,emotion,5,1,1.0,400,0.0,1.0,0.0,0.5,7.594,0.986,0.0,0.775,0.0,0.2,0.0,0.0,0.0,0.0,0.025
"[[0, 0], [0, 1]]","[[(1, 1), (0, 0)], [(1, 0), (0, 1)]]",40,1600,1.0,0.01,0.01,0.0,0.4,0.0,0.0,emotion,5,1,1.0,400,0.0,1.0,0.0,0.5,6.716,0.954,0.025,0.0,0.0,1.0,0.0,0.0,0.0,0.0,0.0
"[[0, 0], [0, 1]]","[[(1, 1), (0, 0)], [(1, 0), (0, 1)]]",40,1600,1.0,0.01,0.01,0.0,0.4,0.0,0.0,emotion,5,1,1.0,400,0.0,1.0,0.0,0.5,8.141,0.955,0.0,0.125,0.0,0.0,0.825,0.0,0.0,0.05,0.0
"[[0, 0], [0, 1]]","[[(1, 1), (0, 0)], [(1, 0), (0, 1)]]",40,1600,1.0,0.01,0.01,0.0,0.4,0.0,0.0,emotion,5,1,1.0,400,0.0,1.0,0.0,0.5,6.784,0.926,0.0,0.275,0.0,0.0,0.7,0.0,0.025,0.0,0.0
"[[0, 0], [0, 1]]","[[(1, 1), (0, 0)], [(1, 0), (0, 1)]]",40,1600,1.0,0.01,0.01,0.0,0.4,0.0,0.0,emotion,5,1,1.0,400,0.0,1.0,0.0,0.5,6.96,0.981,0.0,0.125,0.0,0.0,0.875,0.0,0.0,0.0,0.0
"[[0, 0], [0, 1]]","[[(1, 1), (0, 0)], [(1, 0), (0, 1)]]",40,1600,1.0,0.01,0.01,0.0,0.4,0.0,0.0,emotion,5,1,1.0,400,0.0,1.0,0.0,1.0,8.852,0.955,0.0,0.8,0.0,0.0,0.2,0.0,0.0,0.0,0.0
"[[0, 0], [0, 1]]","[[(1, 1), (0, 0)], [(1, 0), (0, 1)]]",40,1600,1.0,0.01,0.01,0.0,0.4,0.0,0.0,emotion,5,1,1.0,400,0.0,1.0,0.0,1.0,14.613,0.991,0.0,0.0,0.9,0.075,0.0,0.0,0.025,0.0,0.0
"[[0, 0], [0, 1]]","[[(1, 1), (0, 0)], [(1, 0), (0, 1)]]",40,1600,1.0,0.01,0.01,0.0,0.4,0.0,0.0,emotion,5,1,1.0,400,0.0,1.0,0.0,1.0,19.121,0.425,0.15,0.05,0.0,0.0,0.725,0.225,0.0,0.0,0.0
"[[0, 0], [0, 1]]","[[(1, 1), (0, 0)], [(1, 0), (0, 1)]]",40,1600,1.0,0.01,0.01,0.0,0.4,0.0,0.0,emotion,5,1,1.0,400,0.0,1.0,0.0,1.0,12.178,0.994,0.0,0.0,0.975,0.0,0.0,0.025,0.0,0.0,0.0
"[[0, 0], [0, 1]]","[[(1, 1), (0, 0)], [(1, 0), (0, 1)]]",40,1600,1.0,0.01,0.01,0.0,0.4,0.0,0.0,emotion,5,1,1.0,400,0.0,1.0,0.0,1.0,18.672,0.925,0.025,0.0,0.85,0.15,0.0,0.0,0.0,0.0,0.0
"[[0, 0], [0, 1]]","[[(1, 1), (0, 0)], [(1, 0), (0, 1)]]",40,1600,1.0,0.01,0.01,0.0,0.4,0.0,0.0,emotion,5,1,1.0,400,0.0,1.0,0.0,1.0,22.498,0.885,0.025,0.0,0.375,0.6,0.0,0.025,0.0,0.0,0.0
"[[0, 0], [0, 1]]","[[(1, 1), (0, 0)], [(1, 0), (0, 1)]]",40,1600,1.0,0.01,0.01,0.0,0.4,0.0,0.0,emotion,5,1,1.0,400,0.0,1.0,0.0,1.0,17.551,0.445,0.275,0.0,0.0,0.9,0.0,0.0,0.0,0.0,0.1
"[[0, 0], [0, 1]]","[[(1, 1), (0, 0)], [(1, 0), (0, 1)]]",40,1600,1.0,0.01,0.01,0.0,0.4,0.0,0.0,emotion,5,1,1.0,400,0.0,1.0,0.0,1.0,19.14,0.878,0.0,0.0,0.925,0.05,0.0,0.025,0.0,0.0,0.0
"[[0, 0], [0, 1]]","[[(1, 1), (0, 0)], [(1, 0), (0, 1)]]",40,1600,1.0,0.01,0.01,0.0,0.4,0.0,0.0,emotion,5,1,1.0,400,0.0,1.0,0.0,1.0,21.783,0.535,0.225,0.0,0.025,0.975,0.0,0.0,0.0,0.0,0.0
"[[0, 0], [0, 1]]","[[(1, 1), (0, 0)], [(1, 0), (0, 1)]]",40,1600,1.0,0.01,0.01,0.0,0.4,0.0,0.0,emotion,5,1,1.0,400,0.0,1.0,0.0,1.0,23.124,0.991,0.0,0.875,0.0,0.0,0.1,0.025,0.0,0.0,0.0
"[[0, 0], [0, 1]]","[[(1, 1), (0, 0)], [(1, 0), (0, 1)]]",40,1600,1.0,0.01,0.01,0.0,0.4,0.0,0.0,emotion,5,1,1.0,400,0.0,1.0,0.0,1.0,24.162,0.819,0.025,0.0,0.3,0.675,0.0,0.0,0.0,0.0,0.025
"[[0, 0], [0, 1]]","[[(1, 1), (0, 0)], [(1, 0), (0, 1)]]",40,1600,1.0,0.01,0.01,0.0,0.4,0.0,0.0,emotion,5,1,1.0,400,0.0,1.0,0.0,1.0,25.877,0.881,0.0,0.0,0.85,0.075,0.0,0.075,0.0,0.0,0.0
"[[0, 0], [0, 1]]","[[(1, 1), (0, 0)], [(1, 0), (0, 1)]]",40,1600,1.0,0.01,0.01,0.0,0.4,0.0,0.0,emotion,5,1,1.0,400,0.0,1.0,0.0,1.0,21.179,0.924,0.025,0.6,0.0,0.0,0.4,0.0,0.0,0.0,0.0
"[[0, 0], [0, 1]]","[[(1, 1), (0, 0)], [(1, 0), (0, 1)]]",40,1600,1.0,0.01,0.01,0.0,0.4,0.0,0.0,emotion,5,1,1.0,400,0.0,1.0,0.0,1.0,31.424,0.509,0.15,0.0,0.025,0.9,0.0,0.0,0.05,0.0,0.025
"[[0, 0], [0, 1]]","[[(1, 1), (0, 0)], [(1, 0), (0, 1)]]",40,1600,1.0,0.01,0.01,0.0,0.4,0.0,0.0,emotion,5,1,1.0,400,0.0,1.0,0.0,1.0,26.588,0.296,0.325,0.0,0.0,0.975,0.0,0.0,0.025,0.0,0.0
"[[0, 0], [0, 1]]","[[(1, 1), (0, 0)], [(1, 0), (0, 1)]]",40,1600,1.0,0.01,0.01,0.0,0.4,0.0,0.0,emotion,5,1,1.0,400,0.0,1.0,0.0,1.0,26.458,0.647,0.225,0.0,0.0,1.0,0.0,0.0,0.0,0.0,0.0
"[[0, 0], [0, 1]]","[[(1, 1), (0, 0)], [(1, 0), (0, 1)]]",40,1600,1.0,0.01,0.01,0.0,0.4,0.0,0.0,emotion,5,1,1.0,400,0.0,1.0,0.0,1.0,25.753,0.556,0.175,0.0,0.0,0.975,0.0,0.0,0.0,0.0,0.025
"[[0, 0], [0, 1]]","[[(1, 1), (0, 0)], [(1, 0), (0, 1)]]",40,1600,1.0,0.01,0.01,0.0,0.4,0.0,0.0,emotion,5,1,1.0,400,0.0,1.0,0.0,1.0,33.311,0.519,0.25,0.0,0.0,0.95,0.0,0.0,0.0,0.025,0.025
"[[0, 0], [0, 1]]","[[(1, 1), (0, 0)], [(1, 0), (0, 1)]]",40,1600,1.0,0.01,0.01,0.0,0.4,0.0,0.0,emotion,5,1,1.0,400,0.0,1.0,0.0,1.0,31.387,0.664,0.1,0.125,0.0,0.475,0.375,0.0,0.0,0.0,0.025
"[[0, 0], [0, 1]]","[[(1, 1), (0, 0)], [(1, 0), (0, 1)]]",40,1600,1.0,0.01,0.01,0.0,0.4,0.0,0.0,emotion,5,1,1.0,400,0.0,1.0,0.0,1.0,30.561,0.903,0.025,0.0,0.35,0.575,0.05,0.0,0.0,0.025,0.0
"[[0, 0], [0, 1]]","[[(1, 1), (0, 0)], [(1, 0), (0, 1)]]",40,1600,1.0,0.01,0.01,0.0,0.6,0.0,0.0,emotion,5,1,1.0,400,0.0,1.0,0.0,0.5,8.648,0.982,0.0,0.0,0.15,0.85,0.0,0.0,0.0,0.0,0.0
"[[0, 0], [0, 1]]","[[(1, 1), (0, 0)], [(1, 0), (0, 1)]]",40,1600,1.0,0.01,0.01,0.0,0.6,0.0,0.0,emotion,5,1,1.0,400,0.0,1.0,0.0,0.5,6.8,0.94,0.0,0.0,0.8,0.1,0.0,0.05,0.0,0.05,0.0
"[[0, 0], [0, 1]]","[[(1, 1), (0, 0)], [(1, 0), (0, 1)]]",40,1600,1.0,0.01,0.01,0.0,0.6,0.0,0.0,emotion,5,1,1.0,400,0.0,1.0,0.0,0.5,8.352,0.981,0.0,0.0,0.225,0.775,0.0,0.0,0.0,0.0,0.0
"[[0, 0], [0, 1]]","[[(1, 1), (0, 0)], [(1, 0), (0, 1)]]",40,1600,1.0,0.01,0.01,0.0,0.6,0.0,0.0,emotion,5,1,1.0,400,0.0,1.0,0.0,0.5,8.511,0.971,0.0,0.75,0.0,0.2,0.0,0.0,0.0,0.0,0.05
"[[0, 0], [0, 1]]","[[(1, 1), (0, 0)], [(1, 0), (0, 1)]]",40,1600,1.0,0.01,0.01,0.0,0.6,0.0,0.0,emotion,5,1,1.0,400,0.0,1.0,0.0,0.5,7.662,0.997,0.0,0.0,0.825,0.15,0.0,0.0,0.0,0.0,0.025
"[[0, 0], [0, 1]]","[[(1, 1), (0, 0)], [(1, 0), (0, 1)]]",40,1600,1.0,0.01,0.01,0.0,0.6,0.0,0.0,emotion,5,1,1.0,400,0.0,1.0,0.0,0.5,6.537,0.742,0.0,0.0,0.65,0.275,0.0,0.075,0.0,0.0,0.0
"[[0, 0], [0, 1]]","[[(1, 1), (0, 0)], [(1, 0), (0, 1)]]",40,1600,1.0,0.01,0.01,0.0,0.6,0.0,0.0,emotion,5,1,1.0,400,0.0,1.0,0.0,0.5,7.858,0.985,0.0,0.0,0.925,0.025,0.0,0.05,0.0,0.0,0.0
"[[0, 0], [0, 1]]","[[(1, 1), (0, 0)], [(1, 0), (0, 1)]]",40,1600,1.0,0.01,0.01,0.0,0.6,0.0,0.0,emotion,5,1,1.0,400,0.0,1.0,0.0,0.5,7.382,0.985,0.0,0.0,0.825,0.175,0.0,0.0,0.0,0.0,0.0
"[[0, 0], [0, 1]]","[[(1, 1), (0, 0)], [(1, 0), (0, 1)]]",40,1600,1.0,0.01,0.01,0.0,0.6,0.0,0.0,emotion,5,1,1.0,400,0.0,1.0,0.0,0.5,6.746,0.997,0.0,0.65,0.0,0.0,0.325,0.0,0.0,0.0,0.025
"[[0, 0], [0, 1]]","[[(1, 1), (0, 0)], [(1, 0), (0, 1)]]",40,1600,1.0,0.01,0.01,0.0,0.6,0.0,0.0,emotion,5,1,1.0,400,0.0,1.0,0.0,0.5,6.814,0.966,0.0,0.325,0.0,0.0,0.6,0.05,0.0,0.025,0.0
"[[0, 0], [0, 1]]","[[(1, 1), (0, 0)], [(1, 0), (0, 1)]]",40,1600,1.0,0.01,0.01,0.0,0.6,0.0,0.0,emotion,5,1,1.0,400,0.0,1.0,0.0,0.5,6.705,0.963,0.0,0.0,0.85,0.125,0.0,0.0,0.0,0.025,0.0
"[[0, 0], [0, 1]]","[[(1, 1), (0, 0)], [(1, 0), (0, 1)]]",40,1600,1.0,0.01,0.01,0.0,0.6,0.0,0.0,emotion,5,1,1.0,400,0.0,1.0,0.0,0.5,6.44,0.934,0.0,0.0,0.425,0.55,0.0,0.0,0.025,0.0,0.0
"[[0, 0], [0, 1]]","[[(1, 1), (0, 0)], [(1, 0), (0, 1)]]",40,1600,1.0,0.01,0.01,0.0,0.6,0.0,0.0,emotion,5,1,1.0,400,0.0,1.0,0.0,0.5,7.562,0.43,0.0,0.025,0.0,0.0,0.825,0.0,0.0,0.15,0.0
"[[0, 0], [0, 1]]","[[(1, 1), (0, 0)], [(1, 0), (0, 1)]]",40,1600,1.0,0.01,0.01,0.0,0.6,0.0,0.0,emotion,5,1,1.0,400,0.0,1.0,0.0,0.5,8.179,0.98,0.0,0.0,0.2,0.775,0.0,0.0,0.0,0.0,0.025
"[[0, 0], [0, 1]]","[[(1, 1), (0, 0)], [(1, 0), (0, 1)]]",40,1600,1.0,0.01,0.01,0.0,0.6,0.0,0.0,emotion,5,1,1.0,400,0.0,1.0,0.0,0.5,7.81,0.97,0.0,0.0,0.725,0.25,0.0,0.0,0.0,0.025,0.0
"[[0, 0], [0, 1]]","[[(1, 1), (0, 0)], [(1, 0), (0, 1)]]",40,1600,1.0,0.01,0.01,0.0,0.6,0.0,0.0,emotion,5,1,1.0,400,0.0,1.0,0.0,0.5,5.586,0.988,0.0,0.0,0.8,0.15,0.025,0.0,0.0,0.025,0.0
"[[0, 0], [0, 1]]","[[(1, 1), (0, 0)], [(1, 0), (0, 1)]]",40,1600,1.0,0.01,0.01,0.0,0.6,0.0,0.0,emotion,5,1,1.0,400,0.0,1.0,0.0,0.5,7.71,0.977,0.0,0.0,0.0,0.975,0.0,0.0,0.0,0.0,0.025
"[[0, 0], [0, 1]]","[[(1, 1), (0, 0)], [(1, 0), (0, 1)]]",40,1600,1.0,0.01,0.01,0.0,0.6,0.0,0.0,emotion,5,1,1.0,400,0.0,1.0,0.0,0.5,9.237,0.976,0.0,0.8,0.0,0.0,0.125,0.0,0.075,0.0,0.0
"[[0, 0], [0, 1]]","[[(1, 1), (0, 0)], [(1, 0), (0, 1)]]",40,1600,1.0,0.01,0.01,0.0,0.6,0.0,0.0,emotion,5,1,1.0,400,0.0,1.0,0.0,0.5,5.672,0.961,0.025,0.0,0.25,0.75,0.0,0.0,0.0,0.0,0.0
"[[0, 0], [0, 1]]","[[(1, 1), (0, 0)], [(1, 0), (0, 1)]]",40,1600,1.0,0.01,0.01,0.0,0.6,0.0,0.0,emotion,5,1,1.0,400,0.0,1.0,0.0,0.5,8.912,0.984,0.0,0.6,0.0,0.0,0.375,0.0,0.0,0.0,0.025
"[[0, 0], [0, 1]]","[[(1, 1), (0, 0)], [(1, 0), (0, 1)]]",40,1600,1.0,0.01,0.01,0.0,0.6,0.0,0.0,emotion,5,1,1.0,400,0.0,1.0,0.0,1.0,25.632,0.541,0.425,0.0,0.025,0.975,0.0,0.0,0.0,0.0,0.0
"[[0, 0], [0, 1]]","[[(1, 1), (0, 0)], [(1, 0), (0, 1)]]",40,1600,1.0,0.01,0.01,0.0,0.6,0.0,0.0,emotion,5,1,1.0,400,0.0,1.0,0.0,1.0,29.789,0.835,0.15,0.3,0.025,0.0,0.65,0.025,0.0,0.0,0.0
"[[0, 0], [0, 1]]","[[(1, 1), (0, 0)], [(1, 0), (0, 1)]]",40,1600,1.0,0.01,0.01,0.0,0.6,0.0,0.0,emotion,5,1,1.0,400,0.0,1.0,0.0,1.0,25.288,0.994,0.0,0.725,0.05,0.0,0.2,0.0,0.0,0.025,0.0
"[[0, 0], [0, 1]]","[[(1, 1), (0, 0)], [(1, 0), (0, 1)]]",40,1600,1.0,0.01,0.01,0.0,0.6,0.0,0.0,emotion,5,1,1.0,400,0.0,1.0,0.0,1.0,32.845,0.475,0.25,0.0,0.025,0.9,0.0,0.0,0.075,0.0,0.0
"[[0, 0], [0, 1]]","[[(1, 1), (0, 0)], [(1, 0), (0, 1)]]",40,1600,1.0,0.01,0.01,0.0,0.6,0.0,0.0,emotion,5,1,1.0,400,0.0,1.0,0.0,1.0,31.607,0.639,0.125,0.0,0.125,0.8,0.0,0.0,0.075,0.0,0.0
"[[0, 0], [0, 1]]","[[(1, 1), (0, 0)], [(1, 0), (0, 1)]]",40,1600,1.0,0.01,0.01,0.0,0.6,0.0,0.0,emotion,5,1,1.0,400,0.0,1.0,0.0,1.0,27.517,0.799,0.2,0.0,0.4,0.575,0.0,0.0,0.0,0.025,0.0
"[[0, 0], [0, 1]]","[[(1, 1), (0, 0)], [(1, 0), (0, 1)]]",40,1600,1.0,0.01,0.01,0.0,0.6,0.0,0.0,emotion,5,1,1.0,400,0.0,1.0,0.0,1.0,21.436,0.537,0.3,0.0,0.0,0.875,0.0,0.05,0.0,0.0,0.075
"[[0, 0], [0, 1]]","[[(1, 1), (0, 0)], [(1, 0), (0, 1)]]",40,1600,1.0,0.01,0.01,0.0,0.6,0.0,0.0,emotion,5,1,1.0,400,0.0,1.0,0.0,1.0,28.262,0.968,0.025,1.0,0.0,0.0,0.0,0.0,0.0,0.0,0.0
"[[0, 0], [0, 1]]","[[(1, 1), (0, 0)], [(1, 0), (0, 1)]]",40,1600,1.0,0.01,0.01,0.0,0.6,0.0,0.0,emotion,5,1,1.0,400,0.0,1.0,0.0,1.0,30.192,0.924,0.0,0.0,0.85,0.125,0.0,0.0,0.0,0.025,0.0
"[[0, 0], [0, 1]]","[[(1, 1), (0, 0)], [(1, 0), (0, 1)]]",40,1600,1.0,0.01,0.01,0.0,0.6,0.0,0.0,emotion,5,1,1.0,400,0.0,1.0,0.0,1.0,33.833,0.247,0.475,0.05,0.0,0.0,0.75,0.0,0.0,0.2,0.0
"[[0, 0], [0, 1]]","[[(1, 1), (0, 0)], [(1, 0), (0, 1)]]",40,1600,1.0,0.01,0.01,0.0,0.6,0.0,0.0,emotion,5,1,1.0,400,0.0,1.0,0.0,1.0,34.096,0.33,0.325,0.025,0.0,0.9,0.0,0.0,0.0,0.075,0.0
"[[0, 0], [0, 1]]","[[(1, 1), (0, 0)], [(1, 0), (0, 1)]]",40,1600,1.0,0.01,0.01,0.0,0.6,0.0,0.0,emotion,5,1,1.0,400,0.0,1.0,0.0,1.0,31.217,0.62,0.325,0.0,0.0,1.0,0.0,0.0,0.0,0.0,0.0
"[[0, 0], [0, 1]]","[[(1, 1), (0, 0)], [(1, 0), (0, 1)]]",40,1600,1.0,0.01,0.01,0.0,0.6,0.0,0.0,emotion,5,1,1.0,400,0.0,1.0,0.0,1.0,32.016,0.556,0.3,0.025,0.0,0.0,0.85,0.125,0.0,0.0,0.0
"[[0, 0], [0, 1]]","[[(1, 1), (0, 0)], [(1, 0), (0, 1)]]",40,1600,1.0,0.01,0.01,0.0,0.6,0.0,0.0,emotion,5,1,1.0,400,0.0,1.0,0.0,1.0,31.661,0.976,0.05,0.625,0.0,0.0,0.375,0.0,0.0,0.0,0.0
"[[0, 0], [0, 1]]","[[(1, 1), (0, 0)], [(1, 0), (0, 1)]]",40,1600,1.0,0.01,0.01,0.0,0.6,0.0,0.0,emotion,5,1,1.0,400,0.0,1.0,0.0,1.0,33.94,0.675,0.2,0.0,0.05,0.95,0.0,0.0,0.0,0.0,0.0
"[[0, 0], [0, 1]]","[[(1, 1), (0, 0)], [(1, 0), (0, 1)]]",40,1600,1.0,0.01,0.01,0.0,0.6,0.0,0.0,emotion,5,1,1.0,400,0.0,1.0,0.0,1.0,34.043,0.399,0.425,0.0,0.0,0.0,0.925,0.0,0.0,0.075,0.0
"[[0, 0], [0, 1]]","[[(1, 1), (0, 0)], [(1, 0), (0, 1)]]",40,1600,1.0,0.01,0.01,0.0,0.6,0.0,0.0,emotion,5,1,1.0,400,0.0,1.0,0.0,1.0,31.703,0.447,0.425,0.0,0.0,0.0,1.0,0.0,0.0,0.0,0.0
"[[0, 0], [0, 1]]","[[(1, 1), (0, 0)], [(1, 0), (0, 1)]]",40,1600,1.0,0.01,0.01,0.0,0.6,0.0,0.0,emotion,5,1,1.0,400,0.0,1.0,0.0,1.0,36.703,0.955,0.025,0.5,0.0,0.0,0.5,0.0,0.0,0.0,0.0
"[[0, 0], [0, 1]]","[[(1, 1), (0, 0)], [(1, 0), (0, 1)]]",40,1600,1.0,0.01,0.01,0.0,0.6,0.0,0.0,emotion,5,1,1.0,400,0.0,1.0,0.0,1.0,37.42,0.646,0.35,0.125,0.0,0.0,0.875,0.0,0.0,0.0,0.0
"[[0, 0], [0, 1]]","[[(1, 1), (0, 0)], [(1, 0), (0, 1)]]",40,1600,1.0,0.01,0.01,0.0,0.6,0.0,0.0,emotion,5,1,1.0,400,0.0,1.0,0.0,1.0,39.166,0.671,0.3,0.025,0.0,0.0,0.925,0.0,0.0,0.05,0.0
"[[0, 0], [0, 1]]","[[(1, 1), (0, 0)], [(1, 0), (0, 1)]]",40,1600,1.0,0.01,0.01,0.0,0.8,0.0,0.0,emotion,5,1,1.0,400,0.0,1.0,0.0,0.5,5.737,0.957,0.0,0.6,0.0,0.0,0.4,0.0,0.0,0.0,0.0
"[[0, 0], [0, 1]]","[[(1, 1), (0, 0)], [(1, 0), (0, 1)]]",40,1600,1.0,0.01,0.01,0.0,0.8,0.0,0.0,emotion,5,1,1.0,400,0.0,1.0,0.0,0.5,6.617,0.926,0.025,0.2,0.075,0.725,0.0,0.0,0.0,0.0,0.0
"[[0, 0], [0, 1]]","[[(1, 1), (0, 0)], [(1, 0), (0, 1)]]",40,1600,1.0,0.01,0.01,0.0,0.8,0.0,0.0,emotion,5,1,1.0,400,0.0,1.0,0.0,0.5,7.403,0.96,0.025,0.0,0.8,0.15,0.0,0.0,0.0,0.025,0.025
"[[0, 0], [0, 1]]","[[(1, 1), (0, 0)], [(1, 0), (0, 1)]]",40,1600,1.0,0.01,0.01,0.0,0.8,0.0,0.0,emotion,5,1,1.0,400,0.0,1.0,0.0,0.5,6.771,0.971,0.0,0.0,0.425,0.575,0.0,0.0,0.0,0.0,0.0
"[[0, 0], [0, 1]]","[[(1, 1), (0, 0)], [(1, 0), (0, 1)]]",40,1600,1.0,0.01,0.01,0.0,0.8,0.0,0.0,emotion,5,1,1.0,400,0.0,1.0,0.0,0.5,7.516,1.0,0.0,0.0,1.0,0.0,0.0,0.0,0.0,0.0,0.0
"[[0, 0], [0, 1]]","[[(1, 1), (0, 0)], [(1, 0), (0, 1)]]",40,1600,1.0,0.01,0.01,0.0,0.8,0.0,0.0,emotion,5,1,1.0,400,0.0,1.0,0.0,0.5,8.404,0.973,0.0,0.675,0.0,0.0,0.275,0.0,0.0,0.0,0.05
"[[0, 0], [0, 1]]","[[(1, 1), (0, 0)], [(1, 0), (0, 1)]]",40,1600,1.0,0.01,0.01,0.0,0.8,0.0,0.0,emotion,5,1,1.0,400,0.0,1.0,0.0,0.5,6.904,0.993,0.0,0.65,0.0,0.0,0.35,0.0,0.0,0.0,0.0
"[[0, 0], [0, 1]]","[[(1, 1), (0, 0)], [(1, 0), (0, 1)]]",40,1600,1.0,0.01,0.01,0.0,0.8,0.0,0.0,emotion,5,1,1.0,400,0.0,1.0,0.0,0.5,9.092,0.98,0.0,0.0,0.775,0.175,0.0,0.025,0.025,0.0,0.0
"[[0, 0], [0, 1]]","[[(1, 1), (0, 0)], [(1, 0), (0, 1)]]",40,1600,1.0,0.01,0.01,0.0,0.8,0.0,0.0,emotion,5,1,1.0,400,0.0,1.0,0.0,0.5,6.973,0.938,0.0,0.475,0.0,0.525,0.0,0.0,0.0,0.0,0.0
"[[0, 0], [0, 1]]","[[(1, 1), (0, 0)], [(1, 0), (0, 1)]]",40,1600,1.0,0.01,0.01,0.0,0.8,0.0,0.0,emotion,5,1,1.0,400,0.0,1.0,0.0,0.5,10.364,0.876,0.025,0.1,0.0,0.0,0.725,0.05,0.0,0.125,0.0
"[[0, 0], [0, 1]]","[[(1, 1), (0, 0)], [(1, 0), (0, 1)]]",40,1600,1.0,0.01,0.01,0.0,0.8,0.0,0.0,emotion,5,1,1.0,400,0.0,1.0,0.0,0.5,8.879,0.991,0.0,0.825,0.0,0.0,0.175,0.0,0.0,0.0,0.0
"[[0, 0], [0, 1]]","[[(1, 1), (0, 0)], [(1, 0), (0, 1)]]",40,1600,1.0,0.01,0.01,0.0,0.8,0.0,0.0,emotion,5,1,1.0,400,0.0,1.0,0.0,0.5,7.708,0.988,0.0,0.0,0.775,0.175,0.0,0.025,0.0,0.025,0.0
"[[0, 0], [0, 1]]","[[(1, 1), (0, 0)], [(1, 0), (0, 1)]]",40,1600,1.0,0.01,0.01,0.0,0.8,0.0,0.0,emotion,5,1,1.0,400,0.0,1.0,0.0,0.5,7.707,0.977,0.0,0.85,0.0,0.0,0.15,0.0,0.0,0.0,0.0
"[[0, 0], [0, 1]]","[[(1, 1), (0, 0)], [(1, 0), (0, 1)]]",40,1600,1.0,0.01,0.01,0.0,0.8,0.0,0.0,emotion,5,1,1.0,400,0.0,1.0,0.0,0.5,10.423,0.884,0.025,0.0,0.05,0.925,0.0,0.0,0.0,0.025,0.0
"[[0, 0], [0, 1]]","[[(1, 1), (0, 0)], [(1, 0), (0, 1)]]",40,1600,1.0,0.01,0.01,0.0,0.8,0.0,0.0,emotion,5,1,1.0,400,0.0,1.0,0.0,0.5,7.963,0.974,0.0,0.0,0.925,0.025,0.0,0.025,0.0,0.025,0.0
"[[0, 0], [0, 1]]","[[(1, 1), (0, 0)], [(1, 0), (0, 1)]]",40,1600,1.0,0.01,0.01,0.0,0.8,0.0,0.0,emotion,5,1,1.0,400,0.0,1.0,0.0,0.5,7.128,0.938,0.0,0.0,0.975,0.0,0.025,0.0,0.0,0.0,0.0
"[[0, 0], [0, 1]]","[[(1, 1), (0, 0)], [(1, 0), (0, 1)]]",40,1600,1.0,0.01,0.01,0.0,0.8,0.0,0.0,emotion,5,1,1.0,400,0.0,1.0,0.0,0.5,9.81,1.0,0.0,0.0,0.7,0.225,0.0,0.025,0.0,0.0,0.05
"[[0, 0], [0, 1]]","[[(1, 1), (0, 0)], [(1, 0), (0, 1)]]",40,1600,1.0,0.01,0.01,0.0,0.8,0.0,0.0,emotion,5,1,1.0,400,0.0,1.0,0.0,0.5,10.851,0.839,0.025,0.125,0.0,0.0,0.825,0.0,0.0,0.05,0.0
"[[0, 0], [0, 1]]","[[(1, 1), (0, 0)], [(1, 0), (0, 1)]]",40,1600,1.0,0.01,0.01,0.0,0.8,0.0,0.0,emotion,5,1,1.0,400,0.0,1.0,0.0,0.5,8.573,0.934,0.0,0.0,0.2,0.8,0.0,0.0,0.0,0.0,0.0
"[[0, 0], [0, 1]]","[[(1, 1), (0, 0)], [(1, 0), (0, 1)]]",40,1600,1.0,0.01,0.01,0.0,0.8,0.0,0.0,emotion,5,1,1.0,400,0.0,1.0,0.0,0.5,11.721,0.982,0.0,0.0,0.7,0.3,0.0,0.0,0.0,0.0,0.0
"[[0, 0], [0, 1]]","[[(1, 1), (0, 0)], [(1, 0), (0, 1)]]",40,1600,1.0,0.01,0.01,0.0,0.8,0.0,0.0,emotion,5,1,1.0,400,0.0,1.0,0.0,1.0,36.816,0.878,0.125,0.0,0.1,0.85,0.0,0.0,0.05,0.0,0.0
"[[0, 0], [0, 1]]","[[(1, 1), (0, 0)], [(1, 0), (0, 1)]]",40,1600,1.0,0.01,0.01,0.0,0.8,0.0,0.0,emotion,5,1,1.0,400,0.0,1.0,0.0,1.0,39.108,0.475,0.425,0.025,0.0,0.0,0.925,0.05,0.0,0.0,0.0
"[[0, 0], [0, 1]]","[[(1, 1), (0, 0)], [(1, 0), (0, 1)]]",40,1600,1.0,0.01,0.01,0.0,0.8,0.0,0.0,emotion,5,1,1.0,400,0.0,1.0,0.0,1.0,51.664,0.492,0.6,0.05,0.0,0.0,0.925,0.0,0.0,0.025,0.0
"[[0, 0], [0, 1]]","[[(1, 1), (0, 0)], [(1, 0), (0, 1)]]",40,1600,1.0,0.01,0.01,0.0,0.8,0.0,0.0,emotion,5,1,1.0,400,0.0,1.0,0.0,1.0,50.315,0.804,0.225,0.05,0.0,0.0,0.825,0.075,0.0,0.05,0.0
"[[0, 0], [0, 1]]","[[(1, 1), (0, 0)], [(1, 0), (0, 1)]]",40,1600,1.0,0.01,0.01,0.0,0.8,0.0,0.0,emotion,5,1,1.0,400,0.0,1.0,0.0,1.0,51.908,0.589,0.675,0.0,0.0,0.0,0.975,0.0,0.025,0.0,0.0
"[[0, 0], [0, 1]]","[[(1, 1), (0, 0)], [(1, 0), (0, 1)]]",40,1600,1.0,0.01,0.01,0.0,0.8,0.0,0.0,emotion,5,1,1.0,400,0.0,1.0,0.0,1.0,48.388,0.469,0.675,0.0,0.0,0.0,0.925,0.0,0.025,0.05,0.0
"[[0, 0], [0, 1]]","[[(1, 1), (0, 0)], [(1, 0), (0, 1)]]",40,1600,1.0,0.01,0.01,0.0,0.8,0.0,0.0,emotion,5,1,1.0,400,0.0,1.0,0.0,1.0,51.925,0.469,0.6,0.0,0.0,0.0,0.9,0.025,0.0,0.075,0.0
"[[0, 0], [0, 1]]","[[(1, 1), (0, 0)], [(1, 0), (0, 1)]]",40,1600,1.0,0.01,0.01,0.0,0.8,0.0,0.0,emotion,5,1,1.0,400,0.0,1.0,0.0,1.0,52.282,0.366,0.7,0.025,0.0,0.0,0.875,0.0,0.0,0.1,0.0
"[[0, 0], [0, 1]]","[[(1, 1), (0, 0)], [(1, 0), (0, 1)]]",40,1600,1.0,0.01,0.01,0.0,0.8,0.0,0.0,emotion,5,1,1.0,400,0.0,1.0,0.0,1.0,52.03,0.757,0.25,0.025,0.0,0.0,0.975,0.0,0.0,0.0,0.0
"[[0, 0], [0, 1]]","[[(1, 1), (0, 0)], [(1, 0), (0, 1)]]",40,1600,1.0,0.01,0.01,0.0,0.8,0.0,0.0,emotion,5,1,1.0,400,0.0,1.0,0.0,1.0,52.26,0.44,0.575,0.025,0.0,0.0,0.975,0.0,0.0,0.0,0.0
"[[0, 0], [0, 1]]","[[(1, 1), (0, 0)], [(1, 0), (0, 1)]]",40,1600,1.0,0.01,0.01,0.0,0.8,0.0,0.0,emotion,5,1,1.0,400,0.0,1.0,0.0,1.0,51.628,0.535,0.5,0.0,0.0,0.0,0.975,0.025,0.0,0.0,0.0
"[[0, 0], [0, 1]]","[[(1, 1), (0, 0)], [(1, 0), (0, 1)]]",40,1600,1.0,0.01,0.01,0.0,0.8,0.0,0.0,emotion,5,1,1.0,400,0.0,1.0,0.0,1.0,51.193,0.489,0.5,0.0,0.0,0.0,0.975,0.025,0.0,0.0,0.0
"[[0, 0], [0, 1]]","[[(1, 1), (0, 0)], [(1, 0), (0, 1)]]",40,1600,1.0,0.01,0.01,0.0,0.8,0.0,0.0,emotion,5,1,1.0,400,0.0,1.0,0.0,1.0,51.677,0.539,0.7,0.025,0.0,0.0,0.925,0.0,0.025,0.025,0.0
"[[0, 0], [0, 1]]","[[(1, 1), (0, 0)], [(1, 0), (0, 1)]]",40,1600,1.0,0.01,0.01,0.0,0.8,0.0,0.0,emotion,5,1,1.0,400,0.0,1.0,0.0,1.0,52.077,0.595,0.525,0.0,0.0,0.0,0.975,0.0,0.0,0.025,0.0
"[[0, 0], [0, 1]]","[[(1, 1), (0, 0)], [(1, 0), (0, 1)]]",40,1600,1.0,0.01,0.01,0.0,0.8,0.0,0.0,emotion,5,1,1.0,400,0.0,1.0,0.0,1.0,52.025,0.589,0.575,0.0,0.0,0.0,1.0,0.0,0.0,0.0,0.0
"[[0, 0], [0, 1]]","[[(1, 1), (0, 0)], [(1, 0), (0, 1)]]",40,1600,1.0,0.01,0.01,0.0,0.8,0.0,0.0,emotion,5,1,1.0,400,0.0,1.0,0.0,1.0,52.171,0.45,0.725,0.075,0.0,0.0,0.75,0.0,0.0,0.175,0.0
"[[0, 0], [0, 1]]","[[(1, 1), (0, 0)], [(1, 0), (0, 1)]]",40,1600,1.0,0.01,0.01,0.0,0.8,0.0,0.0,emotion,5,1,1.0,400,0.0,1.0,0.0,1.0,51.599,0.62,0.7,0.025,0.0,0.0,0.95,0.025,0.0,0.0,0.0
"[[0, 0], [0, 1]]","[[(1, 1), (0, 0)], [(1, 0), (0, 1)]]",40,1600,1.0,0.01,0.01,0.0,0.8,0.0,0.0,emotion,5,1,1.0,400,0.0,1.0,0.0,1.0,52.691,0.436,0.525,0.0,0.0,0.0,0.925,0.0,0.0,0.075,0.0
"[[0, 0], [0, 1]]","[[(1, 1), (0, 0)], [(1, 0), (0, 1)]]",40,1600,1.0,0.01,0.01,0.0,0.8,0.0,0.0,emotion,5,1,1.0,400,0.0,1.0,0.0,1.0,51.892,0.65,0.575,0.0,0.025,0.0,0.75,0.0,0.0,0.225,0.0
"[[0, 0], [0, 1]]","[[(1, 1), (0, 0)], [(1, 0), (0, 1)]]",40,1600,1.0,0.01,0.01,0.0,0.8,0.0,0.0,emotion,5,1,1.0,400,0.0,1.0,0.0,1.0,52.463,0.5,0.7,0.0,0.0,0.0,1.0,0.0,0.0,0.0,0.0
"[[0, 0], [0, 1]]","[[(1, 1), (0, 0)], [(0, 1), (0, 1)]]",40,1600,1.0,0.01,0.01,0.0,0.4,0.0,0.0,emotion,5,1,1.0,400,0.0,1.0,0.0,0.5,6.41,0.899,0.0,0.0,0.975,0.0,0.0,0.0,0.0,0.025,0.0
"[[0, 0], [0, 1]]","[[(1, 1), (0, 0)], [(0, 1), (0, 1)]]",40,1600,1.0,0.01,0.01,0.0,0.4,0.0,0.0,emotion,5,1,1.0,400,0.0,1.0,0.0,0.5,6.968,0.981,0.0,0.0,0.85,0.15,0.0,0.0,0.0,0.0,0.0
"[[0, 0], [0, 1]]","[[(1, 1), (0, 0)], [(0, 1), (0, 1)]]",40,1600,1.0,0.01,0.01,0.0,0.4,0.0,0.0,emotion,5,1,1.0,400,0.0,1.0,0.0,0.5,5.528,0.985,0.0,0.6,0.0,0.0,0.375,0.0,0.025,0.0,0.0
"[[0, 0], [0, 1]]","[[(1, 1), (0, 0)], [(0, 1), (0, 1)]]",40,1600,1.0,0.01,0.01,0.0,0.4,0.0,0.0,emotion,5,1,1.0,400,0.0,1.0,0.0,0.5,7.021,0.926,0.0,0.0,0.7,0.2,0.0,0.05,0.025,0.025,0.0
"[[0, 0], [0, 1]]","[[(1, 1), (0, 0)], [(0, 1), (0, 1)]]",40,1600,1.0,0.01,0.01,0.0,0.4,0.0,0.0,emotion,5,1,1.0,400,0.0,1.0,0.0,0.5,6.615,0.782,0.0,0.025,0.35,0.575,0.0,0.0,0.025,0.0,0.025
"[[0, 0], [0, 1]]","[[(1, 1), (0, 0)], [(0, 1), (0, 1)]]",40,1600,1.0,0.01,0.01,0.0,0.4,0.0,0.0,emotion,5,1,1.0,400,0.0,1.0,0.0,0.5,7.48,0.982,0.0,0.95,0.0,0.0,0.0,0.0,0.0,0.0,0.05
"[[0, 0], [0, 1]]","[[(1, 1), (0, 0)], [(0, 1), (0, 1)]]",40,1600,1.0,0.01,0.01,0.0,0.4,0.0,0.0,emotion,5,1,1.0,400,0.0,1.0,0.0,0.5,7.386,0.974,0.0,0.825,0.0,0.0,0.15,0.0,0.0,0.025,0.0
"[[0, 0], [0, 1]]","[[(1, 1), (0, 0)], [(0, 1), (0, 1)]]",40,1600,1.0,0.01,0.01,0.0,0.4,0.0,0.0,emotion,5,1,1.0,400,0.0,1.0,0.0,0.5,6.853,0.988,0.0,0.0,0.95,0.05,0.0,0.0,0.0,0.0,0.0
"[[0, 0], [0, 1]]","[[(1, 1), (0, 0)], [(0, 1), (0, 1)]]",40,1600,1.0,0.01,0.01,0.0,0.4,0.0,0.0,emotion,5,1,1.0,400,0.0,1.0,0.0,0.5,8.542,0.959,0.0,0.85,0.0,0.0,0.1,0.05,0.0,0.0,0.0
"[[0, 0], [0, 1]]","[[(1, 1), (0, 0)], [(0, 1), (0, 1)]]",40,1600,1.0,0.01,0.01,0.0,0.4,0.0,0.0,emotion,5,1,1.0,400,0.0,1.0,0.0,0.5,6.677,0.976,0.0,0.85,0.0,0.0,0.15,0.0,0.0,0.0,0.0
"[[0, 0], [0, 1]]","[[(1, 1), (0, 0)], [(0, 1), (0, 1)]]",40,1600,1.0,0.01,0.01,0.0,0.4,0.0,0.0,emotion,5,1,1.0,400,0.0,1.0,0.0,0.5,6.946,0.98,0.0,0.925,0.0,0.0,0.025,0.0,0.05,0.0,0.0
"[[0, 0], [0, 1]]","[[(1, 1), (0, 0)], [(0, 1), (0, 1)]]",40,1600,1.0,0.01,0.01,0.0,0.4,0.0,0.0,emotion,5,1,1.0,400,0.0,1.0,0.0,0.5,7.088,0.845,0.0,0.0,0.6,0.375,0.0,0.025,0.0,0.0,0.0
"[[0, 0], [0, 1]]","[[(1, 1), (0, 0)], [(0, 1), (0, 1)]]",40,1600,1.0,0.01,0.01,0.0,0.4,0.0,0.0,emotion,5,1,1.0,400,0.0,1.0,0.0,0.5,8.043,0.921,0.0,0.775,0.0,0.0,0.2,0.0,0.0,0.0,0.025
"[[0, 0], [0, 1]]","[[(1, 1), (0, 0)], [(0, 1), (0, 1)]]",40,1600,1.0,0.01,0.01,0.0,0.4,0.0,0.0,emotion,5,1,1.0,400,0.0,1.0,0.0,0.5,8.23,0.989,0.0,0.0,0.875,0.075,0.0,0.0,0.025,0.025,0.0
"[[0, 0], [0, 1]]","[[(1, 1), (0, 0)], [(0, 1), (0, 1)]]",40,1600,1.0,0.01,0.01,0.0,0.4,0.0,0.0,emotion,5,1,1.0,400,0.0,1.0,0.0,0.5,6.772,0.966,0.0,0.475,0.4,0.125,0.0,0.0,0.0,0.0,0.0
"[[0, 0], [0, 1]]","[[(1, 1), (0, 0)], [(0, 1), (0, 1)]]",40,1600,1.0,0.01,0.01,0.0,0.4,0.0,0.0,emotion,5,1,1.0,400,0.0,1.0,0.0,0.5,7.608,0.995,0.0,0.925,0.0,0.0,0.075,0.0,0.0,0.0,0.0
"[[0, 0], [0, 1]]","[[(1, 1), (0, 0)], [(0, 1), (0, 1)]]",40,1600,1.0,0.01,0.01,0.0,0.4,0.0,0.0,emotion,5,1,1.0,400,0.0,1.0,0.0,0.5,7.911,0.654,0.0,0.7,0.0,0.0,0.175,0.025,0.0,0.025,0.075
"[[0, 0], [0, 1]]","[[(1, 1), (0, 0)], [(0, 1), (0, 1)]]",40,1600,1.0,0.01,0.01,0.0,0.4,0.0,0.0,emotion,5,1,1.0,400,0.0,1.0,0.0,0.5,7.286,0.996,0.0,0.0,0.625,0.35,0.0,0.025,0.0,0.0,0.0
"[[0, 0], [0, 1]]","[[(1, 1), (0, 0)], [(0, 1), (0, 1)]]",40,1600,1.0,0.01,0.01,0.0,0.4,0.0,0.0,emotion,5,1,1.0,400,0.0,1.0,0.0,0.5,6.728,0.734,0.0,0.0,0.825,0.05,0.0,0.1,0.0,0.0,0.025
"[[0, 0], [0, 1]]","[[(1, 1), (0, 0)], [(0, 1), (0, 1)]]",40,1600,1.0,0.01,0.01,0.0,0.4,0.0,0.0,emotion,5,1,1.0,400,0.0,1.0,0.0,0.5,6.471,0.985,0.0,0.8,0.0,0.0,0.175,0.0,0.025,0.0,0.0
"[[0, 0], [0, 1]]","[[(1, 1), (0, 0)], [(0, 1), (0, 1)]]",40,1600,1.0,0.01,0.01,0.0,0.4,0.0,0.0,emotion,5,1,1.0,400,0.0,1.0,0.0,1.0,28.906,0.583,0.825,0.025,0.0,0.0,0.975,0.0,0.0,0.0,0.0
"[[0, 0], [0, 1]]","[[(1, 1), (0, 0)], [(0, 1), (0, 1)]]",40,1600,1.0,0.01,0.01,0.0,0.4,0.0,0.0,emotion,5,1,1.0,400,0.0,1.0,0.0,1.0,30.37,0.824,0.0,0.0,1.0,0.0,0.0,0.0,0.0,0.0,0.0
"[[0, 0], [0, 1]]","[[(1, 1), (0, 0)], [(0, 1), (0, 1)]]",40,1600,1.0,0.01,0.01,0.0,0.4,0.0,0.0,emotion,5,1,1.0,400,0.0,1.0,0.0,1.0,30.469,0.97,0.0,0.85,0.0,0.0,0.125,0.0,0.025,0.0,0.0
"[[0, 0], [0, 1]]","[[(1, 1), (0, 0)], [(0, 1), (0, 1)]]",40,1600,1.0,0.01,0.01,0.0,0.4,0.0,0.0,emotion,5,1,1.0,400,0.0,1.0,0.0,1.0,30.943,0.911,0.0,0.0,0.925,0.05,0.0,0.025,0.0,0.0,0.0
"[[0, 0], [0, 1]]","[[(1, 1), (0, 0)], [(0, 1), (0, 1)]]",40,1600,1.0,0.01,0.01,0.0,0.4,0.0,0.0,emotion,5,1,1.0,400,0.0,1.0,0.0,1.0,38.245,0.786,0.975,0.0,0.0,0.0,1.0,0.0,0.0,0.0,0.0
"[[0, 0], [0, 1]]","[[(1, 1), (0, 0)], [(0, 1), (0, 1)]]",40,1600,1.0,0.01,0.01,0.0,0.4,0.0,0.0,emotion,5,1,1.0,400,0.0,1.0,0.0,1.0,48.197,0.709,0.075,0.0,0.975,0.0,0.0,0.0,0.0,0.025,0.0
"[[0, 0], [0, 1]]","[[(1, 1), (0, 0)], [(0, 1), (0, 1)]]",40,1600,1.0,0.01,0.01,0.0,0.4,0.0,0.0,emotion,5,1,1.0,400,0.0,1.0,0.0,1.0,41.814,0.92,0.95,0.0,0.0,0.0,0.65,0.025,0.0,0.025,0.3
"[[0, 0], [0, 1]]","[[(1, 1), (0, 0)], [(0, 1), (0, 1)]]",40,1600,1.0,0.01,0.01,0.0,0.4,0.0,0.0,emotion,5,1,1.0,400,0.0,1.0,0.0,1.0,39.896,0.897,0.95,0.0,0.0,0.0,0.95,0.05,0.0,0.0,0.0
"[[0, 0], [0, 1]]","[[(1, 1), (0, 0)], [(0, 1), (0, 1)]]",40,1600,1.0,0.01,0.01,0.0,0.4,0.0,0.0,emotion,5,1,1.0,400,0.0,1.0,0.0,1.0,62.959,0.894,0.95,0.0,0.0,0.0,0.525,0.05,0.0,0.0,0.425
"[[0, 0], [0, 1]]","[[(1, 1), (0, 0)], [(0, 1), (0, 1)]]",40,1600,1.0,0.01,0.01,0.0,0.4,0.0,0.0,emotion,5,1,1.0,400,0.0,1.0,0.0,1.0,66.124,0.336,0.525,0.025,0.0,0.0,0.95,0.025,0.0,0.0,0.0
"[[0, 0], [0, 1]]","[[(1, 1), (0, 0)], [(0, 1), (0, 1)]]",40,1600,1.0,0.01,0.01,0.0,0.4,0.0,0.0,emotion,5,1,1.0,400,0.0,1.0,0.0,1.0,78.61,0.928,1.0,0.0,0.0,0.0,1.0,0.0,0.0,0.0,0.0
"[[0, 0], [0, 1]]","[[(1, 1), (0, 0)], [(0, 1), (0, 1)]]",40,1600,1.0,0.01,0.01,0.0,0.4,0.0,0.0,emotion,5,1,1.0,400,0.0,1.0,0.0,1.0,50.448,0.774,0.975,0.0,0.0,0.0,1.0,0.0,0.0,0.0,0.0
"[[0, 0], [0, 1]]","[[(1, 1), (0, 0)], [(0, 1), (0, 1)]]",40,1600,1.0,0.01,0.01,0.0,0.4,0.0,0.0,emotion,5,1,1.0,400,0.0,1.0,0.0,1.0,68.163,0.939,0.025,0.0,0.525,0.475,0.0,0.0,0.0,0.0,0.0
"[[0, 0], [0, 1]]","[[(1, 1), (0, 0)], [(0, 1), (0, 1)]]",40,1600,1.0,0.01,0.01,0.0,0.4,0.0,0.0,emotion,5,1,1.0,400,0.0,1.0,0.0,1.0,73.788,0.755,0.9,0.025,0.0,0.0,0.95,0.0,0.0,0.025,0.0
"[[0, 0], [0, 1]]","[[(1, 1), (0, 0)], [(0, 1), (0, 1)]]",40,1600,1.0,0.01,0.01,0.0,0.4,0.0,0.0,emotion,5,1,1.0,400,0.0,1.0,0.0,1.0,67.693,0.815,0.925,0.0,0.0,0.0,0.95,0.025,0.0,0.025,0.0
"[[0, 0], [0, 1]]","[[(1, 1), (0, 0)], [(0, 1), (0, 1)]]",40,1600,1.0,0.01,0.01,0.0,0.4,0.0,0.0,emotion,5,1,1.0,400,0.0,1.0,0.0,1.0,66.164,0.816,0.925,0.025,0.0,0.0,0.95,0.025,0.0,0.0,0.0
"[[0, 0], [0, 1]]","[[(1, 1), (0, 0)], [(0, 1), (0, 1)]]",40,1600,1.0,0.01,0.01,0.0,0.4,0.0,0.0,emotion,5,1,1.0,400,0.0,1.0,0.0,1.0,73.932,0.81,0.925,0.05,0.0,0.0,0.95,0.0,0.0,0.0,0.0
"[[0, 0], [0, 1]]","[[(1, 1), (0, 0)], [(0, 1), (0, 1)]]",40,1600,1.0,0.01,0.01,0.0,0.4,0.0,0.0,emotion,5,1,1.0,400,0.0,1.0,0.0,1.0,70.332,0.738,0.925,0.0,0.0,0.0,1.0,0.0,0.0,0.0,0.0
"[[0, 0], [0, 1]]","[[(1, 1), (0, 0)], [(0, 1), (0, 1)]]",40,1600,1.0,0.01,0.01,0.0,0.4,0.0,0.0,emotion,5,1,1.0,400,0.0,1.0,0.0,1.0,67.198,0.771,0.95,0.0,0.0,0.0,1.0,0.0,0.0,0.0,0.0
"[[0, 0], [0, 1]]","[[(1, 1), (0, 0)], [(0, 1), (0, 1)]]",40,1600,1.0,0.01,0.01,0.0,0.4,0.0,0.0,emotion,5,1,1.0,400,0.0,1.0,0.0,1.0,77.673,0.666,0.025,0.0,0.05,0.0,0.0,0.925,0.0,0.0,0.025
"[[0, 0], [0, 1]]","[[(1, 1), (0, 0)], [(0, 1), (0, 1)]]",40,1600,1.0,0.01,0.01,0.0,0.6,0.0,0.0,emotion,5,1,1.0,400,0.0,1.0,0.0,0.5,5.491,0.968,0.0,0.0,0.65,0.35,0.0,0.0,0.0,0.0,0.0
"[[0, 0], [0, 1]]","[[(1, 1), (0, 0)], [(0, 1), (0, 1)]]",40,1600,1.0,0.01,0.01,0.0,0.6,0.0,0.0,emotion,5,1,1.0,400,0.0,1.0,0.0,0.5,7.518,0.988,0.0,0.975,0.0,0.0,0.025,0.0,0.0,0.0,0.0
"[[0, 0], [0, 1]]","[[(1, 1), (0, 0)], [(0, 1), (0, 1)]]",40,1600,1.0,0.01,0.01,0.0,0.6,0.0,0.0,emotion,5,1,1.0,400,0.0,1.0,0.0,0.5,5.819,0.954,0.0,0.0,0.875,0.075,0.0,0.025,0.025,0.0,0.0
"[[0, 0], [0, 1]]","[[(1, 1), (0, 0)], [(0, 1), (0, 1)]]",40,1600,1.0,0.01,0.01,0.0,0.6,0.0,0.0,emotion,5,1,1.0,400,0.0,1.0,0.0,0.5,6.457,0.997,0.0,1.0,0.0,0.0,0.0,0.0,0.0,0.0,0.0
"[[0, 0], [0, 1]]","[[(1, 1), (0, 0)], [(0, 1), (0, 1)]]",40,1600,1.0,0.01,0.01,0.0,0.6,0.0,0.0,emotion,5,1,1.0,400,0.0,1.0,0.0,0.5,7.36,0.665,0.025,0.025,0.025,0.925,0.0,0.0,0.0,0.0,0.025
"[[0, 0], [0, 1]]","[[(1, 1), (0, 0)], [(0, 1), (0, 1)]]",40,1600,1.0,0.01,0.01,0.0,0.6,0.0,0.0,emotion,5,1,1.0,400,0.0,1.0,0.0,0.5,8.48,0.969,0.0,0.075,0.0,0.0,0.9,0.0,0.0,0.025,0.0
"[[0, 0], [0, 1]]","[[(1, 1), (0, 0)], [(0, 1), (0, 1)]]",40,1600,1.0,0.01,0.01,0.0,0.6,0.0,0.0,emotion,5,1,1.0,400,0.0,1.0,0.0,0.5,6.145,0.988,0.0,0.975,0.0,0.0,0.025,0.0,0.0,0.0,0.0
"[[0, 0], [0, 1]]","[[(1, 1), (0, 0)], [(0, 1), (0, 1)]]",40,1600,1.0,0.01,0.01,0.0,0.6,0.0,0.0,emotion,5,1,1.0,400,0.0,1.0,0.0,0.5,7.978,0.818,0.0,0.0,0.925,0.075,0.0,0.0,0.0,0.0,0.0
"[[0, 0], [0, 1]]","[[(1, 1), (0, 0)], [(0, 1), (0, 1)]]",40,1600,1.0,0.01,0.01,0.0,0.6,0.0,0.0,emotion,5,1,1.0,400,0.0,1.0,0.0,0.5,7.032,0.939,0.0,0.225,0.0,0.2,0.55,0.0,0.025,0.0,0.0
"[[0, 0], [0, 1]]","[[(1, 1), (0, 0)], [(0, 1), (0, 1)]]",40,1600,1.0,0.01,0.01,0.0,0.6,0.0,0.0,emotion,5,1,1.0,400,0.0,1.0,0.0,0.5,7.025,0.978,0.0,0.0,0.95,0.025,0.0,0.0,0.0,0.025,0.0
"[[0, 0], [0, 1]]","[[(1, 1), (0, 0)], [(0, 1), (0, 1)]]",40,1600,1.0,0.01,0.01,0.0,0.6,0.0,0.0,emotion,5,1,1.0,400,0.0,1.0,0.0,0.5,9.183,0.975,0.0,0.7,0.0,0.0,0.3,0.0,0.0,0.0,0.0
"[[0, 0], [0, 1]]","[[(1, 1), (0, 0)], [(0, 1), (0, 1)]]",40,1600,1.0,0.01,0.01,0.0,0.6,0.0,0.0,emotion,5,1,1.0,400,0.0,1.0,0.0,0.5,9.511,0.895,0.0,0.0,0.0,0.0,0.95,0.025,0.0,0.025,0.0
"[[0, 0], [0, 1]]","[[(1, 1), (0, 0)], [(0, 1), (0, 1)]]",40,1600,1.0,0.01,0.01,0.0,0.6,0.0,0.0,emotion,5,1,1.0,400,0.0,1.0,0.0,0.5,6.851,0.991,0.0,0.775,0.0,0.225,0.0,0.0,0.0,0.0,0.0
"[[0, 0], [0, 1]]","[[(1, 1), (0, 0)], [(0, 1), (0, 1)]]",40,1600,1.0,0.01,0.01,0.0,0.6,0.0,0.0,emotion,5,1,1.0,400,0.0,1.0,0.0,0.5,6.829,0.989,0.0,0.0,0.925,0.075,0.0,0.0,0.0,0.0,0.0
"[[0, 0], [0, 1]]","[[(1, 1), (0, 0)], [(0, 1), (0, 1)]]",40,1600,1.0,0.01,0.01,0.0,0.6,0.0,0.0,emotion,5,1,1.0,400,0.0,1.0,0.0,0.5,8.292,0.959,0.0,0.725,0.0,0.0,0.25,0.0,0.0,0.0,0.025
"[[0, 0], [0, 1]]","[[(1, 1), (0, 0)], [(0, 1), (0, 1)]]",40,1600,1.0,0.01,0.01,0.0,0.6,0.0,0.0,emotion,5,1,1.0,400,0.0,1.0,0.0,0.5,11.255,0.982,0.0,0.625,0.25,0.05,0.05,0.0,0.0,0.025,0.0
"[[0, 0], [0, 1]]","[[(1, 1), (0, 0)], [(0, 1), (0, 1)]]",40,1600,1.0,0.01,0.01,0.0,0.6,0.0,0.0,emotion,5,1,1.0,400,0.0,1.0,0.0,0.5,6.677,0.877,0.025,0.125,0.0,0.075,0.725,0.0,0.075,0.0,0.0
"[[0, 0], [0, 1]]","[[(1, 1), (0, 0)], [(0, 1), (0, 1)]]",40,1600,1.0,0.01,0.01,0.0,0.6,0.0,0.0,emotion,5,1,1.0,400,0.0,1.0,0.0,0.5,5.931,0.964,0.0,0.0,0.75,0.2,0.0,0.0,0.05,0.0,0.0
"[[0, 0], [0, 1]]","[[(1, 1), (0, 0)], [(0, 1), (0, 1)]]",40,1600,1.0,0.01,0.01,0.0,0.6,0.0,0.0,emotion,5,1,1.0,400,0.0,1.0,0.0,0.5,8.941,0.98,0.0,0.075,0.0,0.0,0.925,0.0,0.0,0.0,0.0
"[[0, 0], [0, 1]]","[[(1, 1), (0, 0)], [(0, 1), (0, 1)]]",40,1600,1.0,0.01,0.01,0.0,0.6,0.0,0.0,emotion,5,1,1.0,400,0.0,1.0,0.0,0.5,8.359,0.852,0.05,0.0,0.05,0.9,0.0,0.0,0.025,0.0,0.025
"[[0, 0], [0, 1]]","[[(1, 1), (0, 0)], [(0, 1), (0, 1)]]",40,1600,1.0,0.01,0.01,0.0,0.6,0.0,0.0,emotion,5,1,1.0,400,0.0,1.0,0.0,1.0,35.681,0.976,0.975,0.025,0.0,0.0,0.575,0.0,0.0,0.0,0.4
"[[0, 0], [0, 1]]","[[(1, 1), (0, 0)], [(0, 1), (0, 1)]]",40,1600,1.0,0.01,0.01,0.0,0.6,0.0,0.0,emotion,5,1,1.0,400,0.0,1.0,0.0,1.0,22.877,0.961,0.025,0.0,0.85,0.125,0.0,0.0,0.0,0.025,0.0
"[[0, 0], [0, 1]]","[[(1, 1), (0, 0)], [(0, 1), (0, 1)]]",40,1600,1.0,0.01,0.01,0.0,0.6,0.0,0.0,emotion,5,1,1.0,400,0.0,1.0,0.0,1.0,83.544,0.839,0.9,0.025,0.0,0.0,0.975,0.0,0.0,0.0,0.0
"[[0, 0], [0, 1]]","[[(1, 1), (0, 0)], [(0, 1), (0, 1)]]",40,1600,1.0,0.01,0.01,0.0,0.6,0.0,0.0,emotion,5,1,1.0,400,0.0,1.0,0.0,1.0,83.467,0.886,0.925,0.025,0.0,0.0,0.95,0.0,0.0,0.025,0.0
"[[0, 0], [0, 1]]","[[(1, 1), (0, 0)], [(0, 1), (0, 1)]]",40,1600,1.0,0.01,0.01,0.0,0.6,0.0,0.0,emotion,5,1,1.0,400,0.0,1.0,0.0,1.0,74.011,0.636,0.725,0.05,0.0,0.0,0.775,0.0,0.0,0.025,0.15
"[[0, 0], [0, 1]]","[[(1, 1), (0, 0)], [(0, 1), (0, 1)]]",40,1600,1.0,0.01,0.01,0.0,0.6,0.0,0.0,emotion,5,1,1.0,400,0.0,1.0,0.0,1.0,72.74,0.903,0.95,0.0,0.0,0.0,0.975,0.025,0.0,0.0,0.0
"[[0, 0], [0, 1]]","[[(1, 1), (0, 0)], [(0, 1), (0, 1)]]",40,1600,1.0,0.01,0.01,0.0,0.6,0.0,0.0,emotion,5,1,1.0,400,0.0,1.0,0.0,1.0,82.48,0.901,0.925,0.025,0.0,0.0,0.975,0.0,0.0,0.0,0.0
"[[0, 0], [0, 1]]","[[(1, 1), (0, 0)], [(0, 1), (0, 1)]]",40,1600,1.0,0.01,0.01,0.0,0.6,0.0,0.0,emotion,5,1,1.0,400,0.0,1.0,0.0,1.0,75.022,0.836,0.95,0.0,0.0,0.0,0.975,0.025,0.0,0.0,0.0
"[[0, 0], [0, 1]]","[[(1, 1), (0, 0)], [(0, 1), (0, 1)]]",40,1600,1.0,0.01,0.01,0.0,0.6,0.0,0.0,emotion,5,1,1.0,400,0.0,1.0,0.0,1.0,83.575,0.539,0.65,0.0,0.0,0.0,1.0,0.0,0.0,0.0,0.0
"[[0, 0], [0, 1]]","[[(1, 1), (0, 0)], [(0, 1), (0, 1)]]",40,1600,1.0,0.01,0.01,0.0,0.6,0.0,0.0,emotion,5,1,1.0,400,0.0,1.0,0.0,1.0,83.675,0.554,0.75,0.0,0.0,0.0,0.95,0.0,0.0,0.05,0.0
"[[0, 0], [0, 1]]","[[(1, 1), (0, 0)], [(0, 1), (0, 1)]]",40,1600,1.0,0.01,0.01,0.0,0.6,0.0,0.0,emotion,5,1,1.0,400,0.0,1.0,0.0,1.0,83.24,0.927,0.95,0.025,0.0,0.0,0.95,0.0,0.0,0.025,0.0
"[[0, 0], [0, 1]]","[[(1, 1), (0, 0)], [(0, 1), (0, 1)]]",40,1600,1.0,0.01,0.01,0.0,0.6,0.0,0.0,emotion,5,1,1.0,400,0.0,1.0,0.0,1.0,81.028,0.924,0.95,0.0,0.0,0.0,0.975,0.025,0.0,0.0,0.0
"[[0, 0], [0, 1]]","[[(1, 1), (0, 0)], [(0, 1), (0, 1)]]",40,1600,1.0,0.01,0.01,0.0,0.6,0.0,0.0,emotion,5,1,1.0,400,0.0,1.0,0.0,1.0,80.637,0.793,0.875,0.05,0.0,0.0,0.95,0.0,0.0,0.0,0.0
"[[0, 0], [0, 1]]","[[(1, 1), (0, 0)], [(0, 1), (0, 1)]]",40,1600,1.0,0.01,0.01,0.0,0.6,0.0,0.0,emotion,5,1,1.0,400,0.0,1.0,0.0,1.0,83.157,0.825,0.9,0.05,0.0,0.0,0.95,0.0,0.0,0.0,0.0
"[[0, 0], [0, 1]]","[[(1, 1), (0, 0)], [(0, 1), (0, 1)]]",40,1600,1.0,0.01,0.01,0.0,0.6,0.0,0.0,emotion,5,1,1.0,400,0.0,1.0,0.0,1.0,83.675,0.718,0.825,0.05,0.0,0.0,0.95,0.0,0.0,0.0,0.0
"[[0, 0], [0, 1]]","[[(1, 1), (0, 0)], [(0, 1), (0, 1)]]",40,1600,1.0,0.01,0.01,0.0,0.6,0.0,0.0,emotion,5,1,1.0,400,0.0,1.0,0.0,1.0,83.175,0.81,0.925,0.025,0.0,0.0,0.975,0.0,0.0,0.0,0.0
"[[0, 0], [0, 1]]","[[(1, 1), (0, 0)], [(0, 1), (0, 1)]]",40,1600,1.0,0.01,0.01,0.0,0.6,0.0,0.0,emotion,5,1,1.0,400,0.0,1.0,0.0,1.0,83.924,0.857,0.9,0.0,0.0,0.0,1.0,0.0,0.0,0.0,0.0
"[[0, 0], [0, 1]]","[[(1, 1), (0, 0)], [(0, 1), (0, 1)]]",40,1600,1.0,0.01,0.01,0.0,0.6,0.0,0.0,emotion,5,1,1.0,400,0.0,1.0,0.0,1.0,83.73,0.889,0.975,0.0,0.0,0.0,0.975,0.0,0.0,0.025,0.0
"[[0, 0], [0, 1]]","[[(1, 1), (0, 0)], [(0, 1), (0, 1)]]",40,1600,1.0,0.01,0.01,0.0,0.6,0.0,0.0,emotion,5,1,1.0,400,0.0,1.0,0.0,1.0,83.493,0.637,0.65,0.0,0.0,0.0,1.0,0.0,0.0,0.0,0.0
"[[0, 0], [0, 1]]","[[(1, 1), (0, 0)], [(0, 1), (0, 1)]]",40,1600,1.0,0.01,0.01,0.0,0.6,0.0,0.0,emotion,5,1,1.0,400,0.0,1.0,0.0,1.0,83.762,0.812,0.875,0.05,0.0,0.0,0.925,0.0,0.0,0.025,0.0
"[[0, 0], [0, 1]]","[[(1, 1), (0, 0)], [(0, 1), (0, 1)]]",40,1600,1.0,0.01,0.01,0.0,0.8,0.0,0.0,emotion,5,1,1.0,400,0.0,1.0,0.0,0.5,7.416,0.997,0.0,0.6,0.0,0.0,0.375,0.0,0.0,0.025,0.0
"[[0, 0], [0, 1]]","[[(1, 1), (0, 0)], [(0, 1), (0, 1)]]",40,1600,1.0,0.01,0.01,0.0,0.8,0.0,0.0,emotion,5,1,1.0,400,0.0,1.0,0.0,0.5,8.704,0.748,0.075,0.025,0.275,0.0,0.475,0.075,0.0,0.15,0.0
"[[0, 0], [0, 1]]","[[(1, 1), (0, 0)], [(0, 1), (0, 1)]]",40,1600,1.0,0.01,0.01,0.0,0.8,0.0,0.0,emotion,5,1,1.0,400,0.0,1.0,0.0,0.5,7.588,0.979,0.0,0.0,0.9,0.075,0.0,0.0,0.0,0.025,0.0
"[[0, 0], [0, 1]]","[[(1, 1), (0, 0)], [(0, 1), (0, 1)]]",40,1600,1.0,0.01,0.01,0.0,0.8,0.0,0.0,emotion,5,1,1.0,400,0.0,1.0,0.0,0.5,8.776,0.974,0.0,0.975,0.0,0.0,0.025,0.0,0.0,0.0,0.0
"[[0, 0], [0, 1]]","[[(1, 1), (0, 0)], [(0, 1), (0, 1)]]",40,1600,1.0,0.01,0.01,0.0,0.8,0.0,0.0,emotion,5,1,1.0,400,0.0,1.0,0.0,0.5,9.597,1.0,0.0,1.0,0.0,0.0,0.0,0.0,0.0,0.0,0.0
"[[0, 0], [0, 1]]","[[(1, 1), (0, 0)], [(0, 1), (0, 1)]]",40,1600,1.0,0.01,0.01,0.0,0.8,0.0,0.0,emotion,5,1,1.0,400,0.0,1.0,0.0,0.5,9.166,0.769,0.075,0.025,0.0,0.0,0.925,0.05,0.0,0.0,0.0
"[[0, 0], [0, 1]]","[[(1, 1), (0, 0)], [(0, 1), (0, 1)]]",40,1600,1.0,0.01,0.01,0.0,0.8,0.0,0.0,emotion,5,1,1.0,400,0.0,1.0,0.0,0.5,9.274,0.951,0.0,0.8,0.0,0.0,0.175,0.0,0.0,0.0,0.025
"[[0, 0], [0, 1]]","[[(1, 1), (0, 0)], [(0, 1), (0, 1)]]",40,1600,1.0,0.01,0.01,0.0,0.8,0.0,0.0,emotion,5,1,1.0,400,0.0,1.0,0.0,0.5,10.12,0.91,0.025,0.0,0.0,0.0,0.975,0.0,0.0,0.025,0.0
"[[0, 0], [0, 1]]","[[(1, 1), (0, 0)], [(0, 1), (0, 1)]]",40,1600,1.0,0.01,0.01,0.0,0.8,0.0,0.0,emotion,5,1,1.0,400,0.0,1.0,0.0,0.5,10.14,1.0,0.0,0.0,0.625,0.35,0.0,0.025,0.0,0.0,0.0
"[[0, 0], [0, 1]]","[[(1, 1), (0, 0)], [(0, 1), (0, 1)]]",40,1600,1.0,0.01,0.01,0.0,0.8,0.0,0.0,emotion,5,1,1.0,400,0.0,1.0,0.0,0.5,13.092,0.984,0.0,0.0,0.55,0.45,0.0,0.0,0.0,0.0,0.0
"[[0, 0], [0, 1]]","[[(1, 1), (0, 0)], [(0, 1), (0, 1)]]",40,1600,1.0,0.01,0.01,0.0,0.8,0.0,0.0,emotion,5,1,1.0,400,0.0,1.0,0.0,0.5,10.606,1.0,0.0,0.4,0.0,0.0,0.6,0.0,0.0,0.0,0.0
"[[0, 0], [0, 1]]","[[(1, 1), (0, 0)], [(0, 1), (0, 1)]]",40,1600,1.0,0.01,0.01,0.0,0.8,0.0,0.0,emotion,5,1,1.0,400,0.0,1.0,0.0,0.5,12.94,0.916,0.0,0.375,0.0,0.0,0.6,0.0,0.0,0.025,0.0
"[[0, 0], [0, 1]]","[[(1, 1), (0, 0)], [(0, 1), (0, 1)]]",40,1600,1.0,0.01,0.01,0.0,0.8,0.0,0.0,emotion,5,1,1.0,400,0.0,1.0,0.0,0.5,12.566,0.971,0.025,0.825,0.0,0.1,0.05,0.0,0.025,0.0,0.0
"[[0, 0], [0, 1]]","[[(1, 1), (0, 0)], [(0, 1), (0, 1)]]",40,1600,1.0,0.01,0.01,0.0,0.8,0.0,0.0,emotion,5,1,1.0,400,0.0,1.0,0.0,0.5,11.419,0.99,0.0,0.5,0.0,0.0,0.475,0.0,0.0,0.0,0.025
"[[0, 0], [0, 1]]","[[(1, 1), (0, 0)], [(0, 1), (0, 1)]]",40,1600,1.0,0.01,0.01,0.0,0.8,0.0,0.0,emotion,5,1,1.0,400,0.0,1.0,0.0,0.5,14.058,0.794,0.05,0.575,0.0,0.0,0.4,0.0,0.025,0.0,0.0
"[[0, 0], [0, 1]]","[[(1, 1), (0, 0)], [(0, 1), (0, 1)]]",40,1600,1.0,0.01,0.01,0.0,0.8,0.0,0.0,emotion,5,1,1.0,400,0.0,1.0,0.0,0.5,10.415,0.919,0.0,0.075,0.0,0.85,0.0,0.0,0.05,0.0,0.025
"[[0, 0], [0, 1]]","[[(1, 1), (0, 0)], [(0, 1), (0, 1)]]",40,1600,1.0,0.01,0.01,0.0,0.8,0.0,0.0,emotion,5,1,1.0,400,0.0,1.0,0.0,0.5,13.041,0.932,0.05,0.425,0.0,0.0,0.525,0.025,0.025,0.0,0.0
"[[0, 0], [0, 1]]","[[(1, 1), (0, 0)], [(0, 1), (0, 1)]]",40,1600,1.0,0.01,0.01,0.0,0.8,0.0,0.0,emotion,5,1,1.0,400,0.0,1.0,0.0,0.5,10.897,0.787,0.05,0.15,0.0,0.0,0.5,0.0,0.0,0.0,0.35
"[[0, 0], [0, 1]]","[[(1, 1), (0, 0)], [(0, 1), (0, 1)]]",40,1600,1.0,0.01,0.01,0.0,0.8,0.0,0.0,emotion,5,1,1.0,400,0.0,1.0,0.0,0.5,11.984,0.801,0.05,0.25,0.0,0.0,0.65,0.0,0.0,0.025,0.075
"[[0, 0], [0, 1]]","[[(1, 1), (0, 0)], [(0, 1), (0, 1)]]",40,1600,1.0,0.01,0.01,0.0,0.8,0.0,0.0,emotion,5,1,1.0,400,0.0,1.0,0.0,0.5,11.455,0.693,0.025,0.0,0.375,0.6,0.0,0.0,0.0,0.0,0.025
"[[0, 0], [0, 1]]","[[(1, 1), (0, 0)], [(0, 1), (0, 1)]]",40,1600,1.0,0.01,0.01,0.0,0.8,0.0,0.0,emotion,5,1,1.0,400,0.0,1.0,0.0,1.0,56.622,0.986,0.95,0.025,0.0,0.0,0.975,0.0,0.0,0.0,0.0
"[[0, 0], [0, 1]]","[[(1, 1), (0, 0)], [(0, 1), (0, 1)]]",40,1600,1.0,0.01,0.01,0.0,0.8,0.0,0.0,emotion,5,1,1.0,400,0.0,1.0,0.0,1.0,71.96,0.959,0.95,0.025,0.0,0.0,0.975,0.0,0.0,0.0,0.0
"[[0, 0], [0, 1]]","[[(1, 1), (0, 0)], [(0, 1), (0, 1)]]",40,1600,1.0,0.01,0.01,0.0,0.8,0.0,0.0,emotion,5,1,1.0,400,0.0,1.0,0.0,1.0,80.745,0.985,1.0,0.0,0.0,0.0,1.0,0.0,0.0,0.0,0.0
"[[0, 0], [0, 1]]","[[(1, 1), (0, 0)], [(0, 1), (0, 1)]]",40,1600,1.0,0.01,0.01,0.0,0.8,0.0,0.0,emotion,5,1,1.0,400,0.0,1.0,0.0,1.0,84.599,0.934,0.975,0.0,0.0,0.0,0.975,0.025,0.0,0.0,0.0
"[[0, 0], [0, 1]]","[[(1, 1), (0, 0)], [(0, 1), (0, 1)]]",40,1600,1.0,0.01,0.01,0.0,0.8,0.0,0.0,emotion,5,1,1.0,400,0.0,1.0,0.0,1.0,78.63,0.96,0.05,0.0,0.9,0.025,0.0,0.025,0.0,0.025,0.025
"[[0, 0], [0, 1]]","[[(1, 1), (0, 0)], [(0, 1), (0, 1)]]",40,1600,1.0,0.01,0.01,0.0,0.8,0.0,0.0,emotion,5,1,1.0,400,0.0,1.0,0.0,1.0,88.254,0.981,0.95,0.0,0.0,0.0,0.6,0.0,0.0,0.025,0.375
"[[0, 0], [0, 1]]","[[(1, 1), (0, 0)], [(0, 1), (0, 1)]]",40,1600,1.0,0.01,0.01,0.0,0.8,0.0,0.0,emotion,5,1,1.0,400,0.0,1.0,0.0,1.0,87.44,0.964,0.95,0.0,0.0,0.0,1.0,0.0,0.0,0.0,0.0
"[[0, 0], [0, 1]]","[[(1, 1), (0, 0)], [(0, 1), (0, 1)]]",40,1600,1.0,0.01,0.01,0.0,0.8,0.0,0.0,emotion,5,1,1.0,400,0.0,1.0,0.0,1.0,88.013,0.925,0.95,0.0,0.0,0.0,0.925,0.0,0.0,0.0,0.075
"[[0, 0], [0, 1]]","[[(1, 1), (0, 0)], [(0, 1), (0, 1)]]",40,1600,1.0,0.01,0.01,0.0,0.8,0.0,0.0,emotion,5,1,1.0,400,0.0,1.0,0.0,1.0,88.216,0.976,0.975,0.0,0.0,0.0,0.975,0.0,0.0,0.025,0.0
"[[0, 0], [0, 1]]","[[(1, 1), (0, 0)], [(0, 1), (0, 1)]]",40,1600,1.0,0.01,0.01,0.0,0.8,0.0,0.0,emotion,5,1,1.0,400,0.0,1.0,0.0,1.0,87.591,0.708,0.825,0.0,0.0,0.0,0.975,0.0,0.0,0.025,0.0
"[[0, 0], [0, 1]]","[[(1, 1), (0, 0)], [(0, 1), (0, 1)]]",40,1600,1.0,0.01,0.01,0.0,0.8,0.0,0.0,emotion,5,1,1.0,400,0.0,1.0,0.0,1.0,83.285,0.963,0.95,0.0,0.0,0.0,1.0,0.0,0.0,0.0,0.0
"[[0, 0], [0, 1]]","[[(1, 1), (0, 0)], [(0, 1), (0, 1)]]",40,1600,1.0,0.01,0.01,0.0,0.8,0.0,0.0,emotion,5,1,1.0,400,0.0,1.0,0.0,1.0,88.059,0.966,0.95,0.0,0.0,0.0,1.0,0.0,0.0,0.0,0.0
"[[0, 0], [0, 1]]","[[(1, 1), (0, 0)], [(0, 1), (0, 1)]]",40,1600,1.0,0.01,0.01,0.0,0.8,0.0,0.0,emotion,5,1,1.0,400,0.0,1.0,0.0,1.0,87.308,0.934,0.95,0.0,0.0,0.0,0.95,0.025,0.0,0.025,0.0
"[[0, 0], [0, 1]]","[[(1, 1), (0, 0)], [(0, 1), (0, 1)]]",40,1600,1.0,0.01,0.01,0.0,0.8,0.0,0.0,emotion,5,1,1.0,400,0.0,1.0,0.0,1.0,88.006,0.939,0.95,0.0,0.0,0.0,1.0,0.0,0.0,0.0,0.0
"[[0, 0], [0, 1]]","[[(1, 1), (0, 0)], [(0, 1), (0, 1)]]",40,1600,1.0,0.01,0.01,0.0,0.8,0.0,0.0,emotion,5,1,1.0,400,0.0,1.0,0.0,1.0,87.409,0.926,0.925,0.025,0.0,0.0,0.975,0.0,0.0,0.0,0.0
"[[0, 0], [0, 1]]","[[(1, 1), (0, 0)], [(0, 1), (0, 1)]]",40,1600,1.0,0.01,0.01,0.0,0.8,0.0,0.0,emotion,5,1,1.0,400,0.0,1.0,0.0,1.0,87.57,0.912,0.925,0.0,0.0,0.0,1.0,0.0,0.0,0.0,0.0
"[[0, 0], [0, 1]]","[[(1, 1), (0, 0)], [(0, 1), (0, 1)]]",40,1600,1.0,0.01,0.01,0.0,0.8,0.0,0.0,emotion,5,1,1.0,400,0.0,1.0,0.0,1.0,88.453,0.997,1.0,0.0,0.0,0.0,1.0,0.0,0.0,0.0,0.0
"[[0, 0], [0, 1]]","[[(1, 1), (0, 0)], [(0, 1), (0, 1)]]",40,1600,1.0,0.01,0.01,0.0,0.8,0.0,0.0,emotion,5,1,1.0,400,0.0,1.0,0.0,1.0,88.042,0.996,1.0,0.0,0.0,0.0,1.0,0.0,0.0,0.0,0.0
"[[0, 0], [0, 1]]","[[(1, 1), (0, 0)], [(0, 1), (0, 1)]]",40,1600,1.0,0.01,0.01,0.0,0.8,0.0,0.0,emotion,5,1,1.0,400,0.0,1.0,0.0,1.0,87.709,0.73,0.6,0.375,0.0,0.075,0.2,0.025,0.0,0.0,0.325
"[[0, 0], [0, 1]]","[[(1, 1), (0, 0)], [(0, 1), (0, 1)]]",40,1600,1.0,0.01,0.01,0.0,0.8,0.0,0.0,emotion,5,1,1.0,400,0.0,1.0,0.0,1.0,87.935,0.964,0.95,0.0,0.0,0.0,0.975,0.0,0.0,0.025,0.0
"[[0, 0], [1, 1]]","[[(1, 1), (0, 1)], [(1, 0), (0, 1)]]",40,1600,1.0,0.01,0.01,0.0,0.4,0.0,0.0,emotion,5,1,1.0,400,0.0,1.0,0.0,0.5,13.615,0.66,0.1,0.0,0.8,0.125,0.0,0.025,0.0,0.05,0.0
"[[0, 0], [1, 1]]","[[(1, 1), (0, 1)], [(1, 0), (0, 1)]]",40,1600,1.0,0.01,0.01,0.0,0.4,0.0,0.0,emotion,5,1,1.0,400,0.0,1.0,0.0,0.5,14.49,0.619,0.1,0.0,0.75,0.15,0.025,0.05,0.0,0.025,0.0
"[[0, 0], [1, 1]]","[[(1, 1), (0, 1)], [(1, 0), (0, 1)]]",40,1600,1.0,0.01,0.01,0.0,0.4,0.0,0.0,emotion,5,1,1.0,400,0.0,1.0,0.0,0.5,17.699,0.651,0.95,0.0,0.0,0.0,0.95,0.025,0.0,0.025,0.0
"[[0, 0], [1, 1]]","[[(1, 1), (0, 1)], [(1, 0), (0, 1)]]",40,1600,1.0,0.01,0.01,0.0,0.4,0.0,0.0,emotion,5,1,1.0,400,0.0,1.0,0.0,0.5,36.647,0.447,0.85,0.0,0.0,0.0,0.7,0.025,0.1,0.175,0.0
"[[0, 0], [1, 1]]","[[(1, 1), (0, 1)], [(1, 0), (0, 1)]]",40,1600,1.0,0.01,0.01,0.0,0.4,0.0,0.0,emotion,5,1,1.0,400,0.0,1.0,0.0,0.5,35.421,0.784,0.125,0.0,0.75,0.15,0.0,0.075,0.0,0.025,0.0
"[[0, 0], [1, 1]]","[[(1, 1), (0, 1)], [(1, 0), (0, 1)]]",40,1600,1.0,0.01,0.01,0.0,0.4,0.0,0.0,emotion,5,1,1.0,400,0.0,1.0,0.0,0.5,33.141,0.414,0.65,0.025,0.0,0.0,0.9,0.075,0.0,0.0,0.0
"[[0, 0], [1, 1]]","[[(1, 1), (0, 1)], [(1, 0), (0, 1)]]",40,1600,1.0,0.01,0.01,0.0,0.4,0.0,0.0,emotion,5,1,1.0,400,0.0,1.0,0.0,0.5,34.235,0.946,0.05,0.0,0.925,0.025,0.0,0.05,0.0,0.0,0.0
"[[0, 0], [1, 1]]","[[(1, 1), (0, 1)], [(1, 0), (0, 1)]]",40,1600,1.0,0.01,0.01,0.0,0.4,0.0,0.0,emotion,5,1,1.0,400,0.0,1.0,0.0,0.5,41.356,0.956,0.025,0.0,0.95,0.025,0.0,0.0,0.0,0.025,0.0
"[[0, 0], [1, 1]]","[[(1, 1), (0, 1)], [(1, 0), (0, 1)]]",40,1600,1.0,0.01,0.01,0.0,0.4,0.0,0.0,emotion,5,1,1.0,400,0.0,1.0,0.0,0.5,41.505,0.714,0.975,0.0,0.0,0.0,0.975,0.025,0.0,0.0,0.0
"[[0, 0], [1, 1]]","[[(1, 1), (0, 1)], [(1, 0), (0, 1)]]",40,1600,1.0,0.01,0.01,0.0,0.4,0.0,0.0,emotion,5,1,1.0,400,0.0,1.0,0.0,0.5,54.37,0.716,0.95,0.0,0.0,0.0,0.975,0.0,0.0,0.025,0.0
"[[0, 0], [1, 1]]","[[(1, 1), (0, 1)], [(1, 0), (0, 1)]]",40,1600,1.0,0.01,0.01,0.0,0.4,0.0,0.0,emotion,5,1,1.0,400,0.0,1.0,0.0,0.5,53.513,0.736,1.0,0.0,0.0,0.0,0.975,0.0,0.0,0.025,0.0
"[[0, 0], [1, 1]]","[[(1, 1), (0, 1)], [(1, 0), (0, 1)]]",40,1600,1.0,0.01,0.01,0.0,0.4,0.0,0.0,emotion,5,1,1.0,400,0.0,1.0,0.0,0.5,42.842,0.648,0.95,0.0,0.0,0.0,0.95,0.025,0.0,0.025,0.0
"[[0, 0], [1, 1]]","[[(1, 1), (0, 1)], [(1, 0), (0, 1)]]",40,1600,1.0,0.01,0.01,0.0,0.4,0.0,0.0,emotion,5,1,1.0,400,0.0,1.0,0.0,0.5,63.502,0.669,0.925,0.0,0.0,0.0,0.925,0.05,0.0,0.025,0.0
"[[0, 0], [1, 1]]","[[(1, 1), (0, 1)], [(1, 0), (0, 1)]]",40,1600,1.0,0.01,0.01,0.0,0.4,0.0,0.0,emotion,5,1,1.0,400,0.0,1.0,0.0,0.5,65.545,0.766,1.0,0.0,0.0,0.0,0.975,0.0,0.0,0.025,0.0
"[[0, 0], [1, 1]]","[[(1, 1), (0, 1)], [(1, 0), (0, 1)]]",40,1600,1.0,0.01,0.01,0.0,0.4,0.0,0.0,emotion,5,1,1.0,400,0.0,1.0,0.0,0.5,66.12,0.75,1.0,0.0,0.0,0.0,0.975,0.0,0.0,0.025,0.0
"[[0, 0], [1, 1]]","[[(1, 1), (0, 1)], [(1, 0), (0, 1)]]",40,1600,1.0,0.01,0.01,0.0,0.4,0.0,0.0,emotion,5,1,1.0,400,0.0,1.0,0.0,0.5,64.229,0.617,0.25,0.0,0.525,0.225,0.0,0.0,0.0,0.15,0.1
"[[0, 0], [1, 1]]","[[(1, 1), (0, 1)], [(1, 0), (0, 1)]]",40,1600,1.0,0.01,0.01,0.0,0.4,0.0,0.0,emotion,5,1,1.0,400,0.0,1.0,0.0,0.5,68.753,0.769,0.95,0.05,0.0,0.0,0.925,0.0,0.0,0.025,0.0
"[[0, 0], [1, 1]]","[[(1, 1), (0, 1)], [(1, 0), (0, 1)]]",40,1600,1.0,0.01,0.01,0.0,0.4,0.0,0.0,emotion,5,1,1.0,400,0.0,1.0,0.0,0.5,69.932,0.838,1.0,0.0,0.0,0.0,1.0,0.0,0.0,0.0,0.0
"[[0, 0], [1, 1]]","[[(1, 1), (0, 1)], [(1, 0), (0, 1)]]",40,1600,1.0,0.01,0.01,0.0,0.4,0.0,0.0,emotion,5,1,1.0,400,0.0,1.0,0.0,0.5,74.563,0.624,0.925,0.0,0.0,0.0,0.95,0.025,0.0,0.025,0.0
"[[0, 0], [1, 1]]","[[(1, 1), (0, 1)], [(1, 0), (0, 1)]]",40,1600,1.0,0.01,0.01,0.0,0.4,0.0,0.0,emotion,5,1,1.0,400,0.0,1.0,0.0,0.5,72.808,0.573,0.95,0.0,0.0,0.0,0.975,0.025,0.0,0.0,0.0
"[[0, 0], [1, 1]]","[[(1, 1), (0, 1)], [(1, 0), (0, 1)]]",40,1600,1.0,0.01,0.01,0.0,0.4,0.0,0.0,emotion,5,1,1.0,400,0.0,1.0,0.0,1.0,8.785,0.736,0.1,0.0,0.6,0.3,0.0,0.025,0.0,0.05,0.025
"[[0, 0], [1, 1]]","[[(1, 1), (0, 1)], [(1, 0), (0, 1)]]",40,1600,1.0,0.01,0.01,0.0,0.4,0.0,0.0,emotion,5,1,1.0,400,0.0,1.0,0.0,1.0,8.444,0.953,0.0,0.0,1.0,0.0,0.0,0.0,0.0,0.0,0.0
"[[0, 0], [1, 1]]","[[(1, 1), (0, 1)], [(1, 0), (0, 1)]]",40,1600,1.0,0.01,0.01,0.0,0.4,0.0,0.0,emotion,5,1,1.0,400,0.0,1.0,0.0,1.0,8.209,0.974,0.05,0.0,0.9,0.05,0.0,0.05,0.0,0.0,0.0
"[[0, 0], [1, 1]]","[[(1, 1), (0, 1)], [(1, 0), (0, 1)]]",40,1600,1.0,0.01,0.01,0.0,0.4,0.0,0.0,emotion,5,1,1.0,400,0.0,1.0,0.0,1.0,8.921,0.515,0.25,0.025,0.025,0.025,0.925,0.0,0.0,0.0,0.0
"[[0, 0], [1, 1]]","[[(1, 1), (0, 1)], [(1, 0), (0, 1)]]",40,1600,1.0,0.01,0.01,0.0,0.4,0.0,0.0,emotion,5,1,1.0,400,0.0,1.0,0.0,1.0,9.304,0.669,0.175,0.0,0.575,0.35,0.0,0.0,0.0,0.075,0.0
"[[0, 0], [1, 1]]","[[(1, 1), (0, 1)], [(1, 0), (0, 1)]]",40,1600,1.0,0.01,0.01,0.0,0.4,0.0,0.0,emotion,5,1,1.0,400,0.0,1.0,0.0,1.0,8.853,0.56,0.275,0.0,0.625,0.325,0.0,0.025,0.025,0.0,0.0
"[[0, 0], [1, 1]]","[[(1, 1), (0, 1)], [(1, 0), (0, 1)]]",40,1600,1.0,0.01,0.01,0.0,0.4,0.0,0.0,emotion,5,1,1.0,400,0.0,1.0,0.0,1.0,17.666,0.936,0.05,0.0,0.925,0.025,0.0,0.0,0.025,0.025,0.0
"[[0, 0], [1, 1]]","[[(1, 1), (0, 1)], [(1, 0), (0, 1)]]",40,1600,1.0,0.01,0.01,0.0,0.4,0.0,0.0,emotion,5,1,1.0,400,0.0,1.0,0.0,1.0,28.853,0.696,0.925,0.05,0.0,0.0,0.925,0.0,0.0,0.025,0.0
"[[0, 0], [1, 1]]","[[(1, 1), (0, 1)], [(1, 0), (0, 1)]]",40,1600,1.0,0.01,0.01,0.0,0.4,0.0,0.0,emotion,5,1,1.0,400,0.0,1.0,0.0,1.0,42.509,0.98,1.0,0.0,0.0,0.0,1.0,0.0,0.0,0.0,0.0
"[[0, 0], [1, 1]]","[[(1, 1), (0, 1)], [(1, 0), (0, 1)]]",40,1600,1.0,0.01,0.01,0.0,0.4,0.0,0.0,emotion,5,1,1.0,400,0.0,1.0,0.0,1.0,45.27,0.811,0.95,0.025,0.0,0.0,0.95,0.025,0.0,0.0,0.0
"[[0, 0], [1, 1]]","[[(1, 1), (0, 1)], [(1, 0), (0, 1)]]",40,1600,1.0,0.01,0.01,0.0,0.4,0.0,0.0,emotion,5,1,1.0,400,0.0,1.0,0.0,1.0,47.892,0.876,0.075,0.0,0.875,0.05,0.0,0.05,0.0,0.025,0.0
"[[0, 0], [1, 1]]","[[(1, 1), (0, 1)], [(1, 0), (0, 1)]]",40,1600,1.0,0.01,0.01,0.0,0.4,0.0,0.0,emotion,5,1,1.0,400,0.0,1.0,0.0,1.0,66.237,0.878,0.975,0.025,0.0,0.0,0.975,0.0,0.0,0.0,0.0
"[[0, 0], [1, 1]]","[[(1, 1), (0, 1)], [(1, 0), (0, 1)]]",40,1600,1.0,0.01,0.01,0.0,0.4,0.0,0.0,emotion,5,1,1.0,400,0.0,1.0,0.0,1.0,68.911,0.899,1.0,0.0,0.0,0.0,0.975,0.0,0.0,0.025,0.0
"[[0, 0], [1, 1]]","[[(1, 1), (0, 1)], [(1, 0), (0, 1)]]",40,1600,1.0,0.01,0.01,0.0,0.4,0.0,0.0,emotion,5,1,1.0,400,0.0,1.0,0.0,1.0,45.818,0.948,1.0,0.0,0.0,0.0,0.975,0.0,0.0,0.025,0.0
"[[0, 0], [1, 1]]","[[(1, 1), (0, 1)], [(1, 0), (0, 1)]]",40,1600,1.0,0.01,0.01,0.0,0.4,0.0,0.0,emotion,5,1,1.0,400,0.0,1.0,0.0,1.0,54.759,0.84,0.975,0.0,0.0,0.0,0.95,0.0,0.0,0.05,0.0
"[[0, 0], [1, 1]]","[[(1, 1), (0, 1)], [(1, 0), (0, 1)]]",40,1600,1.0,0.01,0.01,0.0,0.4,0.0,0.0,emotion,5,1,1.0,400,0.0,1.0,0.0,1.0,53.47,0.948,0.025,0.0,0.925,0.05,0.0,0.025,0.0,0.0,0.0
"[[0, 0], [1, 1]]","[[(1, 1), (0, 1)], [(1, 0), (0, 1)]]",40,1600,1.0,0.01,0.01,0.0,0.4,0.0,0.0,emotion,5,1,1.0,400,0.0,1.0,0.0,1.0,71.098,0.391,0.35,0.175,0.25,0.375,0.0,0.0,0.2,0.0,0.0
"[[0, 0], [1, 1]]","[[(1, 1), (0, 1)], [(1, 0), (0, 1)]]",40,1600,1.0,0.01,0.01,0.0,0.4,0.0,0.0,emotion,5,1,1.0,400,0.0,1.0,0.0,1.0,83.327,0.997,1.0,0.0,0.0,0.0,1.0,0.0,0.0,0.0,0.0
"[[0, 0], [1, 1]]","[[(1, 1), (0, 1)], [(1, 0), (0, 1)]]",40,1600,1.0,0.01,0.01,0.0,0.4,0.0,0.0,emotion,5,1,1.0,400,0.0,1.0,0.0,1.0,86.394,0.905,0.975,0.0,0.0,0.0,0.975,0.0,0.0,0.025,0.0
"[[0, 0], [1, 1]]","[[(1, 1), (0, 1)], [(1, 0), (0, 1)]]",40,1600,1.0,0.01,0.01,0.0,0.4,0.0,0.0,emotion,5,1,1.0,400,0.0,1.0,0.0,1.0,87.114,0.82,0.975,0.025,0.0,0.0,0.975,0.0,0.0,0.0,0.0
"[[0, 0], [1, 1]]","[[(1, 1), (0, 1)], [(1, 0), (0, 1)]]",40,1600,1.0,0.01,0.01,0.0,0.6,0.0,0.0,emotion,5,1,1.0,400,0.0,1.0,0.0,0.5,10.19,0.881,0.175,0.0,0.55,0.325,0.0,0.125,0.0,0.0,0.0
"[[0, 0], [1, 1]]","[[(1, 1), (0, 1)], [(1, 0), (0, 1)]]",40,1600,1.0,0.01,0.01,0.0,0.6,0.0,0.0,emotion,5,1,1.0,400,0.0,1.0,0.0,0.5,24.499,0.774,0.975,0.025,0.0,0.0,0.6,0.025,0.0,0.1,0.25
"[[0, 0], [1, 1]]","[[(1, 1), (0, 1)], [(1, 0), (0, 1)]]",40,1600,1.0,0.01,0.01,0.0,0.6,0.0,0.0,emotion,5,1,1.0,400,0.0,1.0,0.0,0.5,28.355,0.41,0.475,0.0,0.6,0.0,0.1,0.0,0.0,0.3,0.0
"[[0, 0], [1, 1]]","[[(1, 1), (0, 1)], [(1, 0), (0, 1)]]",40,1600,1.0,0.01,0.01,0.0,0.6,0.0,0.0,emotion,5,1,1.0,400,0.0,1.0,0.0,0.5,31.923,0.994,0.025,0.0,0.925,0.05,0.0,0.0,0.0,0.025,0.0
"[[0, 0], [1, 1]]","[[(1, 1), (0, 1)], [(1, 0), (0, 1)]]",40,1600,1.0,0.01,0.01,0.0,0.6,0.0,0.0,emotion,5,1,1.0,400,0.0,1.0,0.0,0.5,41.027,0.69,0.875,0.025,0.0,0.0,0.95,0.025,0.0,0.0,0.0
"[[0, 0], [1, 1]]","[[(1, 1), (0, 1)], [(1, 0), (0, 1)]]",40,1600,1.0,0.01,0.01,0.0,0.6,0.0,0.0,emotion,5,1,1.0,400,0.0,1.0,0.0,0.5,32.625,0.74,0.975,0.0,0.0,0.0,0.9,0.0,0.0,0.1,0.0
"[[0, 0], [1, 1]]","[[(1, 1), (0, 1)], [(1, 0), (0, 1)]]",40,1600,1.0,0.01,0.01,0.0,0.6,0.0,0.0,emotion,5,1,1.0,400,0.0,1.0,0.0,0.5,50.551,0.671,1.0,0.0,0.0,0.0,0.95,0.0,0.0,0.05,0.0
"[[0, 0], [1, 1]]","[[(1, 1), (0, 1)], [(1, 0), (0, 1)]]",40,1600,1.0,0.01,0.01,0.0,0.6,0.0,0.0,emotion,5,1,1.0,400,0.0,1.0,0.0,0.5,50.559,0.995,0.0,0.0,1.0,0.0,0.0,0.0,0.0,0.0,0.0
"[[0, 0], [1, 1]]","[[(1, 1), (0, 1)], [(1, 0), (0, 1)]]",40,1600,1.0,0.01,0.01,0.0,0.6,0.0,0.0,emotion,5,1,1.0,400,0.0,1.0,0.0,0.5,47.383,0.705,0.325,0.05,0.5,0.025,0.15,0.0,0.15,0.1,0.025
"[[0, 0], [1, 1]]","[[(1, 1), (0, 1)], [(1, 0), (0, 1)]]",40,1600,1.0,0.01,0.01,0.0,0.6,0.0,0.0,emotion,5,1,1.0,400,0.0,1.0,0.0,0.5,56.724,0.795,0.95,0.025,0.0,0.0,0.975,0.0,0.0,0.0,0.0
"[[0, 0], [1, 1]]","[[(1, 1), (0, 1)], [(1, 0), (0, 1)]]",40,1600,1.0,0.01,0.01,0.0,0.6,0.0,0.0,emotion,5,1,1.0,400,0.0,1.0,0.0,0.5,69.885,0.885,1.0,0.0,0.0,0.0,1.0,0.0,0.0,0.0,0.0
"[[0, 0], [1, 1]]","[[(1, 1), (0, 1)], [(1, 0), (0, 1)]]",40,1600,1.0,0.01,0.01,0.0,0.6,0.0,0.0,emotion,5,1,1.0,400,0.0,1.0,0.0,0.5,70.165,0.857,1.0,0.0,0.0,0.0,1.0,0.0,0.0,0.0,0.0
"[[0, 0], [1, 1]]","[[(1, 1), (0, 1)], [(1, 0), (0, 1)]]",40,1600,1.0,0.01,0.01,0.0,0.6,0.0,0.0,emotion,5,1,1.0,400,0.0,1.0,0.0,0.5,57.746,0.809,0.975,0.0,0.0,0.0,1.0,0.0,0.0,0.0,0.0
"[[0, 0], [1, 1]]","[[(1, 1), (0, 1)], [(1, 0), (0, 1)]]",40,1600,1.0,0.01,0.01,0.0,0.6,0.0,0.0,emotion,5,1,1.0,400,0.0,1.0,0.0,0.5,76.082,0.555,0.85,0.0,0.0,0.0,1.0,0.0,0.0,0.0,0.0
"[[0, 0], [1, 1]]","[[(1, 1), (0, 1)], [(1, 0), (0, 1)]]",40,1600,1.0,0.01,0.01,0.0,0.6,0.0,0.0,emotion,5,1,1.0,400,0.0,1.0,0.0,0.5,80.84,0.713,0.9,0.05,0.0,0.0,0.875,0.0,0.0,0.075,0.0
"[[0, 0], [1, 1]]","[[(1, 1), (0, 1)], [(1, 0), (0, 1)]]",40,1600,1.0,0.01,0.01,0.0,0.6,0.0,0.0,emotion,5,1,1.0,400,0.0,1.0,0.0,0.5,74.99,0.977,0.3,0.725,0.0,0.0,0.0,0.0,0.0,0.0,0.275
"[[0, 0], [1, 1]]","[[(1, 1), (0, 1)], [(1, 0), (0, 1)]]",40,1600,1.0,0.01,0.01,0.0,0.6,0.0,0.0,emotion,5,1,1.0,400,0.0,1.0,0.0,0.5,76.136,0.978,0.0,0.775,0.0,0.0,0.225,0.0,0.0,0.0,0.0
"[[0, 0], [1, 1]]","[[(1, 1), (0, 1)], [(1, 0), (0, 1)]]",40,1600,1.0,0.01,0.01,0.0,0.6,0.0,0.0,emotion,5,1,1.0,400,0.0,1.0,0.0,0.5,78.971,0.631,0.975,0.025,0.0,0.0,0.9,0.0,0.0,0.075,0.0
"[[0, 0], [1, 1]]","[[(1, 1), (0, 1)], [(1, 0), (0, 1)]]",40,1600,1.0,0.01,0.01,0.0,0.6,0.0,0.0,emotion,5,1,1.0,400,0.0,1.0,0.0,0.5,77.294,0.746,0.95,0.025,0.0,0.0,0.975,0.0,0.0,0.0,0.0
"[[0, 0], [1, 1]]","[[(1, 1), (0, 1)], [(1, 0), (0, 1)]]",40,1600,1.0,0.01,0.01,0.0,0.6,0.0,0.0,emotion,5,1,1.0,400,0.0,1.0,0.0,0.5,79.542,0.659,0.9,0.025,0.0,0.0,0.9,0.0,0.0,0.075,0.0
"[[0, 0], [1, 1]]","[[(1, 1), (0, 1)], [(1, 0), (0, 1)]]",40,1600,1.0,0.01,0.01,0.0,0.6,0.0,0.0,emotion,5,1,1.0,400,0.0,1.0,0.0,1.0,8.666,0.631,0.525,0.0,0.55,0.375,0.0,0.0,0.0,0.075,0.0
"[[0, 0], [1, 1]]","[[(1, 1), (0, 1)], [(1, 0), (0, 1)]]",40,1600,1.0,0.01,0.01,0.0,0.6,0.0,0.0,emotion,5,1,1.0,400,0.0,1.0,0.0,1.0,7.043,0.976,0.1,0.0,0.775,0.075,0.05,0.025,0.0,0.05,0.025
"[[0, 0], [1, 1]]","[[(1, 1), (0, 1)], [(1, 0), (0, 1)]]",40,1600,1.0,0.01,0.01,0.0,0.6,0.0,0.0,emotion,5,1,1.0,400,0.0,1.0,0.0,1.0,8.493,0.936,0.1,0.0,0.8,0.15,0.0,0.0,0.0,0.05,0.0
"[[0, 0], [1, 1]]","[[(1, 1), (0, 1)], [(1, 0), (0, 1)]]",40,1600,1.0,0.01,0.01,0.0,0.6,0.0,0.0,emotion,5,1,1.0,400,0.0,1.0,0.0,1.0,8.56,0.972,0.025,0.0,0.95,0.025,0.0,0.0,0.0,0.025,0.0
"[[0, 0], [1, 1]]","[[(1, 1), (0, 1)], [(1, 0), (0, 1)]]",40,1600,1.0,0.01,0.01,0.0,0.6,0.0,0.0,emotion,5,1,1.0,400,0.0,1.0,0.0,1.0,10.231,0.976,0.025,0.0,0.925,0.05,0.0,0.0,0.0,0.025,0.0
"[[0, 0], [1, 1]]","[[(1, 1), (0, 1)], [(1, 0), (0, 1)]]",40,1600,1.0,0.01,0.01,0.0,0.6,0.0,0.0,emotion,5,1,1.0,400,0.0,1.0,0.0,1.0,20.853,0.954,0.125,0.5,0.0,0.05,0.375,0.0,0.075,0.0,0.0
"[[0, 0], [1, 1]]","[[(1, 1), (0, 1)], [(1, 0), (0, 1)]]",40,1600,1.0,0.01,0.01,0.0,0.6,0.0,0.0,emotion,5,1,1.0,400,0.0,1.0,0.0,1.0,40.667,0.85,0.925,0.0,0.0,0.0,0.925,0.0,0.0,0.075,0.0
"[[0, 0], [1, 1]]","[[(1, 1), (0, 1)], [(1, 0), (0, 1)]]",40,1600,1.0,0.01,0.01,0.0,0.6,0.0,0.0,emotion,5,1,1.0,400,0.0,1.0,0.0,1.0,57.96,0.871,0.975,0.025,0.0,0.0,0.975,0.0,0.0,0.0,0.0
"[[0, 0], [1, 1]]","[[(1, 1), (0, 1)], [(1, 0), (0, 1)]]",40,1600,1.0,0.01,0.01,0.0,0.6,0.0,0.0,emotion,5,1,1.0,400,0.0,1.0,0.0,1.0,50.203,0.95,0.075,0.95,0.0,0.0,0.025,0.0,0.025,0.0,0.0
"[[0, 0], [1, 1]]","[[(1, 1), (0, 1)], [(1, 0), (0, 1)]]",40,1600,1.0,0.01,0.01,0.0,0.6,0.0,0.0,emotion,5,1,1.0,400,0.0,1.0,0.0,1.0,79.285,0.826,0.9,0.0,0.0,0.0,0.875,0.0,0.125,0.0,0.0
"[[0, 0], [1, 1]]","[[(1, 1), (0, 1)], [(1, 0), (0, 1)]]",40,1600,1.0,0.01,0.01,0.0,0.6,0.0,0.0,emotion,5,1,1.0,400,0.0,1.0,0.0,1.0,68.904,0.874,0.95,0.025,0.0,0.0,0.95,0.0,0.0,0.025,0.0
"[[0, 0], [1, 1]]","[[(1, 1), (0, 1)], [(1, 0), (0, 1)]]",40,1600,1.0,0.01,0.01,0.0,0.6,0.0,0.0,emotion,5,1,1.0,400,0.0,1.0,0.0,1.0,75.821,0.873,0.975,0.0,0.0,0.0,0.975,0.0,0.0,0.025,0.0
"[[0, 0], [1, 1]]","[[(1, 1), (0, 1)], [(1, 0), (0, 1)]]",40,1600,1.0,0.01,0.01,0.0,0.6,0.0,0.0,emotion,5,1,1.0,400,0.0,1.0,0.0,1.0,85.965,0.895,0.975,0.0,0.0,0.0,0.975,0.025,0.0,0.0,0.0
"[[0, 0], [1, 1]]","[[(1, 1), (0, 1)], [(1, 0), (0, 1)]]",40,1600,1.0,0.01,0.01,0.0,0.6,0.0,0.0,emotion,5,1,1.0,400,0.0,1.0,0.0,1.0,84.336,1.0,1.0,0.0,0.0,0.0,1.0,0.0,0.0,0.0,0.0
"[[0, 0], [1, 1]]","[[(1, 1), (0, 1)], [(1, 0), (0, 1)]]",40,1600,1.0,0.01,0.01,0.0,0.6,0.0,0.0,emotion,5,1,1.0,400,0.0,1.0,0.0,1.0,85.165,0.895,0.95,0.0,0.0,0.0,0.95,0.0,0.0,0.05,0.0
"[[0, 0], [1, 1]]","[[(1, 1), (0, 1)], [(1, 0), (0, 1)]]",40,1600,1.0,0.01,0.01,0.0,0.6,0.0,0.0,emotion,5,1,1.0,400,0.0,1.0,0.0,1.0,88.627,0.997,1.0,0.0,0.0,0.0,1.0,0.0,0.0,0.0,0.0
"[[0, 0], [1, 1]]","[[(1, 1), (0, 1)], [(1, 0), (0, 1)]]",40,1600,1.0,0.01,0.01,0.0,0.6,0.0,0.0,emotion,5,1,1.0,400,0.0,1.0,0.0,1.0,86.16,0.68,0.275,0.275,0.0,0.0,0.65,0.075,0.0,0.0,0.0
"[[0, 0], [1, 1]]","[[(1, 1), (0, 1)], [(1, 0), (0, 1)]]",40,1600,1.0,0.01,0.01,0.0,0.6,0.0,0.0,emotion,5,1,1.0,400,0.0,1.0,0.0,1.0,88.495,0.99,1.0,0.0,0.0,0.0,1.0,0.0,0.0,0.0,0.0
"[[0, 0], [1, 1]]","[[(1, 1), (0, 1)], [(1, 0), (0, 1)]]",40,1600,1.0,0.01,0.01,0.0,0.6,0.0,0.0,emotion,5,1,1.0,400,0.0,1.0,0.0,1.0,84.314,0.791,0.85,0.05,0.0,0.0,0.85,0.05,0.0,0.025,0.025
"[[0, 0], [1, 1]]","[[(1, 1), (0, 1)], [(1, 0), (0, 1)]]",40,1600,1.0,0.01,0.01,0.0,0.6,0.0,0.0,emotion,5,1,1.0,400,0.0,1.0,0.0,1.0,89.223,0.611,0.475,0.025,0.0,0.0,0.95,0.025,0.0,0.0,0.0
"[[0, 0], [1, 1]]","[[(1, 1), (0, 1)], [(1, 0), (0, 1)]]",40,1600,1.0,0.01,0.01,0.0,0.8,0.0,0.0,emotion,5,1,1.0,400,0.0,1.0,0.0,0.5,14.047,1.0,0.025,0.0,0.95,0.025,0.0,0.025,0.0,0.0,0.0
"[[0, 0], [1, 1]]","[[(1, 1), (0, 1)], [(1, 0), (0, 1)]]",40,1600,1.0,0.01,0.01,0.0,0.8,0.0,0.0,emotion,5,1,1.0,400,0.0,1.0,0.0,0.5,10.541,0.985,0.025,0.0,1.0,0.0,0.0,0.0,0.0,0.0,0.0
"[[0, 0], [1, 1]]","[[(1, 1), (0, 1)], [(1, 0), (0, 1)]]",40,1600,1.0,0.01,0.01,0.0,0.8,0.0,0.0,emotion,5,1,1.0,400,0.0,1.0,0.0,0.5,10.19,0.993,0.025,0.0,0.975,0.0,0.0,0.0,0.0,0.025,0.0
"[[0, 0], [1, 1]]","[[(1, 1), (0, 1)], [(1, 0), (0, 1)]]",40,1600,1.0,0.01,0.01,0.0,0.8,0.0,0.0,emotion,5,1,1.0,400,0.0,1.0,0.0,0.5,14.916,0.939,0.1,0.7,0.0,0.0,0.2,0.0,0.075,0.0,0.025
"[[0, 0], [1, 1]]","[[(1, 1), (0, 1)], [(1, 0), (0, 1)]]",40,1600,1.0,0.01,0.01,0.0,0.8,0.0,0.0,emotion,5,1,1.0,400,0.0,1.0,0.0,0.5,16.593,0.617,0.825,0.0,0.0,0.0,0.9,0.025,0.0,0.075,0.0
"[[0, 0], [1, 1]]","[[(1, 1), (0, 1)], [(1, 0), (0, 1)]]",40,1600,1.0,0.01,0.01,0.0,0.8,0.0,0.0,emotion,5,1,1.0,400,0.0,1.0,0.0,0.5,9.143,0.989,0.1,0.0,0.85,0.05,0.0,0.0,0.0,0.05,0.05
"[[0, 0], [1, 1]]","[[(1, 1), (0, 1)], [(1, 0), (0, 1)]]",40,1600,1.0,0.01,0.01,0.0,0.8,0.0,0.0,emotion,5,1,1.0,400,0.0,1.0,0.0,0.5,30.003,0.885,0.925,0.0,0.0,0.0,0.525,0.075,0.0,0.0,0.4
"[[0, 0], [1, 1]]","[[(1, 1), (0, 1)], [(1, 0), (0, 1)]]",40,1600,1.0,0.01,0.01,0.0,0.8,0.0,0.0,emotion,5,1,1.0,400,0.0,1.0,0.0,0.5,48.584,0.684,0.9,0.025,0.0,0.0,0.975,0.0,0.0,0.0,0.0
"[[0, 0], [1, 1]]","[[(1, 1), (0, 1)], [(1, 0), (0, 1)]]",40,1600,1.0,0.01,0.01,0.0,0.8,0.0,0.0,emotion,5,1,1.0,400,0.0,1.0,0.0,0.5,60.039,0.756,0.875,0.025,0.0,0.0,0.95,0.025,0.0,0.0,0.0
"[[0, 0], [1, 1]]","[[(1, 1), (0, 1)], [(1, 0), (0, 1)]]",40,1600,1.0,0.01,0.01,0.0,0.8,0.0,0.0,emotion,5,1,1.0,400,0.0,1.0,0.0,0.5,62.588,0.676,0.7,0.0,0.0,0.0,0.95,0.05,0.0,0.0,0.0
"[[0, 0], [1, 1]]","[[(1, 1), (0, 1)], [(1, 0), (0, 1)]]",40,1600,1.0,0.01,0.01,0.0,0.8,0.0,0.0,emotion,5,1,1.0,400,0.0,1.0,0.0,0.5,64.167,0.703,0.825,0.0,0.0,0.05,0.425,0.075,0.0,0.075,0.375
"[[0, 0], [1, 1]]","[[(1, 1), (0, 1)], [(1, 0), (0, 1)]]",40,1600,1.0,0.01,0.01,0.0,0.8,0.0,0.0,emotion,5,1,1.0,400,0.0,1.0,0.0,0.5,70.918,0.802,0.875,0.025,0.0,0.0,0.95,0.025,0.0,0.0,0.0
"[[0, 0], [1, 1]]","[[(1, 1), (0, 1)], [(1, 0), (0, 1)]]",40,1600,1.0,0.01,0.01,0.0,0.8,0.0,0.0,emotion,5,1,1.0,400,0.0,1.0,0.0,0.5,68.255,0.511,0.475,0.075,0.25,0.05,0.375,0.075,0.0,0.15,0.025
"[[0, 0], [1, 1]]","[[(1, 1), (0, 1)], [(1, 0), (0, 1)]]",40,1600,1.0,0.01,0.01,0.0,0.8,0.0,0.0,emotion,5,1,1.0,400,0.0,1.0,0.0,0.5,66.143,0.97,0.075,0.8,0.0,0.0,0.15,0.0,0.0,0.0,0.05
"[[0, 0], [1, 1]]","[[(1, 1), (0, 1)], [(1, 0), (0, 1)]]",40,1600,1.0,0.01,0.01,0.0,0.8,0.0,0.0,emotion,5,1,1.0,400,0.0,1.0,0.0,0.5,64.852,0.996,0.0,0.0,0.925,0.075,0.0,0.0,0.0,0.0,0.0
"[[0, 0], [1, 1]]","[[(1, 1), (0, 1)], [(1, 0), (0, 1)]]",40,1600,1.0,0.01,0.01,0.0,0.8,0.0,0.0,emotion,5,1,1.0,400,0.0,1.0,0.0,0.5,75.624,0.756,0.875,0.05,0.0,0.0,0.925,0.025,0.0,0.0,0.0
"[[0, 0], [1, 1]]","[[(1, 1), (0, 1)], [(1, 0), (0, 1)]]",40,1600,1.0,0.01,0.01,0.0,0.8,0.0,0.0,emotion,5,1,1.0,400,0.0,1.0,0.0,0.5,74.861,0.836,0.95,0.025,0.0,0.0,0.95,0.0,0.0,0.025,0.0
"[[0, 0], [1, 1]]","[[(1, 1), (0, 1)], [(1, 0), (0, 1)]]",40,1600,1.0,0.01,0.01,0.0,0.8,0.0,0.0,emotion,5,1,1.0,400,0.0,1.0,0.0,0.5,80.831,0.926,1.0,0.0,0.0,0.0,1.0,0.0,0.0,0.0,0.0
"[[0, 0], [1, 1]]","[[(1, 1), (0, 1)], [(1, 0), (0, 1)]]",40,1600,1.0,0.01,0.01,0.0,0.8,0.0,0.0,emotion,5,1,1.0,400,0.0,1.0,0.0,0.5,83.025,0.706,0.825,0.025,0.0,0.0,0.875,0.05,0.0,0.05,0.0
"[[0, 0], [1, 1]]","[[(1, 1), (0, 1)], [(1, 0), (0, 1)]]",40,1600,1.0,0.01,0.01,0.0,0.8,0.0,0.0,emotion,5,1,1.0,400,0.0,1.0,0.0,0.5,82.668,0.8,0.925,0.0,0.0,0.0,1.0,0.0,0.0,0.0,0.0
"[[0, 0], [1, 1]]","[[(1, 1), (0, 1)], [(1, 0), (0, 1)]]",40,1600,1.0,0.01,0.01,0.0,0.8,0.0,0.0,emotion,5,1,1.0,400,0.0,1.0,0.0,1.0,6.982,0.87,0.55,0.0,0.825,0.125,0.0,0.0,0.0,0.05,0.0
"[[0, 0], [1, 1]]","[[(1, 1), (0, 1)], [(1, 0), (0, 1)]]",40,1600,1.0,0.01,0.01,0.0,0.8,0.0,0.0,emotion,5,1,1.0,400,0.0,1.0,0.0,1.0,20.298,0.881,0.9,0.025,0.0,0.0,0.9,0.05,0.0,0.025,0.0
"[[0, 0], [1, 1]]","[[(1, 1), (0, 1)], [(1, 0), (0, 1)]]",40,1600,1.0,0.01,0.01,0.0,0.8,0.0,0.0,emotion,5,1,1.0,400,0.0,1.0,0.0,1.0,26.902,0.97,0.175,0.0,0.65,0.2,0.0,0.05,0.05,0.05,0.0
"[[0, 0], [1, 1]]","[[(1, 1), (0, 1)], [(1, 0), (0, 1)]]",40,1600,1.0,0.01,0.01,0.0,0.8,0.0,0.0,emotion,5,1,1.0,400,0.0,1.0,0.0,1.0,14.509,0.956,0.075,0.0,0.875,0.125,0.0,0.0,0.0,0.0,0.0
"[[0, 0], [1, 1]]","[[(1, 1), (0, 1)], [(1, 0), (0, 1)]]",40,1600,1.0,0.01,0.01,0.0,0.8,0.0,0.0,emotion,5,1,1.0,400,0.0,1.0,0.0,1.0,48.997,1.0,1.0,0.0,0.0,0.0,1.0,0.0,0.0,0.0,0.0
"[[0, 0], [1, 1]]","[[(1, 1), (0, 1)], [(1, 0), (0, 1)]]",40,1600,1.0,0.01,0.01,0.0,0.8,0.0,0.0,emotion,5,1,1.0,400,0.0,1.0,0.0,1.0,69.892,0.991,0.975,0.0,0.0,0.0,0.975,0.025,0.0,0.0,0.0
"[[0, 0], [1, 1]]","[[(1, 1), (0, 1)], [(1, 0), (0, 1)]]",40,1600,1.0,0.01,0.01,0.0,0.8,0.0,0.0,emotion,5,1,1.0,400,0.0,1.0,0.0,1.0,71.859,0.973,0.975,0.0,0.0,0.0,0.975,0.0,0.0,0.025,0.0
"[[0, 0], [1, 1]]","[[(1, 1), (0, 1)], [(1, 0), (0, 1)]]",40,1600,1.0,0.01,0.01,0.0,0.8,0.0,0.0,emotion,5,1,1.0,400,0.0,1.0,0.0,1.0,81.258,0.996,1.0,0.0,0.0,0.0,0.975,0.0,0.0,0.025,0.0
"[[0, 0], [1, 1]]","[[(1, 1), (0, 1)], [(1, 0), (0, 1)]]",40,1600,1.0,0.01,0.01,0.0,0.8,0.0,0.0,emotion,5,1,1.0,400,0.0,1.0,0.0,1.0,72.964,0.863,0.55,0.0,0.75,0.175,0.0,0.025,0.0,0.05,0.0
"[[0, 0], [1, 1]]","[[(1, 1), (0, 1)], [(1, 0), (0, 1)]]",40,1600,1.0,0.01,0.01,0.0,0.8,0.0,0.0,emotion,5,1,1.0,400,0.0,1.0,0.0,1.0,83.068,0.918,0.975,0.0,0.0,0.0,0.975,0.025,0.0,0.0,0.0
"[[0, 0], [1, 1]]","[[(1, 1), (0, 1)], [(1, 0), (0, 1)]]",40,1600,1.0,0.01,0.01,0.0,0.8,0.0,0.0,emotion,5,1,1.0,400,0.0,1.0,0.0,1.0,83.914,0.929,0.95,0.025,0.0,0.0,0.975,0.0,0.0,0.0,0.0
"[[0, 0], [1, 1]]","[[(1, 1), (0, 1)], [(1, 0), (0, 1)]]",40,1600,1.0,0.01,0.01,0.0,0.8,0.0,0.0,emotion,5,1,1.0,400,0.0,1.0,0.0,1.0,84.026,0.999,1.0,0.0,0.0,0.0,1.0,0.0,0.0,0.0,0.0
"[[0, 0], [1, 1]]","[[(1, 1), (0, 1)], [(1, 0), (0, 1)]]",40,1600,1.0,0.01,0.01,0.0,0.8,0.0,0.0,emotion,5,1,1.0,400,0.0,1.0,0.0,1.0,89.714,0.933,0.925,0.0,0.0,0.0,0.975,0.025,0.0,0.0,0.0
"[[0, 0], [1, 1]]","[[(1, 1), (0, 1)], [(1, 0), (0, 1)]]",40,1600,1.0,0.01,0.01,0.0,0.8,0.0,0.0,emotion,5,1,1.0,400,0.0,1.0,0.0,1.0,90.51,0.89,0.925,0.0,0.0,0.0,0.95,0.05,0.0,0.0,0.0
"[[0, 0], [1, 1]]","[[(1, 1), (0, 1)], [(1, 0), (0, 1)]]",40,1600,1.0,0.01,0.01,0.0,0.8,0.0,0.0,emotion,5,1,1.0,400,0.0,1.0,0.0,1.0,84.085,0.849,0.95,0.0,0.025,0.0,0.975,0.0,0.0,0.0,0.0
"[[0, 0], [1, 1]]","[[(1, 1), (0, 1)], [(1, 0), (0, 1)]]",40,1600,1.0,0.01,0.01,0.0,0.8,0.0,0.0,emotion,5,1,1.0,400,0.0,1.0,0.0,1.0,90.271,0.966,0.975,0.025,0.0,0.0,0.975,0.0,0.0,0.0,0.0
"[[0, 0], [1, 1]]","[[(1, 1), (0, 1)], [(1, 0), (0, 1)]]",40,1600,1.0,0.01,0.01,0.0,0.8,0.0,0.0,emotion,5,1,1.0,400,0.0,1.0,0.0,1.0,90.228,0.935,0.975,0.0,0.0,0.0,0.975,0.025,0.0,0.0,0.0
"[[0, 0], [1, 1]]","[[(1, 1), (0, 1)], [(1, 0), (0, 1)]]",40,1600,1.0,0.01,0.01,0.0,0.8,0.0,0.0,emotion,5,1,1.0,400,0.0,1.0,0.0,1.0,90.473,0.812,0.325,0.05,0.0,0.0,0.925,0.0,0.0,0.0,0.025
"[[0, 0], [1, 1]]","[[(1, 1), (0, 1)], [(1, 0), (0, 1)]]",40,1600,1.0,0.01,0.01,0.0,0.8,0.0,0.0,emotion,5,1,1.0,400,0.0,1.0,0.0,1.0,90.807,0.996,1.0,0.0,0.0,0.0,0.975,0.0,0.0,0.0,0.025
"[[0, 0], [1, 1]]","[[(1, 1), (0, 1)], [(1, 0), (0, 1)]]",40,1600,1.0,0.01,0.01,0.0,0.8,0.0,0.0,emotion,5,1,1.0,400,0.0,1.0,0.0,1.0,90.092,0.9,1.0,0.0,0.0,0.0,0.95,0.0,0.0,0.05,0.0
"[[0, 0], [0, 1]]","[[(1, 1), (0, 0)], [(1, 1), (0, 1)]]",40,1600,1.0,0.01,0.01,0.0,0.4,0.0,0.0,emotion,5,1,1.0,400,0.0,1.0,0.0,0.5,7.614,0.997,0.0,0.375,0.45,0.0,0.15,0.0,0.0,0.025,0.0
"[[0, 0], [0, 1]]","[[(1, 1), (0, 0)], [(1, 1), (0, 1)]]",40,1600,1.0,0.01,0.01,0.0,0.4,0.0,0.0,emotion,5,1,1.0,400,0.0,1.0,0.0,0.5,8.489,0.713,0.0,0.0,0.95,0.0,0.0,0.0,0.0,0.05,0.0
"[[0, 0], [0, 1]]","[[(1, 1), (0, 0)], [(1, 1), (0, 1)]]",40,1600,1.0,0.01,0.01,0.0,0.4,0.0,0.0,emotion,5,1,1.0,400,0.0,1.0,0.0,0.5,7.064,0.982,0.0,0.0,0.975,0.0,0.0,0.025,0.0,0.0,0.0
"[[0, 0], [0, 1]]","[[(1, 1), (0, 0)], [(1, 1), (0, 1)]]",40,1600,1.0,0.01,0.01,0.0,0.4,0.0,0.0,emotion,5,1,1.0,400,0.0,1.0,0.0,0.5,7.319,0.64,0.05,0.075,0.0,0.0,0.725,0.0,0.025,0.075,0.1
"[[0, 0], [0, 1]]","[[(1, 1), (0, 0)], [(1, 1), (0, 1)]]",40,1600,1.0,0.01,0.01,0.0,0.4,0.0,0.0,emotion,5,1,1.0,400,0.0,1.0,0.0,0.5,8.077,0.671,0.05,0.075,0.1,0.0,0.7,0.0,0.0,0.125,0.0
"[[0, 0], [0, 1]]","[[(1, 1), (0, 0)], [(1, 1), (0, 1)]]",40,1600,1.0,0.01,0.01,0.0,0.4,0.0,0.0,emotion,5,1,1.0,400,0.0,1.0,0.0,0.5,6.983,0.995,0.0,0.0,0.875,0.125,0.0,0.0,0.0,0.0,0.0
"[[0, 0], [0, 1]]","[[(1, 1), (0, 0)], [(1, 1), (0, 1)]]",40,1600,1.0,0.01,0.01,0.0,0.4,0.0,0.0,emotion,5,1,1.0,400,0.0,1.0,0.0,0.5,7.787,0.964,0.0,0.0,0.85,0.15,0.0,0.0,0.0,0.0,0.0
"[[0, 0], [0, 1]]","[[(1, 1), (0, 0)], [(1, 1), (0, 1)]]",40,1600,1.0,0.01,0.01,0.0,0.4,0.0,0.0,emotion,5,1,1.0,400,0.0,1.0,0.0,0.5,9.612,0.963,0.0,0.275,0.0,0.0,0.7,0.0,0.025,0.0,0.0
"[[0, 0], [0, 1]]","[[(1, 1), (0, 0)], [(1, 1), (0, 1)]]",40,1600,1.0,0.01,0.01,0.0,0.4,0.0,0.0,emotion,5,1,1.0,400,0.0,1.0,0.0,0.5,6.393,0.988,0.0,0.0,0.925,0.075,0.0,0.0,0.0,0.0,0.0
"[[0, 0], [0, 1]]","[[(1, 1), (0, 0)], [(1, 1), (0, 1)]]",40,1600,1.0,0.01,0.01,0.0,0.4,0.0,0.0,emotion,5,1,1.0,400,0.0,1.0,0.0,0.5,9.927,0.931,0.0,0.975,0.0,0.0,0.025,0.0,0.0,0.0,0.0
"[[0, 0], [0, 1]]","[[(1, 1), (0, 0)], [(1, 1), (0, 1)]]",40,1600,1.0,0.01,0.01,0.0,0.4,0.0,0.0,emotion,5,1,1.0,400,0.0,1.0,0.0,0.5,7.978,0.99,0.0,0.85,0.0,0.0,0.1,0.025,0.025,0.0,0.0
"[[0, 0], [0, 1]]","[[(1, 1), (0, 0)], [(1, 1), (0, 1)]]",40,1600,1.0,0.01,0.01,0.0,0.4,0.0,0.0,emotion,5,1,1.0,400,0.0,1.0,0.0,0.5,11.556,0.985,0.0,0.0,0.95,0.025,0.0,0.0,0.0,0.025,0.0
"[[0, 0], [0, 1]]","[[(1, 1), (0, 0)], [(1, 1), (0, 1)]]",40,1600,1.0,0.01,0.01,0.0,0.4,0.0,0.0,emotion,5,1,1.0,400,0.0,1.0,0.0,0.5,7.816,0.991,0.0,1.0,0.0,0.0,0.0,0.0,0.0,0.0,0.0
"[[0, 0], [0, 1]]","[[(1, 1), (0, 0)], [(1, 1), (0, 1)]]",40,1600,1.0,0.01,0.01,0.0,0.4,0.0,0.0,emotion,5,1,1.0,400,0.0,1.0,0.0,0.5,7.108,0.875,0.0,0.95,0.0,0.025,0.0,0.0,0.025,0.0,0.0
"[[0, 0], [0, 1]]","[[(1, 1), (0, 0)], [(1, 1), (0, 1)]]",40,1600,1.0,0.01,0.01,0.0,0.4,0.0,0.0,emotion,5,1,1.0,400,0.0,1.0,0.0,0.5,9.871,0.982,0.0,0.625,0.025,0.0,0.35,0.0,0.0,0.0,0.0
"[[0, 0], [0, 1]]","[[(1, 1), (0, 0)], [(1, 1), (0, 1)]]",40,1600,1.0,0.01,0.01,0.0,0.4,0.0,0.0,emotion,5,1,1.0,400,0.0,1.0,0.0,0.5,9.518,0.98,0.0,0.8,0.0,0.0,0.2,0.0,0.0,0.0,0.0
"[[0, 0], [0, 1]]","[[(1, 1), (0, 0)], [(1, 1), (0, 1)]]",40,1600,1.0,0.01,0.01,0.0,0.4,0.0,0.0,emotion,5,1,1.0,400,0.0,1.0,0.0,0.5,7.864,0.927,0.0,0.0,0.4,0.0,0.525,0.0,0.0,0.075,0.0
"[[0, 0], [0, 1]]","[[(1, 1), (0, 0)], [(1, 1), (0, 1)]]",40,1600,1.0,0.01,0.01,0.0,0.4,0.0,0.0,emotion,5,1,1.0,400,0.0,1.0,0.0,0.5,6.757,0.91,0.0,0.75,0.0,0.0,0.15,0.0,0.0,0.0,0.1
"[[0, 0], [0, 1]]","[[(1, 1), (0, 0)], [(1, 1), (0, 1)]]",40,1600,1.0,0.01,0.01,0.0,0.4,0.0,0.0,emotion,5,1,1.0,400,0.0,1.0,0.0,0.5,8.741,0.894,0.0,0.25,0.0,0.0,0.725,0.0,0.0,0.025,0.0
"[[0, 0], [0, 1]]","[[(1, 1), (0, 0)], [(1, 1), (0, 1)]]",40,1600,1.0,0.01,0.01,0.0,0.4,0.0,0.0,emotion,5,1,1.0,400,0.0,1.0,0.0,0.5,9.816,0.966,0.0,0.925,0.0,0.0,0.0,0.0,0.05,0.0,0.025
"[[0, 0], [0, 1]]","[[(1, 1), (0, 0)], [(1, 1), (0, 1)]]",40,1600,1.0,0.01,0.01,0.0,0.4,0.0,0.0,emotion,5,1,1.0,400,0.0,1.0,0.0,1.0,9.062,0.781,0.05,0.0,0.625,0.375,0.0,0.0,0.0,0.0,0.0
"[[0, 0], [0, 1]]","[[(1, 1), (0, 0)], [(1, 1), (0, 1)]]",40,1600,1.0,0.01,0.01,0.0,0.4,0.0,0.0,emotion,5,1,1.0,400,0.0,1.0,0.0,1.0,10.86,0.964,0.0,0.975,0.0,0.0,0.025,0.0,0.0,0.0,0.0
"[[0, 0], [0, 1]]","[[(1, 1), (0, 0)], [(1, 1), (0, 1)]]",40,1600,1.0,0.01,0.01,0.0,0.4,0.0,0.0,emotion,5,1,1.0,400,0.0,1.0,0.0,1.0,35.21,0.71,0.925,0.025,0.0,0.0,0.95,0.0,0.0,0.025,0.0
"[[0, 0], [0, 1]]","[[(1, 1), (0, 0)], [(1, 1), (0, 1)]]",40,1600,1.0,0.01,0.01,0.0,0.4,0.0,0.0,emotion,5,1,1.0,400,0.0,1.0,0.0,1.0,41.527,0.559,0.8,0.025,0.0,0.0,0.975,0.0,0.0,0.0,0.0
"[[0, 0], [0, 1]]","[[(1, 1), (0, 0)], [(1, 1), (0, 1)]]",40,1600,1.0,0.01,0.01,0.0,0.4,0.0,0.0,emotion,5,1,1.0,400,0.0,1.0,0.0,1.0,46.776,0.968,0.0,0.0,0.975,0.0,0.0,0.025,0.0,0.0,0.0
"[[0, 0], [0, 1]]","[[(1, 1), (0, 0)], [(1, 1), (0, 1)]]",40,1600,1.0,0.01,0.01,0.0,0.4,0.0,0.0,emotion,5,1,1.0,400,0.0,1.0,0.0,1.0,54.738,0.414,0.575,0.0,0.0,0.0,0.975,0.0,0.0,0.025,0.0
"[[0, 0], [0, 1]]","[[(1, 1), (0, 0)], [(1, 1), (0, 1)]]",40,1600,1.0,0.01,0.01,0.0,0.4,0.0,0.0,emotion,5,1,1.0,400,0.0,1.0,0.0,1.0,67.765,0.756,1.0,0.0,0.0,0.0,1.0,0.0,0.0,0.0,0.0
"[[0, 0], [0, 1]]","[[(1, 1), (0, 0)], [(1, 1), (0, 1)]]",40,1600,1.0,0.01,0.01,0.0,0.4,0.0,0.0,emotion,5,1,1.0,400,0.0,1.0,0.0,1.0,64.646,0.779,0.95,0.0,0.0,0.0,0.975,0.0,0.0,0.025,0.0
"[[0, 0], [0, 1]]","[[(1, 1), (0, 0)], [(1, 1), (0, 1)]]",40,1600,1.0,0.01,0.01,0.0,0.4,0.0,0.0,emotion,5,1,1.0,400,0.0,1.0,0.0,1.0,67.75,0.854,1.0,0.0,0.0,0.0,1.0,0.0,0.0,0.0,0.0
"[[0, 0], [0, 1]]","[[(1, 1), (0, 0)], [(1, 1), (0, 1)]]",40,1600,1.0,0.01,0.01,0.0,0.4,0.0,0.0,emotion,5,1,1.0,400,0.0,1.0,0.0,1.0,48.864,0.75,0.925,0.0,0.0,0.0,0.95,0.0,0.0,0.05,0.0
"[[0, 0], [0, 1]]","[[(1, 1), (0, 0)], [(1, 1), (0, 1)]]",40,1600,1.0,0.01,0.01,0.0,0.4,0.0,0.0,emotion,5,1,1.0,400,0.0,1.0,0.0,1.0,65.747,0.824,0.975,0.0,0.0,0.0,1.0,0.0,0.0,0.0,0.0
"[[0, 0], [0, 1]]","[[(1, 1), (0, 0)], [(1, 1), (0, 1)]]",40,1600,1.0,0.01,0.01,0.0,0.4,0.0,0.0,emotion,5,1,1.0,400,0.0,1.0,0.0,1.0,62.858,0.732,0.925,0.0,0.0,0.0,1.0,0.0,0.0,0.0,0.0
"[[0, 0], [0, 1]]","[[(1, 1), (0, 0)], [(1, 1), (0, 1)]]",40,1600,1.0,0.01,0.01,0.0,0.4,0.0,0.0,emotion,5,1,1.0,400,0.0,1.0,0.0,1.0,67.381,0.611,0.875,0.0,0.0,0.0,0.75,0.0,0.0,0.0,0.25
"[[0, 0], [0, 1]]","[[(1, 1), (0, 0)], [(1, 1), (0, 1)]]",40,1600,1.0,0.01,0.01,0.0,0.4,0.0,0.0,emotion,5,1,1.0,400,0.0,1.0,0.0,1.0,65.383,0.963,0.0,0.9,0.0,0.0,0.05,0.0,0.05,0.0,0.0
"[[0, 0], [0, 1]]","[[(1, 1), (0, 0)], [(1, 1), (0, 1)]]",40,1600,1.0,0.01,0.01,0.0,0.4,0.0,0.0,emotion,5,1,1.0,400,0.0,1.0,0.0,1.0,66.131,0.994,0.0,1.0,0.0,0.0,0.0,0.0,0.0,0.0,0.0
"[[0, 0], [0, 1]]","[[(1, 1), (0, 0)], [(1, 1), (0, 1)]]",40,1600,1.0,0.01,0.01,0.0,0.4,0.0,0.0,emotion,5,1,1.0,400,0.0,1.0,0.0,1.0,73.442,0.552,0.875,0.0,0.0,0.0,0.95,0.025,0.0,0.025,0.0
"[[0, 0], [0, 1]]","[[(1, 1), (0, 0)], [(1, 1), (0, 1)]]",40,1600,1.0,0.01,0.01,0.0,0.4,0.0,0.0,emotion,5,1,1.0,400,0.0,1.0,0.0,1.0,65.571,0.964,1.0,0.0,0.0,0.0,0.275,0.0,0.0,0.0,0.725
"[[0, 0], [0, 1]]","[[(1, 1), (0, 0)], [(1, 1), (0, 1)]]",40,1600,1.0,0.01,0.01,0.0,0.4,0.0,0.0,emotion,5,1,1.0,400,0.0,1.0,0.0,1.0,76.881,0.471,0.45,0.025,0.0,0.0,0.85,0.075,0.0,0.05,0.0
"[[0, 0], [0, 1]]","[[(1, 1), (0, 0)], [(1, 1), (0, 1)]]",40,1600,1.0,0.01,0.01,0.0,0.4,0.0,0.0,emotion,5,1,1.0,400,0.0,1.0,0.0,1.0,75.23,0.367,0.55,0.025,0.025,0.0,0.9,0.025,0.0,0.025,0.0
"[[0, 0], [0, 1]]","[[(1, 1), (0, 0)], [(1, 1), (0, 1)]]",40,1600,1.0,0.01,0.01,0.0,0.4,0.0,0.0,emotion,5,1,1.0,400,0.0,1.0,0.0,1.0,76.259,0.728,0.9,0.0,0.0,0.0,0.525,0.025,0.025,0.0,0.425
"[[0, 0], [0, 1]]","[[(1, 1), (0, 0)], [(1, 1), (0, 1)]]",40,1600,1.0,0.01,0.01,0.0,0.6,0.0,0.0,emotion,5,1,1.0,400,0.0,1.0,0.0,0.5,9.569,0.99,0.0,0.825,0.0,0.025,0.125,0.0,0.025,0.0,0.0
"[[0, 0], [0, 1]]","[[(1, 1), (0, 0)], [(1, 1), (0, 1)]]",40,1600,1.0,0.01,0.01,0.0,0.6,0.0,0.0,emotion,5,1,1.0,400,0.0,1.0,0.0,0.5,9.053,0.995,0.0,0.7,0.0,0.0,0.3,0.0,0.0,0.0,0.0
"[[0, 0], [0, 1]]","[[(1, 1), (0, 0)], [(1, 1), (0, 1)]]",40,1600,1.0,0.01,0.01,0.0,0.6,0.0,0.0,emotion,5,1,1.0,400,0.0,1.0,0.0,0.5,7.971,0.841,0.0,0.0,0.5,0.45,0.0,0.025,0.025,0.0,0.0
"[[0, 0], [0, 1]]","[[(1, 1), (0, 0)], [(1, 1), (0, 1)]]",40,1600,1.0,0.01,0.01,0.0,0.6,0.0,0.0,emotion,5,1,1.0,400,0.0,1.0,0.0,0.5,8.157,0.781,0.075,0.05,0.0,0.0,0.9,0.05,0.0,0.0,0.0
"[[0, 0], [0, 1]]","[[(1, 1), (0, 0)], [(1, 1), (0, 1)]]",40,1600,1.0,0.01,0.01,0.0,0.6,0.0,0.0,emotion,5,1,1.0,400,0.0,1.0,0.0,0.5,8.909,0.981,0.0,0.975,0.0,0.0,0.025,0.0,0.0,0.0,0.0
"[[0, 0], [0, 1]]","[[(1, 1), (0, 0)], [(1, 1), (0, 1)]]",40,1600,1.0,0.01,0.01,0.0,0.6,0.0,0.0,emotion,5,1,1.0,400,0.0,1.0,0.0,0.5,9.241,0.791,0.0,0.7,0.0,0.0,0.2,0.0,0.1,0.0,0.0
"[[0, 0], [0, 1]]","[[(1, 1), (0, 0)], [(1, 1), (0, 1)]]",40,1600,1.0,0.01,0.01,0.0,0.6,0.0,0.0,emotion,5,1,1.0,400,0.0,1.0,0.0,0.5,7.83,0.976,0.0,0.0,0.4,0.6,0.0,0.0,0.0,0.0,0.0
"[[0, 0], [0, 1]]","[[(1, 1), (0, 0)], [(1, 1), (0, 1)]]",40,1600,1.0,0.01,0.01,0.0,0.6,0.0,0.0,emotion,5,1,1.0,400,0.0,1.0,0.0,0.5,10.909,0.751,0.0,0.05,0.0,0.0,0.85,0.1,0.0,0.0,0.0
"[[0, 0], [0, 1]]","[[(1, 1), (0, 0)], [(1, 1), (0, 1)]]",40,1600,1.0,0.01,0.01,0.0,0.6,0.0,0.0,emotion,5,1,1.0,400,0.0,1.0,0.0,0.5,8.928,0.957,0.0,0.0,0.25,0.675,0.0,0.0,0.075,0.0,0.0
"[[0, 0], [0, 1]]","[[(1, 1), (0, 0)], [(1, 1), (0, 1)]]",40,1600,1.0,0.01,0.01,0.0,0.6,0.0,0.0,emotion,5,1,1.0,400,0.0,1.0,0.0,0.5,11.436,0.98,0.0,0.975,0.0,0.0,0.0,0.0,0.0,0.0,0.025
"[[0, 0], [0, 1]]","[[(1, 1), (0, 0)], [(1, 1), (0, 1)]]",40,1600,1.0,0.01,0.01,0.0,0.6,0.0,0.0,emotion,5,1,1.0,400,0.0,1.0,0.0,0.5,9.589,0.972,0.0,0.0,0.9,0.1,0.0,0.0,0.0,0.0,0.0
"[[0, 0], [0, 1]]","[[(1, 1), (0, 0)], [(1, 1), (0, 1)]]",40,1600,1.0,0.01,0.01,0.0,0.6,0.0,0.0,emotion,5,1,1.0,400,0.0,1.0,0.0,0.5,12.354,0.91,0.025,0.0,0.05,0.175,0.775,0.0,0.0,0.0,0.0
"[[0, 0], [0, 1]]","[[(1, 1), (0, 0)], [(1, 1), (0, 1)]]",40,1600,1.0,0.01,0.01,0.0,0.6,0.0,0.0,emotion,5,1,1.0,400,0.0,1.0,0.0,0.5,9.839,1.0,0.0,0.0,0.95,0.05,0.0,0.0,0.0,0.0,0.0
"[[0, 0], [0, 1]]","[[(1, 1), (0, 0)], [(1, 1), (0, 1)]]",40,1600,1.0,0.01,0.01,0.0,0.6,0.0,0.0,emotion,5,1,1.0,400,0.0,1.0,0.0,0.5,9.217,0.991,0.0,0.0,0.65,0.35,0.0,0.0,0.0,0.0,0.0
"[[0, 0], [0, 1]]","[[(1, 1), (0, 0)], [(1, 1), (0, 1)]]",40,1600,1.0,0.01,0.01,0.0,0.6,0.0,0.0,emotion,5,1,1.0,400,0.0,1.0,0.0,0.5,8.24,0.945,0.0,0.05,0.375,0.0,0.5,0.0,0.0,0.075,0.0
"[[0, 0], [0, 1]]","[[(1, 1), (0, 0)], [(1, 1), (0, 1)]]",40,1600,1.0,0.01,0.01,0.0,0.6,0.0,0.0,emotion,5,1,1.0,400,0.0,1.0,0.0,0.5,10.759,0.994,0.0,0.0,0.725,0.15,0.1,0.025,0.0,0.0,0.0
"[[0, 0], [0, 1]]","[[(1, 1), (0, 0)], [(1, 1), (0, 1)]]",40,1600,1.0,0.01,0.01,0.0,0.6,0.0,0.0,emotion,5,1,1.0,400,0.0,1.0,0.0,0.5,11.212,0.945,0.0,0.95,0.0,0.0,0.0,0.0,0.0,0.0,0.05
"[[0, 0], [0, 1]]","[[(1, 1), (0, 0)], [(1, 1), (0, 1)]]",40,1600,1.0,0.01,0.01,0.0,0.6,0.0,0.0,emotion,5,1,1.0,400,0.0,1.0,0.0,0.5,9.531,0.997,0.0,0.55,0.0,0.0,0.4,0.05,0.0,0.0,0.0
"[[0, 0], [0, 1]]","[[(1, 1), (0, 0)], [(1, 1), (0, 1)]]",40,1600,1.0,0.01,0.01,0.0,0.6,0.0,0.0,emotion,5,1,1.0,400,0.0,1.0,0.0,0.5,17.122,0.56,0.025,0.0,0.175,0.65,0.0,0.0,0.075,0.025,0.075
"[[0, 0], [0, 1]]","[[(1, 1), (0, 0)], [(1, 1), (0, 1)]]",40,1600,1.0,0.01,0.01,0.0,0.6,0.0,0.0,emotion,5,1,1.0,400,0.0,1.0,0.0,0.5,14.153,0.948,0.0,0.0,0.425,0.55,0.0,0.0,0.025,0.0,0.0
"[[0, 0], [0, 1]]","[[(1, 1), (0, 0)], [(1, 1), (0, 1)]]",40,1600,1.0,0.01,0.01,0.0,0.6,0.0,0.0,emotion,5,1,1.0,400,0.0,1.0,0.0,1.0,68.235,0.891,0.95,0.0,0.0,0.0,1.0,0.0,0.0,0.0,0.0
"[[0, 0], [0, 1]]","[[(1, 1), (0, 0)], [(1, 1), (0, 1)]]",40,1600,1.0,0.01,0.01,0.0,0.6,0.0,0.0,emotion,5,1,1.0,400,0.0,1.0,0.0,1.0,78.112,0.936,0.0,0.7,0.025,0.225,0.0,0.0,0.025,0.0,0.025
"[[0, 0], [0, 1]]","[[(1, 1), (0, 0)], [(1, 1), (0, 1)]]",40,1600,1.0,0.01,0.01,0.0,0.6,0.0,0.0,emotion,5,1,1.0,400,0.0,1.0,0.0,1.0,83.426,0.955,0.975,0.0,0.0,0.0,0.95,0.0,0.0,0.05,0.0
"[[0, 0], [0, 1]]","[[(1, 1), (0, 0)], [(1, 1), (0, 1)]]",40,1600,1.0,0.01,0.01,0.0,0.6,0.0,0.0,emotion,5,1,1.0,400,0.0,1.0,0.0,1.0,74.657,0.708,0.95,0.0,0.0,0.0,0.975,0.0,0.0,0.025,0.0
"[[0, 0], [0, 1]]","[[(1, 1), (0, 0)], [(1, 1), (0, 1)]]",40,1600,1.0,0.01,0.01,0.0,0.6,0.0,0.0,emotion,5,1,1.0,400,0.0,1.0,0.0,1.0,83.22,0.949,1.0,0.0,0.0,0.0,1.0,0.0,0.0,0.0,0.0
"[[0, 0], [0, 1]]","[[(1, 1), (0, 0)], [(1, 1), (0, 1)]]",40,1600,1.0,0.01,0.01,0.0,0.6,0.0,0.0,emotion,5,1,1.0,400,0.0,1.0,0.0,1.0,83.305,0.885,0.975,0.0,0.0,0.0,0.95,0.025,0.0,0.0,0.025
"[[0, 0], [0, 1]]","[[(1, 1), (0, 0)], [(1, 1), (0, 1)]]",40,1600,1.0,0.01,0.01,0.0,0.6,0.0,0.0,emotion,5,1,1.0,400,0.0,1.0,0.0,1.0,77.221,0.965,0.0,0.825,0.0,0.0,0.075,0.025,0.05,0.0,0.025
"[[0, 0], [0, 1]]","[[(1, 1), (0, 0)], [(1, 1), (0, 1)]]",40,1600,1.0,0.01,0.01,0.0,0.6,0.0,0.0,emotion,5,1,1.0,400,0.0,1.0,0.0,1.0,76.247,0.896,0.925,0.0,0.0,0.0,1.0,0.0,0.0,0.0,0.0
"[[0, 0], [0, 1]]","[[(1, 1), (0, 0)], [(1, 1), (0, 1)]]",40,1600,1.0,0.01,0.01,0.0,0.6,0.0,0.0,emotion,5,1,1.0,400,0.0,1.0,0.0,1.0,76.57,0.801,0.9,0.0,0.0,0.0,0.95,0.025,0.0,0.025,0.0
"[[0, 0], [0, 1]]","[[(1, 1), (0, 0)], [(1, 1), (0, 1)]]",40,1600,1.0,0.01,0.01,0.0,0.6,0.0,0.0,emotion,5,1,1.0,400,0.0,1.0,0.0,1.0,83.046,0.769,0.9,0.0,0.0,0.0,0.975,0.0,0.0,0.025,0.0
"[[0, 0], [0, 1]]","[[(1, 1), (0, 0)], [(1, 1), (0, 1)]]",40,1600,1.0,0.01,0.01,0.0,0.6,0.0,0.0,emotion,5,1,1.0,400,0.0,1.0,0.0,1.0,79.063,0.896,0.925,0.05,0.0,0.0,0.925,0.0,0.0,0.025,0.0
"[[0, 0], [0, 1]]","[[(1, 1), (0, 0)], [(1, 1), (0, 1)]]",40,1600,1.0,0.01,0.01,0.0,0.6,0.0,0.0,emotion,5,1,1.0,400,0.0,1.0,0.0,1.0,80.867,0.784,0.85,0.0,0.0,0.0,0.975,0.025,0.0,0.0,0.0
"[[0, 0], [0, 1]]","[[(1, 1), (0, 0)], [(1, 1), (0, 1)]]",40,1600,1.0,0.01,0.01,0.0,0.6,0.0,0.0,emotion,5,1,1.0,400,0.0,1.0,0.0,1.0,83.661,0.854,0.925,0.025,0.0,0.0,0.925,0.025,0.0,0.0,0.025
"[[0, 0], [0, 1]]","[[(1, 1), (0, 0)], [(1, 1), (0, 1)]]",40,1600,1.0,0.01,0.01,0.0,0.6,0.0,0.0,emotion,5,1,1.0,400,0.0,1.0,0.0,1.0,78.847,0.953,0.975,0.025,0.0,0.0,0.975,0.0,0.0,0.0,0.0
"[[0, 0], [0, 1]]","[[(1, 1), (0, 0)], [(1, 1), (0, 1)]]",40,1600,1.0,0.01,0.01,0.0,0.6,0.0,0.0,emotion,5,1,1.0,400,0.0,1.0,0.0,1.0,83.85,0.818,0.85,0.0,0.0,0.0,0.9,0.1,0.0,0.0,0.0
"[[0, 0], [0, 1]]","[[(1, 1), (0, 0)], [(1, 1), (0, 1)]]",40,1600,1.0,0.01,0.01,0.0,0.6,0.0,0.0,emotion,5,1,1.0,400,0.0,1.0,0.0,1.0,83.781,0.905,0.95,0.025,0.0,0.0,0.975,0.0,0.0,0.0,0.0
"[[0, 0], [0, 1]]","[[(1, 1), (0, 0)], [(1, 1), (0, 1)]]",40,1600,1.0,0.01,0.01,0.0,0.6,0.0,0.0,emotion,5,1,1.0,400,0.0,1.0,0.0,1.0,83.522,0.512,0.675,0.05,0.0,0.0,0.95,0.0,0.0,0.0,0.0
"[[0, 0], [0, 1]]","[[(1, 1), (0, 0)], [(1, 1), (0, 1)]]",40,1600,1.0,0.01,0.01,0.0,0.6,0.0,0.0,emotion,5,1,1.0,400,0.0,1.0,0.0,1.0,83.405,0.8,0.9,0.0,0.0,0.0,0.975,0.0,0.0,0.025,0.0
"[[0, 0], [0, 1]]","[[(1, 1), (0, 0)], [(1, 1), (0, 1)]]",40,1600,1.0,0.01,0.01,0.0,0.6,0.0,0.0,emotion,5,1,1.0,400,0.0,1.0,0.0,1.0,83.009,0.799,0.925,0.0,0.0,0.0,1.0,0.0,0.0,0.0,0.0
"[[0, 0], [0, 1]]","[[(1, 1), (0, 0)], [(1, 1), (0, 1)]]",40,1600,1.0,0.01,0.01,0.0,0.6,0.0,0.0,emotion,5,1,1.0,400,0.0,1.0,0.0,1.0,84.092,0.859,0.925,0.0,0.0,0.0,1.0,0.0,0.0,0.0,0.0
"[[0, 0], [0, 1]]","[[(1, 1), (0, 0)], [(1, 1), (0, 1)]]",40,1600,1.0,0.01,0.01,0.0,0.8,0.0,0.0,emotion,5,1,1.0,400,0.0,1.0,0.0,0.5,11.043,0.994,0.0,0.0,0.875,0.025,0.05,0.025,0.0,0.025,0.0
"[[0, 0], [0, 1]]","[[(1, 1), (0, 0)], [(1, 1), (0, 1)]]",40,1600,1.0,0.01,0.01,0.0,0.8,0.0,0.0,emotion,5,1,1.0,400,0.0,1.0,0.0,0.5,11.112,0.971,0.0,0.0,0.85,0.125,0.025,0.0,0.0,0.0,0.0
"[[0, 0], [0, 1]]","[[(1, 1), (0, 0)], [(1, 1), (0, 1)]]",40,1600,1.0,0.01,0.01,0.0,0.8,0.0,0.0,emotion,5,1,1.0,400,0.0,1.0,0.0,0.5,10.375,0.999,0.0,1.0,0.0,0.0,0.0,0.0,0.0,0.0,0.0
"[[0, 0], [0, 1]]","[[(1, 1), (0, 0)], [(1, 1), (0, 1)]]",40,1600,1.0,0.01,0.01,0.0,0.8,0.0,0.0,emotion,5,1,1.0,400,0.0,1.0,0.0,0.5,11.192,0.88,0.025,0.15,0.0,0.0,0.825,0.0,0.0,0.025,0.0
"[[0, 0], [0, 1]]","[[(1, 1), (0, 0)], [(1, 1), (0, 1)]]",40,1600,1.0,0.01,0.01,0.0,0.8,0.0,0.0,emotion,5,1,1.0,400,0.0,1.0,0.0,0.5,7.154,0.997,0.0,0.0,0.525,0.425,0.0,0.0,0.0,0.0,0.05
"[[0, 0], [0, 1]]","[[(1, 1), (0, 0)], [(1, 1), (0, 1)]]",40,1600,1.0,0.01,0.01,0.0,0.8,0.0,0.0,emotion,5,1,1.0,400,0.0,1.0,0.0,0.5,10.834,1.0,0.0,0.95,0.0,0.0,0.05,0.0,0.0,0.0,0.0
"[[0, 0], [0, 1]]","[[(1, 1), (0, 0)], [(1, 1), (0, 1)]]",40,1600,1.0,0.01,0.01,0.0,0.8,0.0,0.0,emotion,5,1,1.0,400,0.0,1.0,0.0,0.5,6.464,0.924,0.0,0.0,0.875,0.075,0.0,0.05,0.0,0.0,0.0
"[[0, 0], [0, 1]]","[[(1, 1), (0, 0)], [(1, 1), (0, 1)]]",40,1600,1.0,0.01,0.01,0.0,0.8,0.0,0.0,emotion,5,1,1.0,400,0.0,1.0,0.0,0.5,9.79,0.997,0.0,0.95,0.0,0.0,0.0,0.0,0.05,0.0,0.0
"[[0, 0], [0, 1]]","[[(1, 1), (0, 0)], [(1, 1), (0, 1)]]",40,1600,1.0,0.01,0.01,0.0,0.8,0.0,0.0,emotion,5,1,1.0,400,0.0,1.0,0.0,0.5,8.408,0.893,0.0,0.375,0.0,0.0,0.5,0.0,0.1,0.025,0.0
"[[0, 0], [0, 1]]","[[(1, 1), (0, 0)], [(1, 1), (0, 1)]]",40,1600,1.0,0.01,0.01,0.0,0.8,0.0,0.0,emotion,5,1,1.0,400,0.0,1.0,0.0,0.5,11.069,0.781,0.075,0.0,0.0,0.0,0.95,0.05,0.0,0.0,0.0
"[[0, 0], [0, 1]]","[[(1, 1), (0, 0)], [(1, 1), (0, 1)]]",40,1600,1.0,0.01,0.01,0.0,0.8,0.0,0.0,emotion,5,1,1.0,400,0.0,1.0,0.0,0.5,7.368,1.0,0.0,0.575,0.0,0.0,0.425,0.0,0.0,0.0,0.0
"[[0, 0], [0, 1]]","[[(1, 1), (0, 0)], [(1, 1), (0, 1)]]",40,1600,1.0,0.01,0.01,0.0,0.8,0.0,0.0,emotion,5,1,1.0,400,0.0,1.0,0.0,0.5,12.241,0.975,0.0,0.2,0.0,0.0,0.8,0.0,0.0,0.0,0.0
"[[0, 0], [0, 1]]","[[(1, 1), (0, 0)], [(1, 1), (0, 1)]]",40,1600,1.0,0.01,0.01,0.0,0.8,0.0,0.0,emotion,5,1,1.0,400,0.0,1.0,0.0,0.5,12.038,0.99,0.0,0.9,0.0,0.0,0.075,0.0,0.025,0.0,0.0
"[[0, 0], [0, 1]]","[[(1, 1), (0, 0)], [(1, 1), (0, 1)]]",40,1600,1.0,0.01,0.01,0.0,0.8,0.0,0.0,emotion,5,1,1.0,400,0.0,1.0,0.0,0.5,11.732,0.865,0.0,0.125,0.0,0.0,0.85,0.0,0.0,0.025,0.0
"[[0, 0], [0, 1]]","[[(1, 1), (0, 0)], [(1, 1), (0, 1)]]",40,1600,1.0,0.01,0.01,0.0,0.8,0.0,0.0,emotion,5,1,1.0,400,0.0,1.0,0.0,0.5,11.906,1.0,0.0,0.975,0.0,0.0,0.0,0.0,0.0,0.0,0.025
"[[0, 0], [0, 1]]","[[(1, 1), (0, 0)], [(1, 1), (0, 1)]]",40,1600,1.0,0.01,0.01,0.0,0.8,0.0,0.0,emotion,5,1,1.0,400,0.0,1.0,0.0,0.5,12.362,0.978,0.0,0.975,0.0,0.0,0.025,0.0,0.0,0.0,0.0
"[[0, 0], [0, 1]]","[[(1, 1), (0, 0)], [(1, 1), (0, 1)]]",40,1600,1.0,0.01,0.01,0.0,0.8,0.0,0.0,emotion,5,1,1.0,400,0.0,1.0,0.0,0.5,21.746,0.977,0.0,0.95,0.0,0.0,0.05,0.0,0.0,0.0,0.0
"[[0, 0], [0, 1]]","[[(1, 1), (0, 0)], [(1, 1), (0, 1)]]",40,1600,1.0,0.01,0.01,0.0,0.8,0.0,0.0,emotion,5,1,1.0,400,0.0,1.0,0.0,0.5,14.315,1.0,0.0,0.875,0.0,0.0,0.125,0.0,0.0,0.0,0.0
"[[0, 0], [0, 1]]","[[(1, 1), (0, 0)], [(1, 1), (0, 1)]]",40,1600,1.0,0.01,0.01,0.0,0.8,0.0,0.0,emotion,5,1,1.0,400,0.0,1.0,0.0,0.5,14.886,0.996,0.0,0.825,0.0,0.0,0.175,0.0,0.0,0.0,0.0
"[[0, 0], [0, 1]]","[[(1, 1), (0, 0)], [(1, 1), (0, 1)]]",40,1600,1.0,0.01,0.01,0.0,0.8,0.0,0.0,emotion,5,1,1.0,400,0.0,1.0,0.0,0.5,14.831,0.605,0.275,0.05,0.0,0.0,0.85,0.0,0.0,0.05,0.05
"[[0, 0], [0, 1]]","[[(1, 1), (0, 0)], [(1, 1), (0, 1)]]",40,1600,1.0,0.01,0.01,0.0,0.8,0.0,0.0,emotion,5,1,1.0,400,0.0,1.0,0.0,1.0,68.169,0.972,1.0,0.0,0.0,0.0,1.0,0.0,0.0,0.0,0.0
"[[0, 0], [0, 1]]","[[(1, 1), (0, 0)], [(1, 1), (0, 1)]]",40,1600,1.0,0.01,0.01,0.0,0.8,0.0,0.0,emotion,5,1,1.0,400,0.0,1.0,0.0,1.0,87.44,0.905,0.85,0.0,0.0,0.0,0.975,0.025,0.0,0.0,0.0
"[[0, 0], [0, 1]]","[[(1, 1), (0, 0)], [(1, 1), (0, 1)]]",40,1600,1.0,0.01,0.01,0.0,0.8,0.0,0.0,emotion,5,1,1.0,400,0.0,1.0,0.0,1.0,86.439,0.96,0.95,0.0,0.0,0.0,1.0,0.0,0.0,0.0,0.0
"[[0, 0], [0, 1]]","[[(1, 1), (0, 0)], [(1, 1), (0, 1)]]",40,1600,1.0,0.01,0.01,0.0,0.8,0.0,0.0,emotion,5,1,1.0,400,0.0,1.0,0.0,1.0,87.871,0.904,0.925,0.05,0.0,0.0,0.95,0.0,0.0,0.0,0.0
"[[0, 0], [0, 1]]","[[(1, 1), (0, 0)], [(1, 1), (0, 1)]]",40,1600,1.0,0.01,0.01,0.0,0.8,0.0,0.0,emotion,5,1,1.0,400,0.0,1.0,0.0,1.0,87.58,0.914,0.875,0.025,0.0,0.0,0.925,0.025,0.0,0.025,0.0
"[[0, 0], [0, 1]]","[[(1, 1), (0, 0)], [(1, 1), (0, 1)]]",40,1600,1.0,0.01,0.01,0.0,0.8,0.0,0.0,emotion,5,1,1.0,400,0.0,1.0,0.0,1.0,87.53,0.905,0.875,0.05,0.0,0.0,0.925,0.025,0.0,0.0,0.0
"[[0, 0], [0, 1]]","[[(1, 1), (0, 0)], [(1, 1), (0, 1)]]",40,1600,1.0,0.01,0.01,0.0,0.8,0.0,0.0,emotion,5,1,1.0,400,0.0,1.0,0.0,1.0,87.462,0.859,0.8,0.05,0.0,0.0,0.9,0.0,0.0,0.05,0.0
"[[0, 0], [0, 1]]","[[(1, 1), (0, 0)], [(1, 1), (0, 1)]]",40,1600,1.0,0.01,0.01,0.0,0.8,0.0,0.0,emotion,5,1,1.0,400,0.0,1.0,0.0,1.0,87.777,0.938,0.85,0.05,0.0,0.0,0.6,0.075,0.0,0.0,0.275
"[[0, 0], [0, 1]]","[[(1, 1), (0, 0)], [(1, 1), (0, 1)]]",40,1600,1.0,0.01,0.01,0.0,0.8,0.0,0.0,emotion,5,1,1.0,400,0.0,1.0,0.0,1.0,87.816,0.814,0.775,0.0,0.0,0.0,0.925,0.075,0.0,0.0,0.0
"[[0, 0], [0, 1]]","[[(1, 1), (0, 0)], [(1, 1), (0, 1)]]",40,1600,1.0,0.01,0.01,0.0,0.8,0.0,0.0,emotion,5,1,1.0,400,0.0,1.0,0.0,1.0,87.502,0.978,1.0,0.0,0.0,0.0,1.0,0.0,0.0,0.0,0.0
"[[0, 0], [0, 1]]","[[(1, 1), (0, 0)], [(1, 1), (0, 1)]]",40,1600,1.0,0.01,0.01,0.0,0.8,0.0,0.0,emotion,5,1,1.0,400,0.0,1.0,0.0,1.0,87.76,0.943,0.925,0.0,0.0,0.0,0.975,0.025,0.0,0.0,0.0
"[[0, 0], [0, 1]]","[[(1, 1), (0, 0)], [(1, 1), (0, 1)]]",40,1600,1.0,0.01,0.01,0.0,0.8,0.0,0.0,emotion,5,1,1.0,400,0.0,1.0,0.0,1.0,87.903,0.914,0.95,0.0,0.0,0.0,0.925,0.0,0.0,0.075,0.0
"[[0, 0], [0, 1]]","[[(1, 1), (0, 0)], [(1, 1), (0, 1)]]",40,1600,1.0,0.01,0.01,0.0,0.8,0.0,0.0,emotion,5,1,1.0,400,0.0,1.0,0.0,1.0,87.725,0.956,1.0,0.0,0.0,0.0,1.0,0.0,0.0,0.0,0.0
"[[0, 0], [0, 1]]","[[(1, 1), (0, 0)], [(1, 1), (0, 1)]]",40,1600,1.0,0.01,0.01,0.0,0.8,0.0,0.0,emotion,5,1,1.0,400,0.0,1.0,0.0,1.0,87.933,0.944,0.975,0.0,0.0,0.0,0.975,0.0,0.0,0.025,0.0
"[[0, 0], [0, 1]]","[[(1, 1), (0, 0)], [(1, 1), (0, 1)]]",40,1600,1.0,0.01,0.01,0.0,0.8,0.0,0.0,emotion,5,1,1.0,400,0.0,1.0,0.0,1.0,87.567,0.918,0.9,0.0,0.0,0.0,0.95,0.025,0.0,0.025,0.0
"[[0, 0], [0, 1]]","[[(1, 1), (0, 0)], [(1, 1), (0, 1)]]",40,1600,1.0,0.01,0.01,0.0,0.8,0.0,0.0,emotion,5,1,1.0,400,0.0,1.0,0.0,1.0,87.523,0.739,0.6,0.075,0.0,0.0,0.875,0.025,0.0,0.025,0.0
"[[0, 0], [0, 1]]","[[(1, 1), (0, 0)], [(1, 1), (0, 1)]]",40,1600,1.0,0.01,0.01,0.0,0.8,0.0,0.0,emotion,5,1,1.0,400,0.0,1.0,0.0,1.0,87.847,0.931,0.95,0.0,0.0,0.0,0.975,0.0,0.0,0.025,0.0
"[[0, 0], [0, 1]]","[[(1, 1), (0, 0)], [(1, 1), (0, 1)]]",40,1600,1.0,0.01,0.01,0.0,0.8,0.0,0.0,emotion,5,1,1.0,400,0.0,1.0,0.0,1.0,87.521,0.831,0.85,0.0,0.0,0.0,0.975,0.0,0.025,0.0,0.0
"[[0, 0], [0, 1]]","[[(1, 1), (0, 0)], [(1, 1), (0, 1)]]",40,1600,1.0,0.01,0.01,0.0,0.8,0.0,0.0,emotion,5,1,1.0,400,0.0,1.0,0.0,1.0,87.748,0.656,0.65,0.0,0.0,0.0,0.95,0.05,0.0,0.0,0.0
"[[0, 0], [0, 1]]","[[(1, 1), (0, 0)], [(1, 1), (0, 1)]]",40,1600,1.0,0.01,0.01,0.0,0.8,0.0,0.0,emotion,5,1,1.0,400,0.0,1.0,0.0,1.0,87.666,0.924,0.875,0.0,0.0,0.0,0.95,0.025,0.0,0.025,0.0
"[[0, 0], [0, 1]]","[[(0, 1), (1, 0)], [(0, 1), (0, 1)]]",40,1600,1.0,0.01,0.01,0.0,0.4,0.0,0.0,emotion,5,1,1.0,400,0.0,1.0,0.0,0.5,7.122,0.713,0.0,0.2,0.025,0.0,0.6,0.1,0.0,0.025,0.05
"[[0, 0], [0, 1]]","[[(0, 1), (1, 0)], [(0, 1), (0, 1)]]",40,1600,1.0,0.01,0.01,0.0,0.4,0.0,0.0,emotion,5,1,1.0,400,0.0,1.0,0.0,0.5,6.703,0.944,0.0,0.0,0.225,0.75,0.0,0.0,0.025,0.0,0.0
"[[0, 0], [0, 1]]","[[(0, 1), (1, 0)], [(0, 1), (0, 1)]]",40,1600,1.0,0.01,0.01,0.0,0.4,0.0,0.0,emotion,5,1,1.0,400,0.0,1.0,0.0,0.5,5.452,0.984,0.0,0.0,0.8,0.175,0.0,0.0,0.0,0.025,0.0
"[[0, 0], [0, 1]]","[[(0, 1), (1, 0)], [(0, 1), (0, 1)]]",40,1600,1.0,0.01,0.01,0.0,0.4,0.0,0.0,emotion,5,1,1.0,400,0.0,1.0,0.0,0.5,4.728,0.99,0.0,0.0,0.7,0.25,0.0,0.025,0.0,0.0,0.025
"[[0, 0], [0, 1]]","[[(0, 1), (1, 0)], [(0, 1), (0, 1)]]",40,1600,1.0,0.01,0.01,0.0,0.4,0.0,0.0,emotion,5,1,1.0,400,0.0,1.0,0.0,0.5,5.394,0.994,0.0,0.0,1.0,0.0,0.0,0.0,0.0,0.0,0.0
"[[0, 0], [0, 1]]","[[(0, 1), (1, 0)], [(0, 1), (0, 1)]]",40,1600,1.0,0.01,0.01,0.0,0.4,0.0,0.0,emotion,5,1,1.0,400,0.0,1.0,0.0,0.5,6.347,1.0,0.0,0.0,0.775,0.225,0.0,0.0,0.0,0.0,0.0
"[[0, 0], [0, 1]]","[[(0, 1), (1, 0)], [(0, 1), (0, 1)]]",40,1600,1.0,0.01,0.01,0.0,0.4,0.0,0.0,emotion,5,1,1.0,400,0.0,1.0,0.0,0.5,5.154,0.985,0.0,0.0,0.475,0.5,0.0,0.025,0.0,0.0,0.0
"[[0, 0], [0, 1]]","[[(0, 1), (1, 0)], [(0, 1), (0, 1)]]",40,1600,1.0,0.01,0.01,0.0,0.4,0.0,0.0,emotion,5,1,1.0,400,0.0,1.0,0.0,0.5,5.363,0.999,0.0,0.0,1.0,0.0,0.0,0.0,0.0,0.0,0.0
"[[0, 0], [0, 1]]","[[(0, 1), (1, 0)], [(0, 1), (0, 1)]]",40,1600,1.0,0.01,0.01,0.0,0.4,0.0,0.0,emotion,5,1,1.0,400,0.0,1.0,0.0,0.5,5.102,0.988,0.0,0.0,0.825,0.15,0.0,0.0,0.0,0.025,0.0
"[[0, 0], [0, 1]]","[[(0, 1), (1, 0)], [(0, 1), (0, 1)]]",40,1600,1.0,0.01,0.01,0.0,0.4,0.0,0.0,emotion,5,1,1.0,400,0.0,1.0,0.0,0.5,6.782,0.999,0.0,0.975,0.0,0.0,0.025,0.0,0.0,0.0,0.0
"[[0, 0], [0, 1]]","[[(0, 1), (1, 0)], [(0, 1), (0, 1)]]",40,1600,1.0,0.01,0.01,0.0,0.4,0.0,0.0,emotion,5,1,1.0,400,0.0,1.0,0.0,0.5,7.935,0.77,0.0,0.025,0.0,0.0,0.9,0.0,0.0,0.075,0.0
"[[0, 0], [0, 1]]","[[(0, 1), (1, 0)], [(0, 1), (0, 1)]]",40,1600,1.0,0.01,0.01,0.0,0.4,0.0,0.0,emotion,5,1,1.0,400,0.0,1.0,0.0,0.5,5.267,0.94,0.0,0.0,0.6,0.35,0.0,0.0,0.0,0.05,0.0
"[[0, 0], [0, 1]]","[[(0, 1), (1, 0)], [(0, 1), (0, 1)]]",40,1600,1.0,0.01,0.01,0.0,0.4,0.0,0.0,emotion,5,1,1.0,400,0.0,1.0,0.0,0.5,5.868,0.653,0.0,0.0,0.875,0.0,0.0,0.05,0.0,0.075,0.0
"[[0, 0], [0, 1]]","[[(0, 1), (1, 0)], [(0, 1), (0, 1)]]",40,1600,1.0,0.01,0.01,0.0,0.4,0.0,0.0,emotion,5,1,1.0,400,0.0,1.0,0.0,0.5,5.136,0.98,0.0,0.0,0.575,0.075,0.325,0.0,0.0,0.025,0.0
"[[0, 0], [0, 1]]","[[(0, 1), (1, 0)], [(0, 1), (0, 1)]]",40,1600,1.0,0.01,0.01,0.0,0.4,0.0,0.0,emotion,5,1,1.0,400,0.0,1.0,0.0,0.5,10.622,0.924,0.0,0.075,0.0,0.0,0.9,0.025,0.0,0.0,0.0
"[[0, 0], [0, 1]]","[[(0, 1), (1, 0)], [(0, 1), (0, 1)]]",40,1600,1.0,0.01,0.01,0.0,0.4,0.0,0.0,emotion,5,1,1.0,400,0.0,1.0,0.0,0.5,9.507,1.0,0.0,1.0,0.0,0.0,0.0,0.0,0.0,0.0,0.0
"[[0, 0], [0, 1]]","[[(0, 1), (1, 0)], [(0, 1), (0, 1)]]",40,1600,1.0,0.01,0.01,0.0,0.4,0.0,0.0,emotion,5,1,1.0,400,0.0,1.0,0.0,0.5,5.182,0.877,0.0,0.0,0.775,0.1,0.0,0.05,0.0,0.05,0.025
"[[0, 0], [0, 1]]","[[(0, 1), (1, 0)], [(0, 1), (0, 1)]]",40,1600,1.0,0.01,0.01,0.0,0.4,0.0,0.0,emotion,5,1,1.0,400,0.0,1.0,0.0,0.5,5.38,0.975,0.0,0.0,0.85,0.15,0.0,0.0,0.0,0.0,0.0
"[[0, 0], [0, 1]]","[[(0, 1), (1, 0)], [(0, 1), (0, 1)]]",40,1600,1.0,0.01,0.01,0.0,0.4,0.0,0.0,emotion,5,1,1.0,400,0.0,1.0,0.0,0.5,10.619,0.997,0.0,0.275,0.0,0.0,0.725,0.0,0.0,0.0,0.0
"[[0, 0], [0, 1]]","[[(0, 1), (1, 0)], [(0, 1), (0, 1)]]",40,1600,1.0,0.01,0.01,0.0,0.4,0.0,0.0,emotion,5,1,1.0,400,0.0,1.0,0.0,0.5,7.357,0.884,0.0,0.0,0.175,0.775,0.0,0.0,0.05,0.0,0.0
"[[0, 0], [0, 1]]","[[(0, 1), (1, 0)], [(0, 1), (0, 1)]]",40,1600,1.0,0.01,0.01,0.0,0.4,0.0,0.0,emotion,5,1,1.0,400,0.0,1.0,0.0,1.0,5.251,0.716,0.0,0.0,0.875,0.1,0.0,0.0,0.0,0.025,0.0
"[[0, 0], [0, 1]]","[[(0, 1), (1, 0)], [(0, 1), (0, 1)]]",40,1600,1.0,0.01,0.01,0.0,0.4,0.0,0.0,emotion,5,1,1.0,400,0.0,1.0,0.0,1.0,5.134,0.959,0.0,0.0,0.65,0.35,0.0,0.0,0.0,0.0,0.0
"[[0, 0], [0, 1]]","[[(0, 1), (1, 0)], [(0, 1), (0, 1)]]",40,1600,1.0,0.01,0.01,0.0,0.4,0.0,0.0,emotion,5,1,1.0,400,0.0,1.0,0.0,1.0,5.613,0.999,0.0,0.0,0.925,0.075,0.0,0.0,0.0,0.0,0.0
"[[0, 0], [0, 1]]","[[(0, 1), (1, 0)], [(0, 1), (0, 1)]]",40,1600,1.0,0.01,0.01,0.0,0.4,0.0,0.0,emotion,5,1,1.0,400,0.0,1.0,0.0,1.0,5.992,0.625,0.05,0.0,0.925,0.0,0.0,0.0,0.05,0.0,0.025
"[[0, 0], [0, 1]]","[[(0, 1), (1, 0)], [(0, 1), (0, 1)]]",40,1600,1.0,0.01,0.01,0.0,0.4,0.0,0.0,emotion,5,1,1.0,400,0.0,1.0,0.0,1.0,41.093,0.609,0.875,0.025,0.0,0.0,0.925,0.025,0.0,0.025,0.0
"[[0, 0], [0, 1]]","[[(0, 1), (1, 0)], [(0, 1), (0, 1)]]",40,1600,1.0,0.01,0.01,0.0,0.4,0.0,0.0,emotion,5,1,1.0,400,0.0,1.0,0.0,1.0,62.146,0.639,0.225,0.125,0.0,0.0,0.85,0.025,0.0,0.0,0.0
"[[0, 0], [0, 1]]","[[(0, 1), (1, 0)], [(0, 1), (0, 1)]]",40,1600,1.0,0.01,0.01,0.0,0.4,0.0,0.0,emotion,5,1,1.0,400,0.0,1.0,0.0,1.0,60.738,0.512,0.725,0.025,0.0,0.0,0.85,0.025,0.0,0.1,0.0
"[[0, 0], [0, 1]]","[[(0, 1), (1, 0)], [(0, 1), (0, 1)]]",40,1600,1.0,0.01,0.01,0.0,0.4,0.0,0.0,emotion,5,1,1.0,400,0.0,1.0,0.0,1.0,74.816,0.38,0.775,0.025,0.0,0.0,0.925,0.05,0.0,0.0,0.0
"[[0, 0], [0, 1]]","[[(0, 1), (1, 0)], [(0, 1), (0, 1)]]",40,1600,1.0,0.01,0.01,0.0,0.4,0.0,0.0,emotion,5,1,1.0,400,0.0,1.0,0.0,1.0,66.382,0.597,0.95,0.0,0.0,0.0,0.925,0.0,0.0,0.05,0.025
"[[0, 0], [0, 1]]","[[(0, 1), (1, 0)], [(0, 1), (0, 1)]]",40,1600,1.0,0.01,0.01,0.0,0.4,0.0,0.0,emotion,5,1,1.0,400,0.0,1.0,0.0,1.0,69.161,0.45,0.525,0.075,0.0,0.0,0.925,0.0,0.0,0.0,0.0
"[[0, 0], [0, 1]]","[[(0, 1), (1, 0)], [(0, 1), (0, 1)]]",40,1600,1.0,0.01,0.01,0.0,0.4,0.0,0.0,emotion,5,1,1.0,400,0.0,1.0,0.0,1.0,71.504,0.464,0.475,0.025,0.0,0.0,0.975,0.0,0.0,0.0,0.0
"[[0, 0], [0, 1]]","[[(0, 1), (1, 0)], [(0, 1), (0, 1)]]",40,1600,1.0,0.01,0.01,0.0,0.4,0.0,0.0,emotion,5,1,1.0,400,0.0,1.0,0.0,1.0,66.125,0.923,0.0,0.85,0.0,0.0,0.025,0.0,0.025,0.0,0.1
"[[0, 0], [0, 1]]","[[(0, 1), (1, 0)], [(0, 1), (0, 1)]]",40,1600,1.0,0.01,0.01,0.0,0.4,0.0,0.0,emotion,5,1,1.0,400,0.0,1.0,0.0,1.0,66.87,0.771,0.85,0.075,0.0,0.025,0.35,0.025,0.0,0.025,0.5
"[[0, 0], [0, 1]]","[[(0, 1), (1, 0)], [(0, 1), (0, 1)]]",40,1600,1.0,0.01,0.01,0.0,0.4,0.0,0.0,emotion,5,1,1.0,400,0.0,1.0,0.0,1.0,69.396,0.766,0.975,0.0,0.0,0.0,0.975,0.025,0.0,0.0,0.0
"[[0, 0], [0, 1]]","[[(0, 1), (1, 0)], [(0, 1), (0, 1)]]",40,1600,1.0,0.01,0.01,0.0,0.4,0.0,0.0,emotion,5,1,1.0,400,0.0,1.0,0.0,1.0,72.152,0.999,0.0,0.95,0.0,0.0,0.0,0.0,0.05,0.0,0.0
"[[0, 0], [0, 1]]","[[(0, 1), (1, 0)], [(0, 1), (0, 1)]]",40,1600,1.0,0.01,0.01,0.0,0.4,0.0,0.0,emotion,5,1,1.0,400,0.0,1.0,0.0,1.0,72.597,0.69,0.95,0.025,0.0,0.0,0.975,0.0,0.0,0.0,0.0
"[[0, 0], [0, 1]]","[[(0, 1), (1, 0)], [(0, 1), (0, 1)]]",40,1600,1.0,0.01,0.01,0.0,0.4,0.0,0.0,emotion,5,1,1.0,400,0.0,1.0,0.0,1.0,73.529,0.767,0.9,0.0,0.0,0.0,0.975,0.025,0.0,0.0,0.0
"[[0, 0], [0, 1]]","[[(0, 1), (1, 0)], [(0, 1), (0, 1)]]",40,1600,1.0,0.01,0.01,0.0,0.4,0.0,0.0,emotion,5,1,1.0,400,0.0,1.0,0.0,1.0,75.608,0.528,0.875,0.0,0.0,0.0,1.0,0.0,0.0,0.0,0.0
"[[0, 0], [0, 1]]","[[(0, 1), (1, 0)], [(0, 1), (0, 1)]]",40,1600,1.0,0.01,0.01,0.0,0.4,0.0,0.0,emotion,5,1,1.0,400,0.0,1.0,0.0,1.0,76.596,0.48,0.725,0.025,0.0,0.0,0.925,0.05,0.0,0.0,0.0
"[[0, 0], [0, 1]]","[[(0, 1), (1, 0)], [(0, 1), (0, 1)]]",40,1600,1.0,0.01,0.01,0.0,0.4,0.0,0.0,emotion,5,1,1.0,400,0.0,1.0,0.0,1.0,77.492,0.799,0.9,0.0,0.0,0.0,0.975,0.025,0.0,0.0,0.0
"[[0, 0], [0, 1]]","[[(0, 1), (1, 0)], [(0, 1), (0, 1)]]",40,1600,1.0,0.01,0.01,0.0,0.6,0.0,0.0,emotion,5,1,1.0,400,0.0,1.0,0.0,0.5,5.699,0.994,0.0,0.0,0.85,0.1,0.0,0.05,0.0,0.0,0.0
"[[0, 0], [0, 1]]","[[(0, 1), (1, 0)], [(0, 1), (0, 1)]]",40,1600,1.0,0.01,0.01,0.0,0.6,0.0,0.0,emotion,5,1,1.0,400,0.0,1.0,0.0,0.5,5.983,0.978,0.0,0.0,0.55,0.425,0.0,0.025,0.0,0.0,0.0
"[[0, 0], [0, 1]]","[[(0, 1), (1, 0)], [(0, 1), (0, 1)]]",40,1600,1.0,0.01,0.01,0.0,0.6,0.0,0.0,emotion,5,1,1.0,400,0.0,1.0,0.0,0.5,10.567,0.969,0.0,0.0,0.0,0.0,1.0,0.0,0.0,0.0,0.0
"[[0, 0], [0, 1]]","[[(0, 1), (1, 0)], [(0, 1), (0, 1)]]",40,1600,1.0,0.01,0.01,0.0,0.6,0.0,0.0,emotion,5,1,1.0,400,0.0,1.0,0.0,0.5,5.143,0.996,0.0,0.0,0.925,0.05,0.0,0.0,0.0,0.025,0.0
"[[0, 0], [0, 1]]","[[(0, 1), (1, 0)], [(0, 1), (0, 1)]]",40,1600,1.0,0.01,0.01,0.0,0.6,0.0,0.0,emotion,5,1,1.0,400,0.0,1.0,0.0,0.5,5.095,0.993,0.0,0.0,0.975,0.025,0.0,0.0,0.0,0.0,0.0
"[[0, 0], [0, 1]]","[[(0, 1), (1, 0)], [(0, 1), (0, 1)]]",40,1600,1.0,0.01,0.01,0.0,0.6,0.0,0.0,emotion,5,1,1.0,400,0.0,1.0,0.0,0.5,5.893,0.975,0.0,0.0,0.85,0.15,0.0,0.0,0.0,0.0,0.0
"[[0, 0], [0, 1]]","[[(0, 1), (1, 0)], [(0, 1), (0, 1)]]",40,1600,1.0,0.01,0.01,0.0,0.6,0.0,0.0,emotion,5,1,1.0,400,0.0,1.0,0.0,0.5,6.723,0.991,0.0,0.0,0.9,0.05,0.0,0.0,0.0,0.025,0.025
"[[0, 0], [0, 1]]","[[(0, 1), (1, 0)], [(0, 1), (0, 1)]]",40,1600,1.0,0.01,0.01,0.0,0.6,0.0,0.0,emotion,5,1,1.0,400,0.0,1.0,0.0,0.5,9.622,0.949,0.0,0.075,0.0,0.0,0.925,0.0,0.0,0.0,0.0
"[[0, 0], [0, 1]]","[[(0, 1), (1, 0)], [(0, 1), (0, 1)]]",40,1600,1.0,0.01,0.01,0.0,0.6,0.0,0.0,emotion,5,1,1.0,400,0.0,1.0,0.0,0.5,5.378,0.964,0.0,0.0,0.6,0.325,0.0,0.0,0.0,0.0,0.075
"[[0, 0], [0, 1]]","[[(0, 1), (1, 0)], [(0, 1), (0, 1)]]",40,1600,1.0,0.01,0.01,0.0,0.6,0.0,0.0,emotion,5,1,1.0,400,0.0,1.0,0.0,0.5,12.207,1.0,0.0,0.9,0.0,0.0,0.075,0.0,0.0,0.0,0.025
"[[0, 0], [0, 1]]","[[(0, 1), (1, 0)], [(0, 1), (0, 1)]]",40,1600,1.0,0.01,0.01,0.0,0.6,0.0,0.0,emotion,5,1,1.0,400,0.0,1.0,0.0,0.5,6.53,0.963,0.0,0.0,0.6,0.35,0.0,0.0,0.0,0.0,0.05
"[[0, 0], [0, 1]]","[[(0, 1), (1, 0)], [(0, 1), (0, 1)]]",40,1600,1.0,0.01,0.01,0.0,0.6,0.0,0.0,emotion,5,1,1.0,400,0.0,1.0,0.0,0.5,6.729,0.978,0.0,0.0,0.925,0.075,0.0,0.0,0.0,0.0,0.0
"[[0, 0], [0, 1]]","[[(0, 1), (1, 0)], [(0, 1), (0, 1)]]",40,1600,1.0,0.01,0.01,0.0,0.6,0.0,0.0,emotion,5,1,1.0,400,0.0,1.0,0.0,0.5,6.502,1.0,0.0,0.0,0.675,0.325,0.0,0.0,0.0,0.0,0.0
"[[0, 0], [0, 1]]","[[(0, 1), (1, 0)], [(0, 1), (0, 1)]]",40,1600,1.0,0.01,0.01,0.0,0.6,0.0,0.0,emotion,5,1,1.0,400,0.0,1.0,0.0,0.5,11.872,0.835,0.0,0.025,0.0,0.0,0.95,0.0,0.0,0.025,0.0
"[[0, 0], [0, 1]]","[[(0, 1), (1, 0)], [(0, 1), (0, 1)]]",40,1600,1.0,0.01,0.01,0.0,0.6,0.0,0.0,emotion,5,1,1.0,400,0.0,1.0,0.0,0.5,9.601,0.695,0.0,0.025,0.0,0.0,0.9,0.025,0.0,0.05,0.0
"[[0, 0], [0, 1]]","[[(0, 1), (1, 0)], [(0, 1), (0, 1)]]",40,1600,1.0,0.01,0.01,0.0,0.6,0.0,0.0,emotion,5,1,1.0,400,0.0,1.0,0.0,0.5,13.451,0.859,0.0,0.0,0.0,0.0,0.975,0.025,0.0,0.0,0.0
"[[0, 0], [0, 1]]","[[(0, 1), (1, 0)], [(0, 1), (0, 1)]]",40,1600,1.0,0.01,0.01,0.0,0.6,0.0,0.0,emotion,5,1,1.0,400,0.0,1.0,0.0,0.5,10.438,0.924,0.0,0.175,0.0,0.0,0.8,0.0,0.025,0.0,0.0
"[[0, 0], [0, 1]]","[[(0, 1), (1, 0)], [(0, 1), (0, 1)]]",40,1600,1.0,0.01,0.01,0.0,0.6,0.0,0.0,emotion,5,1,1.0,400,0.0,1.0,0.0,0.5,12.131,0.999,0.0,0.7,0.0,0.0,0.25,0.0,0.025,0.0,0.025
"[[0, 0], [0, 1]]","[[(0, 1), (1, 0)], [(0, 1), (0, 1)]]",40,1600,1.0,0.01,0.01,0.0,0.6,0.0,0.0,emotion,5,1,1.0,400,0.0,1.0,0.0,0.5,11.59,0.722,0.1,0.2,0.0,0.0,0.625,0.075,0.025,0.05,0.025
"[[0, 0], [0, 1]]","[[(0, 1), (1, 0)], [(0, 1), (0, 1)]]",40,1600,1.0,0.01,0.01,0.0,0.6,0.0,0.0,emotion,5,1,1.0,400,0.0,1.0,0.0,0.5,17.939,0.995,0.0,0.0,1.0,0.0,0.0,0.0,0.0,0.0,0.0
"[[0, 0], [0, 1]]","[[(0, 1), (1, 0)], [(0, 1), (0, 1)]]",40,1600,1.0,0.01,0.01,0.0,0.6,0.0,0.0,emotion,5,1,1.0,400,0.0,1.0,0.0,1.0,6.22,0.975,0.025,0.0,0.9,0.075,0.0,0.0,0.0,0.025,0.0
"[[0, 0], [0, 1]]","[[(0, 1), (1, 0)], [(0, 1), (0, 1)]]",40,1600,1.0,0.01,0.01,0.0,0.6,0.0,0.0,emotion,5,1,1.0,400,0.0,1.0,0.0,1.0,5.913,0.976,0.025,0.0,0.9,0.025,0.05,0.0,0.0,0.025,0.0
"[[0, 0], [0, 1]]","[[(0, 1), (1, 0)], [(0, 1), (0, 1)]]",40,1600,1.0,0.01,0.01,0.0,0.6,0.0,0.0,emotion,5,1,1.0,400,0.0,1.0,0.0,1.0,5.622,0.994,0.0,0.0,0.5,0.5,0.0,0.0,0.0,0.0,0.0
"[[0, 0], [0, 1]]","[[(0, 1), (1, 0)], [(0, 1), (0, 1)]]",40,1600,1.0,0.01,0.01,0.0,0.6,0.0,0.0,emotion,5,1,1.0,400,0.0,1.0,0.0,1.0,5.84,0.635,0.225,0.0,0.625,0.25,0.0,0.025,0.0,0.1,0.0
"[[0, 0], [0, 1]]","[[(0, 1), (1, 0)], [(0, 1), (0, 1)]]",40,1600,1.0,0.01,0.01,0.0,0.6,0.0,0.0,emotion,5,1,1.0,400,0.0,1.0,0.0,1.0,37.735,0.749,0.8,0.0,0.0,0.0,0.875,0.1,0.0,0.025,0.0
"[[0, 0], [0, 1]]","[[(0, 1), (1, 0)], [(0, 1), (0, 1)]]",40,1600,1.0,0.01,0.01,0.0,0.6,0.0,0.0,emotion,5,1,1.0,400,0.0,1.0,0.0,1.0,80.287,0.884,0.9,0.0,0.0,0.0,0.8,0.0,0.0,0.0,0.2
"[[0, 0], [0, 1]]","[[(0, 1), (1, 0)], [(0, 1), (0, 1)]]",40,1600,1.0,0.01,0.01,0.0,0.6,0.0,0.0,emotion,5,1,1.0,400,0.0,1.0,0.0,1.0,81.419,0.699,0.925,0.0,0.0,0.0,0.95,0.05,0.0,0.0,0.0
"[[0, 0], [0, 1]]","[[(0, 1), (1, 0)], [(0, 1), (0, 1)]]",40,1600,1.0,0.01,0.01,0.0,0.6,0.0,0.0,emotion,5,1,1.0,400,0.0,1.0,0.0,1.0,83.989,0.745,0.85,0.025,0.0,0.0,0.925,0.025,0.0,0.025,0.0
"[[0, 0], [0, 1]]","[[(0, 1), (1, 0)], [(0, 1), (0, 1)]]",40,1600,1.0,0.01,0.01,0.0,0.6,0.0,0.0,emotion,5,1,1.0,400,0.0,1.0,0.0,1.0,81.549,0.922,0.975,0.0,0.0,0.0,1.0,0.0,0.0,0.0,0.0
"[[0, 0], [0, 1]]","[[(0, 1), (1, 0)], [(0, 1), (0, 1)]]",40,1600,1.0,0.01,0.01,0.0,0.6,0.0,0.0,emotion,5,1,1.0,400,0.0,1.0,0.0,1.0,83.169,0.801,0.9,0.0,0.0,0.0,0.95,0.05,0.0,0.0,0.0
"[[0, 0], [0, 1]]","[[(0, 1), (1, 0)], [(0, 1), (0, 1)]]",40,1600,1.0,0.01,0.01,0.0,0.6,0.0,0.0,emotion,5,1,1.0,400,0.0,1.0,0.0,1.0,78.42,0.826,0.925,0.0,0.0,0.0,0.95,0.0,0.0,0.05,0.0
"[[0, 0], [0, 1]]","[[(0, 1), (1, 0)], [(0, 1), (0, 1)]]",40,1600,1.0,0.01,0.01,0.0,0.6,0.0,0.0,emotion,5,1,1.0,400,0.0,1.0,0.0,1.0,83.022,0.826,0.95,0.0,0.0,0.0,0.95,0.0,0.0,0.05,0.0
"[[0, 0], [0, 1]]","[[(0, 1), (1, 0)], [(0, 1), (0, 1)]]",40,1600,1.0,0.01,0.01,0.0,0.6,0.0,0.0,emotion,5,1,1.0,400,0.0,1.0,0.0,1.0,83.236,0.677,0.75,0.0,0.0,0.0,0.925,0.05,0.0,0.0,0.025
"[[0, 0], [0, 1]]","[[(0, 1), (1, 0)], [(0, 1), (0, 1)]]",40,1600,1.0,0.01,0.01,0.0,0.6,0.0,0.0,emotion,5,1,1.0,400,0.0,1.0,0.0,1.0,82.226,0.769,0.75,0.025,0.0,0.0,0.825,0.1,0.0,0.025,0.025
"[[0, 0], [0, 1]]","[[(0, 1), (1, 0)], [(0, 1), (0, 1)]]",40,1600,1.0,0.01,0.01,0.0,0.6,0.0,0.0,emotion,5,1,1.0,400,0.0,1.0,0.0,1.0,79.962,0.904,0.975,0.0,0.0,0.0,1.0,0.0,0.0,0.0,0.0
"[[0, 0], [0, 1]]","[[(0, 1), (1, 0)], [(0, 1), (0, 1)]]",40,1600,1.0,0.01,0.01,0.0,0.6,0.0,0.0,emotion,5,1,1.0,400,0.0,1.0,0.0,1.0,83.23,0.818,0.9,0.05,0.0,0.0,0.95,0.0,0.0,0.0,0.0
"[[0, 0], [0, 1]]","[[(0, 1), (1, 0)], [(0, 1), (0, 1)]]",40,1600,1.0,0.01,0.01,0.0,0.6,0.0,0.0,emotion,5,1,1.0,400,0.0,1.0,0.0,1.0,83.251,0.838,0.95,0.025,0.0,0.0,0.975,0.0,0.0,0.0,0.0
"[[0, 0], [0, 1]]","[[(0, 1), (1, 0)], [(0, 1), (0, 1)]]",40,1600,1.0,0.01,0.01,0.0,0.6,0.0,0.0,emotion,5,1,1.0,400,0.0,1.0,0.0,1.0,83.393,0.858,0.875,0.0,0.0,0.0,0.975,0.025,0.0,0.0,0.0
"[[0, 0], [0, 1]]","[[(0, 1), (1, 0)], [(0, 1), (0, 1)]]",40,1600,1.0,0.01,0.01,0.0,0.6,0.0,0.0,emotion,5,1,1.0,400,0.0,1.0,0.0,1.0,83.336,0.829,0.925,0.0,0.0,0.0,0.925,0.025,0.0,0.05,0.0
"[[0, 0], [0, 1]]","[[(0, 1), (1, 0)], [(0, 1), (0, 1)]]",40,1600,1.0,0.01,0.01,0.0,0.6,0.0,0.0,emotion,5,1,1.0,400,0.0,1.0,0.0,1.0,83.52,0.666,0.9,0.025,0.0,0.0,0.95,0.0,0.0,0.025,0.0
"[[0, 0], [0, 1]]","[[(0, 1), (1, 0)], [(0, 1), (0, 1)]]",40,1600,1.0,0.01,0.01,0.0,0.8,0.0,0.0,emotion,5,1,1.0,400,0.0,1.0,0.0,0.5,5.069,1.0,0.0,0.05,0.0,0.0,0.95,0.0,0.0,0.0,0.0
"[[0, 0], [0, 1]]","[[(0, 1), (1, 0)], [(0, 1), (0, 1)]]",40,1600,1.0,0.01,0.01,0.0,0.8,0.0,0.0,emotion,5,1,1.0,400,0.0,1.0,0.0,0.5,5.419,0.976,0.0,0.0,0.975,0.0,0.0,0.0,0.0,0.025,0.0
"[[0, 0], [0, 1]]","[[(0, 1), (1, 0)], [(0, 1), (0, 1)]]",40,1600,1.0,0.01,0.01,0.0,0.8,0.0,0.0,emotion,5,1,1.0,400,0.0,1.0,0.0,0.5,5.506,0.997,0.0,0.0,0.725,0.25,0.0,0.0,0.0,0.025,0.0
"[[0, 0], [0, 1]]","[[(0, 1), (1, 0)], [(0, 1), (0, 1)]]",40,1600,1.0,0.01,0.01,0.0,0.8,0.0,0.0,emotion,5,1,1.0,400,0.0,1.0,0.0,0.5,9.815,0.996,0.0,0.0,0.825,0.15,0.0,0.0,0.0,0.025,0.0
"[[0, 0], [0, 1]]","[[(0, 1), (1, 0)], [(0, 1), (0, 1)]]",40,1600,1.0,0.01,0.01,0.0,0.8,0.0,0.0,emotion,5,1,1.0,400,0.0,1.0,0.0,0.5,5.365,0.906,0.0,0.0,0.825,0.175,0.0,0.0,0.0,0.0,0.0
"[[0, 0], [0, 1]]","[[(0, 1), (1, 0)], [(0, 1), (0, 1)]]",40,1600,1.0,0.01,0.01,0.0,0.8,0.0,0.0,emotion,5,1,1.0,400,0.0,1.0,0.0,0.5,5.376,1.0,0.0,0.0,0.75,0.25,0.0,0.0,0.0,0.0,0.0
"[[0, 0], [0, 1]]","[[(0, 1), (1, 0)], [(0, 1), (0, 1)]]",40,1600,1.0,0.01,0.01,0.0,0.8,0.0,0.0,emotion,5,1,1.0,400,0.0,1.0,0.0,0.5,7.062,0.993,0.0,0.15,0.0,0.0,0.85,0.0,0.0,0.0,0.0
"[[0, 0], [0, 1]]","[[(0, 1), (1, 0)], [(0, 1), (0, 1)]]",40,1600,1.0,0.01,0.01,0.0,0.8,0.0,0.0,emotion,5,1,1.0,400,0.0,1.0,0.0,0.5,10.391,0.98,0.0,0.0,1.0,0.0,0.0,0.0,0.0,0.0,0.0
"[[0, 0], [0, 1]]","[[(0, 1), (1, 0)], [(0, 1), (0, 1)]]",40,1600,1.0,0.01,0.01,0.0,0.8,0.0,0.0,emotion,5,1,1.0,400,0.0,1.0,0.0,0.5,9.526,0.97,0.0,0.0,0.85,0.075,0.0,0.025,0.0,0.05,0.0
"[[0, 0], [0, 1]]","[[(0, 1), (1, 0)], [(0, 1), (0, 1)]]",40,1600,1.0,0.01,0.01,0.0,0.8,0.0,0.0,emotion,5,1,1.0,400,0.0,1.0,0.0,0.5,9.08,0.996,0.0,0.0,0.775,0.175,0.0,0.05,0.0,0.0,0.0
"[[0, 0], [0, 1]]","[[(0, 1), (1, 0)], [(0, 1), (0, 1)]]",40,1600,1.0,0.01,0.01,0.0,0.8,0.0,0.0,emotion,5,1,1.0,400,0.0,1.0,0.0,0.5,12.008,0.934,0.0,0.0,0.8,0.2,0.0,0.0,0.0,0.0,0.0
"[[0, 0], [0, 1]]","[[(0, 1), (1, 0)], [(0, 1), (0, 1)]]",40,1600,1.0,0.01,0.01,0.0,0.8,0.0,0.0,emotion,5,1,1.0,400,0.0,1.0,0.0,0.5,12.899,0.971,0.0,0.65,0.0,0.0,0.275,0.0,0.0,0.0,0.075
"[[0, 0], [0, 1]]","[[(0, 1), (1, 0)], [(0, 1), (0, 1)]]",40,1600,1.0,0.01,0.01,0.0,0.8,0.0,0.0,emotion,5,1,1.0,400,0.0,1.0,0.0,0.5,12.268,0.984,0.0,0.0,0.0,0.0,1.0,0.0,0.0,0.0,0.0
"[[0, 0], [0, 1]]","[[(0, 1), (1, 0)], [(0, 1), (0, 1)]]",40,1600,1.0,0.01,0.01,0.0,0.8,0.0,0.0,emotion,5,1,1.0,400,0.0,1.0,0.0,0.5,13.017,0.853,0.025,0.0,0.0,0.0,0.975,0.0,0.0,0.025,0.0
"[[0, 0], [0, 1]]","[[(0, 1), (1, 0)], [(0, 1), (0, 1)]]",40,1600,1.0,0.01,0.01,0.0,0.8,0.0,0.0,emotion,5,1,1.0,400,0.0,1.0,0.0,0.5,12.266,0.863,0.0,0.1,0.0,0.0,0.85,0.0,0.0,0.05,0.0
"[[0, 0], [0, 1]]","[[(0, 1), (1, 0)], [(0, 1), (0, 1)]]",40,1600,1.0,0.01,0.01,0.0,0.8,0.0,0.0,emotion,5,1,1.0,400,0.0,1.0,0.0,0.5,13.857,0.956,0.0,0.4,0.0,0.0,0.6,0.0,0.0,0.0,0.0
"[[0, 0], [0, 1]]","[[(0, 1), (1, 0)], [(0, 1), (0, 1)]]",40,1600,1.0,0.01,0.01,0.0,0.8,0.0,0.0,emotion,5,1,1.0,400,0.0,1.0,0.0,0.5,13.516,0.934,0.05,0.025,0.0,0.0,0.925,0.05,0.0,0.0,0.0
"[[0, 0], [0, 1]]","[[(0, 1), (1, 0)], [(0, 1), (0, 1)]]",40,1600,1.0,0.01,0.01,0.0,0.8,0.0,0.0,emotion,5,1,1.0,400,0.0,1.0,0.0,0.5,14.569,0.684,0.075,0.0,0.0,0.0,0.9,0.025,0.0,0.075,0.0
"[[0, 0], [0, 1]]","[[(0, 1), (1, 0)], [(0, 1), (0, 1)]]",40,1600,1.0,0.01,0.01,0.0,0.8,0.0,0.0,emotion,5,1,1.0,400,0.0,1.0,0.0,0.5,15.694,0.975,0.0,0.1,0.475,0.025,0.325,0.05,0.0,0.025,0.0
"[[0, 0], [0, 1]]","[[(0, 1), (1, 0)], [(0, 1), (0, 1)]]",40,1600,1.0,0.01,0.01,0.0,0.8,0.0,0.0,emotion,5,1,1.0,400,0.0,1.0,0.0,0.5,17.747,0.876,0.0,0.1,0.0,0.0,0.9,0.0,0.0,0.0,0.0
"[[0, 0], [0, 1]]","[[(0, 1), (1, 0)], [(0, 1), (0, 1)]]",40,1600,1.0,0.01,0.01,0.0,0.8,0.0,0.0,emotion,5,1,1.0,400,0.0,1.0,0.0,1.0,5.71,0.978,0.025,0.0,0.775,0.2,0.0,0.0,0.0,0.025,0.0
"[[0, 0], [0, 1]]","[[(0, 1), (1, 0)], [(0, 1), (0, 1)]]",40,1600,1.0,0.01,0.01,0.0,0.8,0.0,0.0,emotion,5,1,1.0,400,0.0,1.0,0.0,1.0,5.55,1.0,0.0,0.0,0.975,0.025,0.0,0.0,0.0,0.0,0.0
"[[0, 0], [0, 1]]","[[(0, 1), (1, 0)], [(0, 1), (0, 1)]]",40,1600,1.0,0.01,0.01,0.0,0.8,0.0,0.0,emotion,5,1,1.0,400,0.0,1.0,0.0,1.0,5.679,0.971,0.05,0.0,0.775,0.175,0.0,0.0,0.0,0.05,0.0
"[[0, 0], [0, 1]]","[[(0, 1), (1, 0)], [(0, 1), (0, 1)]]",40,1600,1.0,0.01,0.01,0.0,0.8,0.0,0.0,emotion,5,1,1.0,400,0.0,1.0,0.0,1.0,55.342,0.956,0.95,0.0,0.0,0.0,0.975,0.0,0.0,0.025,0.0
"[[0, 0], [0, 1]]","[[(0, 1), (1, 0)], [(0, 1), (0, 1)]]",40,1600,1.0,0.01,0.01,0.0,0.8,0.0,0.0,emotion,5,1,1.0,400,0.0,1.0,0.0,1.0,56.612,0.935,0.975,0.0,0.0,0.0,0.975,0.0,0.0,0.025,0.0
"[[0, 0], [0, 1]]","[[(0, 1), (1, 0)], [(0, 1), (0, 1)]]",40,1600,1.0,0.01,0.01,0.0,0.8,0.0,0.0,emotion,5,1,1.0,400,0.0,1.0,0.0,1.0,66.539,0.86,0.85,0.0,0.0,0.0,0.9,0.025,0.0,0.075,0.0
"[[0, 0], [0, 1]]","[[(0, 1), (1, 0)], [(0, 1), (0, 1)]]",40,1600,1.0,0.01,0.01,0.0,0.8,0.0,0.0,emotion,5,1,1.0,400,0.0,1.0,0.0,1.0,85.953,0.86,0.8,0.025,0.0,0.0,0.925,0.05,0.0,0.0,0.0
"[[0, 0], [0, 1]]","[[(0, 1), (1, 0)], [(0, 1), (0, 1)]]",40,1600,1.0,0.01,0.01,0.0,0.8,0.0,0.0,emotion,5,1,1.0,400,0.0,1.0,0.0,1.0,87.285,0.907,0.875,0.025,0.0,0.0,0.95,0.0,0.0,0.025,0.0
"[[0, 0], [0, 1]]","[[(0, 1), (1, 0)], [(0, 1), (0, 1)]]",40,1600,1.0,0.01,0.01,0.0,0.8,0.0,0.0,emotion,5,1,1.0,400,0.0,1.0,0.0,1.0,85.468,0.839,0.8,0.05,0.0,0.0,0.9,0.025,0.0,0.025,0.0
"[[0, 0], [0, 1]]","[[(0, 1), (1, 0)], [(0, 1), (0, 1)]]",40,1600,1.0,0.01,0.01,0.0,0.8,0.0,0.0,emotion,5,1,1.0,400,0.0,1.0,0.0,1.0,87.439,0.882,0.875,0.025,0.0,0.0,0.925,0.025,0.0,0.025,0.0
"[[0, 0], [0, 1]]","[[(0, 1), (1, 0)], [(0, 1), (0, 1)]]",40,1600,1.0,0.01,0.01,0.0,0.8,0.0,0.0,emotion,5,1,1.0,400,0.0,1.0,0.0,1.0,87.733,0.973,0.975,0.0,0.0,0.0,1.0,0.0,0.0,0.0,0.0
"[[0, 0], [0, 1]]","[[(0, 1), (1, 0)], [(0, 1), (0, 1)]]",40,1600,1.0,0.01,0.01,0.0,0.8,0.0,0.0,emotion,5,1,1.0,400,0.0,1.0,0.0,1.0,87.573,0.941,0.875,0.0,0.0,0.0,0.95,0.05,0.0,0.0,0.0
"[[0, 0], [0, 1]]","[[(0, 1), (1, 0)], [(0, 1), (0, 1)]]",40,1600,1.0,0.01,0.01,0.0,0.8,0.0,0.0,emotion,5,1,1.0,400,0.0,1.0,0.0,1.0,87.28,0.88,0.975,0.025,0.0,0.0,0.975,0.0,0.0,0.0,0.0
"[[0, 0], [0, 1]]","[[(0, 1), (1, 0)], [(0, 1), (0, 1)]]",40,1600,1.0,0.01,0.01,0.0,0.8,0.0,0.0,emotion,5,1,1.0,400,0.0,1.0,0.0,1.0,87.731,0.85,0.825,0.025,0.0,0.0,0.975,0.0,0.0,0.0,0.0
"[[0, 0], [0, 1]]","[[(0, 1), (1, 0)], [(0, 1), (0, 1)]]",40,1600,1.0,0.01,0.01,0.0,0.8,0.0,0.0,emotion,5,1,1.0,400,0.0,1.0,0.0,1.0,87.386,0.957,0.925,0.0,0.0,0.0,1.0,0.0,0.0,0.0,0.0
"[[0, 0], [0, 1]]","[[(0, 1), (1, 0)], [(0, 1), (0, 1)]]",40,1600,1.0,0.01,0.01,0.0,0.8,0.0,0.0,emotion,5,1,1.0,400,0.0,1.0,0.0,1.0,87.613,0.907,0.95,0.0,0.0,0.0,1.0,0.0,0.0,0.0,0.0
"[[0, 0], [0, 1]]","[[(0, 1), (1, 0)], [(0, 1), (0, 1)]]",40,1600,1.0,0.01,0.01,0.0,0.8,0.0,0.0,emotion,5,1,1.0,400,0.0,1.0,0.0,1.0,87.817,0.948,0.975,0.0,0.0,0.0,1.0,0.0,0.0,0.0,0.0
"[[0, 0], [0, 1]]","[[(0, 1), (1, 0)], [(0, 1), (0, 1)]]",40,1600,1.0,0.01,0.01,0.0,0.8,0.0,0.0,emotion,5,1,1.0,400,0.0,1.0,0.0,1.0,87.488,0.96,0.95,0.0,0.0,0.0,0.975,0.0,0.0,0.025,0.0
"[[0, 0], [0, 1]]","[[(0, 1), (1, 0)], [(0, 1), (0, 1)]]",40,1600,1.0,0.01,0.01,0.0,0.8,0.0,0.0,emotion,5,1,1.0,400,0.0,1.0,0.0,1.0,88.016,0.955,0.975,0.0,0.0,0.0,1.0,0.0,0.0,0.0,0.0
"[[0, 0], [0, 1]]","[[(0, 1), (1, 0)], [(0, 1), (0, 1)]]",40,1600,1.0,0.01,0.01,0.0,0.8,0.0,0.0,emotion,5,1,1.0,400,0.0,1.0,0.0,1.0,86.758,0.946,0.95,0.0,0.0,0.0,1.0,0.0,0.0,0.0,0.0
"[[0, 0], [0, 1]]","[[(1, 1), (1, 0)], [(0, 1), (0, 1)]]",40,1600,1.0,0.01,0.01,0.0,0.4,0.0,0.0,emotion,5,1,1.0,400,0.0,1.0,0.0,0.5,8.453,0.392,0.55,0.025,0.0,0.025,0.725,0.0,0.0,0.0,0.225
"[[0, 0], [0, 1]]","[[(1, 1), (1, 0)], [(0, 1), (0, 1)]]",40,1600,1.0,0.01,0.01,0.0,0.4,0.0,0.0,emotion,5,1,1.0,400,0.0,1.0,0.0,0.5,6.149,0.96,0.0,0.625,0.0,0.0,0.375,0.0,0.0,0.0,0.0
"[[0, 0], [0, 1]]","[[(1, 1), (1, 0)], [(0, 1), (0, 1)]]",40,1600,1.0,0.01,0.01,0.0,0.4,0.0,0.0,emotion,5,1,1.0,400,0.0,1.0,0.0,0.5,5.839,0.979,0.0,0.9,0.0,0.0,0.075,0.0,0.025,0.0,0.0
"[[0, 0], [0, 1]]","[[(1, 1), (1, 0)], [(0, 1), (0, 1)]]",40,1600,1.0,0.01,0.01,0.0,0.4,0.0,0.0,emotion,5,1,1.0,400,0.0,1.0,0.0,0.5,6.116,0.954,0.0,0.925,0.0,0.025,0.0,0.0,0.025,0.0,0.025
"[[0, 0], [0, 1]]","[[(1, 1), (1, 0)], [(0, 1), (0, 1)]]",40,1600,1.0,0.01,0.01,0.0,0.4,0.0,0.0,emotion,5,1,1.0,400,0.0,1.0,0.0,0.5,6.698,0.995,0.0,0.95,0.0,0.0,0.025,0.0,0.025,0.0,0.0
"[[0, 0], [0, 1]]","[[(1, 1), (1, 0)], [(0, 1), (0, 1)]]",40,1600,1.0,0.01,0.01,0.0,0.4,0.0,0.0,emotion,5,1,1.0,400,0.0,1.0,0.0,0.5,6.978,0.95,0.025,0.525,0.0,0.0,0.425,0.0,0.05,0.0,0.0
"[[0, 0], [0, 1]]","[[(1, 1), (1, 0)], [(0, 1), (0, 1)]]",40,1600,1.0,0.01,0.01,0.0,0.4,0.0,0.0,emotion,5,1,1.0,400,0.0,1.0,0.0,0.5,6.335,0.978,0.0,0.825,0.075,0.0,0.075,0.025,0.0,0.0,0.0
"[[0, 0], [0, 1]]","[[(1, 1), (1, 0)], [(0, 1), (0, 1)]]",40,1600,1.0,0.01,0.01,0.0,0.4,0.0,0.0,emotion,5,1,1.0,400,0.0,1.0,0.0,0.5,8.363,0.98,0.0,0.275,0.0,0.0,0.725,0.0,0.0,0.0,0.0
"[[0, 0], [0, 1]]","[[(1, 1), (1, 0)], [(0, 1), (0, 1)]]",40,1600,1.0,0.01,0.01,0.0,0.4,0.0,0.0,emotion,5,1,1.0,400,0.0,1.0,0.0,0.5,7.54,0.781,0.0,0.9,0.0,0.0,0.0,0.0,0.025,0.0,0.075
"[[0, 0], [0, 1]]","[[(1, 1), (1, 0)], [(0, 1), (0, 1)]]",40,1600,1.0,0.01,0.01,0.0,0.4,0.0,0.0,emotion,5,1,1.0,400,0.0,1.0,0.0,0.5,6.024,0.669,0.0,0.975,0.0,0.0,0.0,0.0,0.0,0.0,0.025
"[[0, 0], [0, 1]]","[[(1, 1), (1, 0)], [(0, 1), (0, 1)]]",40,1600,1.0,0.01,0.01,0.0,0.4,0.0,0.0,emotion,5,1,1.0,400,0.0,1.0,0.0,0.5,5.821,0.974,0.0,0.0,0.45,0.525,0.0,0.025,0.0,0.0,0.0
"[[0, 0], [0, 1]]","[[(1, 1), (1, 0)], [(0, 1), (0, 1)]]",40,1600,1.0,0.01,0.01,0.0,0.4,0.0,0.0,emotion,5,1,1.0,400,0.0,1.0,0.0,0.5,6.596,0.943,0.0,0.3,0.0,0.0,0.675,0.0,0.0,0.0,0.025
"[[0, 0], [0, 1]]","[[(1, 1), (1, 0)], [(0, 1), (0, 1)]]",40,1600,1.0,0.01,0.01,0.0,0.4,0.0,0.0,emotion,5,1,1.0,400,0.0,1.0,0.0,0.5,7.852,0.919,0.0,0.65,0.15,0.0,0.175,0.0,0.0,0.0,0.025
"[[0, 0], [0, 1]]","[[(1, 1), (1, 0)], [(0, 1), (0, 1)]]",40,1600,1.0,0.01,0.01,0.0,0.4,0.0,0.0,emotion,5,1,1.0,400,0.0,1.0,0.0,0.5,6.925,0.979,0.0,0.675,0.0,0.0,0.325,0.0,0.0,0.0,0.0
"[[0, 0], [0, 1]]","[[(1, 1), (1, 0)], [(0, 1), (0, 1)]]",40,1600,1.0,0.01,0.01,0.0,0.4,0.0,0.0,emotion,5,1,1.0,400,0.0,1.0,0.0,0.5,10.019,0.965,0.0,0.0,0.425,0.15,0.375,0.05,0.0,0.0,0.0
"[[0, 0], [0, 1]]","[[(1, 1), (1, 0)], [(0, 1), (0, 1)]]",40,1600,1.0,0.01,0.01,0.0,0.4,0.0,0.0,emotion,5,1,1.0,400,0.0,1.0,0.0,0.5,6.544,0.856,0.025,0.0,0.4,0.5,0.0,0.0,0.1,0.0,0.0
"[[0, 0], [0, 1]]","[[(1, 1), (1, 0)], [(0, 1), (0, 1)]]",40,1600,1.0,0.01,0.01,0.0,0.4,0.0,0.0,emotion,5,1,1.0,400,0.0,1.0,0.0,0.5,6.423,0.905,0.0,0.3,0.0,0.0,0.575,0.0,0.1,0.025,0.0
"[[0, 0], [0, 1]]","[[(1, 1), (1, 0)], [(0, 1), (0, 1)]]",40,1600,1.0,0.01,0.01,0.0,0.4,0.0,0.0,emotion,5,1,1.0,400,0.0,1.0,0.0,0.5,7.139,0.868,0.025,0.125,0.0,0.0,0.875,0.0,0.0,0.0,0.0
"[[0, 0], [0, 1]]","[[(1, 1), (1, 0)], [(0, 1), (0, 1)]]",40,1600,1.0,0.01,0.01,0.0,0.4,0.0,0.0,emotion,5,1,1.0,400,0.0,1.0,0.0,0.5,8.814,0.988,0.0,0.9,0.0,0.0,0.075,0.0,0.0,0.0,0.025
"[[0, 0], [0, 1]]","[[(1, 1), (1, 0)], [(0, 1), (0, 1)]]",40,1600,1.0,0.01,0.01,0.0,0.4,0.0,0.0,emotion,5,1,1.0,400,0.0,1.0,0.0,0.5,7.158,0.966,0.0,0.6,0.0,0.05,0.3,0.0,0.025,0.0,0.025
"[[0, 0], [0, 1]]","[[(1, 1), (1, 0)], [(0, 1), (0, 1)]]",40,1600,1.0,0.01,0.01,0.0,0.4,0.0,0.0,emotion,5,1,1.0,400,0.0,1.0,0.0,1.0,11.327,0.902,0.0,0.85,0.0,0.025,0.1,0.0,0.0,0.0,0.025
"[[0, 0], [0, 1]]","[[(1, 1), (1, 0)], [(0, 1), (0, 1)]]",40,1600,1.0,0.01,0.01,0.0,0.4,0.0,0.0,emotion,5,1,1.0,400,0.0,1.0,0.0,1.0,30.156,0.818,0.1,0.425,0.0,0.0,0.575,0.0,0.0,0.0,0.0
"[[0, 0], [0, 1]]","[[(1, 1), (1, 0)], [(0, 1), (0, 1)]]",40,1600,1.0,0.01,0.01,0.0,0.4,0.0,0.0,emotion,5,1,1.0,400,0.0,1.0,0.0,1.0,26.245,0.975,0.0,0.925,0.0,0.0,0.05,0.0,0.0,0.0,0.025
"[[0, 0], [0, 1]]","[[(1, 1), (1, 0)], [(0, 1), (0, 1)]]",40,1600,1.0,0.01,0.01,0.0,0.4,0.0,0.0,emotion,5,1,1.0,400,0.0,1.0,0.0,1.0,33.401,0.532,0.9,0.0,0.0,0.0,0.95,0.05,0.0,0.0,0.0
"[[0, 0], [0, 1]]","[[(1, 1), (1, 0)], [(0, 1), (0, 1)]]",40,1600,1.0,0.01,0.01,0.0,0.4,0.0,0.0,emotion,5,1,1.0,400,0.0,1.0,0.0,1.0,36.976,0.966,0.0,0.7,0.0,0.0,0.225,0.05,0.025,0.0,0.0
"[[0, 0], [0, 1]]","[[(1, 1), (1, 0)], [(0, 1), (0, 1)]]",40,1600,1.0,0.01,0.01,0.0,0.4,0.0,0.0,emotion,5,1,1.0,400,0.0,1.0,0.0,1.0,35.101,0.961,0.0,0.775,0.0,0.0,0.2,0.0,0.025,0.0,0.0
"[[0, 0], [0, 1]]","[[(1, 1), (1, 0)], [(0, 1), (0, 1)]]",40,1600,1.0,0.01,0.01,0.0,0.4,0.0,0.0,emotion,5,1,1.0,400,0.0,1.0,0.0,1.0,33.053,0.769,0.925,0.05,0.0,0.0,0.925,0.025,0.0,0.0,0.0
"[[0, 0], [0, 1]]","[[(1, 1), (1, 0)], [(0, 1), (0, 1)]]",40,1600,1.0,0.01,0.01,0.0,0.4,0.0,0.0,emotion,5,1,1.0,400,0.0,1.0,0.0,1.0,27.92,0.916,0.0,0.0,0.65,0.25,0.0,0.05,0.0,0.05,0.0
"[[0, 0], [0, 1]]","[[(1, 1), (1, 0)], [(0, 1), (0, 1)]]",40,1600,1.0,0.01,0.01,0.0,0.4,0.0,0.0,emotion,5,1,1.0,400,0.0,1.0,0.0,1.0,28.561,0.899,0.0,0.0,0.7,0.1,0.0,0.025,0.125,0.05,0.0
"[[0, 0], [0, 1]]","[[(1, 1), (1, 0)], [(0, 1), (0, 1)]]",40,1600,1.0,0.01,0.01,0.0,0.4,0.0,0.0,emotion,5,1,1.0,400,0.0,1.0,0.0,1.0,35.419,0.826,0.0,0.95,0.0,0.0,0.05,0.0,0.0,0.0,0.0
"[[0, 0], [0, 1]]","[[(1, 1), (1, 0)], [(0, 1), (0, 1)]]",40,1600,1.0,0.01,0.01,0.0,0.4,0.0,0.0,emotion,5,1,1.0,400,0.0,1.0,0.0,1.0,38.036,0.679,0.9,0.0,0.0,0.0,0.975,0.025,0.0,0.0,0.0
"[[0, 0], [0, 1]]","[[(1, 1), (1, 0)], [(0, 1), (0, 1)]]",40,1600,1.0,0.01,0.01,0.0,0.4,0.0,0.0,emotion,5,1,1.0,400,0.0,1.0,0.0,1.0,40.697,0.566,0.8,0.05,0.0,0.0,0.925,0.0,0.0,0.025,0.0
"[[0, 0], [0, 1]]","[[(1, 1), (1, 0)], [(0, 1), (0, 1)]]",40,1600,1.0,0.01,0.01,0.0,0.4,0.0,0.0,emotion,5,1,1.0,400,0.0,1.0,0.0,1.0,44.062,0.934,0.0,0.9,0.0,0.0,0.1,0.0,0.0,0.0,0.0
"[[0, 0], [0, 1]]","[[(1, 1), (1, 0)], [(0, 1), (0, 1)]]",40,1600,1.0,0.01,0.01,0.0,0.4,0.0,0.0,emotion,5,1,1.0,400,0.0,1.0,0.0,1.0,46.822,0.782,0.975,0.025,0.0,0.0,0.975,0.0,0.0,0.0,0.0
"[[0, 0], [0, 1]]","[[(1, 1), (1, 0)], [(0, 1), (0, 1)]]",40,1600,1.0,0.01,0.01,0.0,0.4,0.0,0.0,emotion,5,1,1.0,400,0.0,1.0,0.0,1.0,53.453,0.876,1.0,0.0,0.0,0.0,1.0,0.0,0.0,0.0,0.0
"[[0, 0], [0, 1]]","[[(1, 1), (1, 0)], [(0, 1), (0, 1)]]",40,1600,1.0,0.01,0.01,0.0,0.4,0.0,0.0,emotion,5,1,1.0,400,0.0,1.0,0.0,1.0,39.377,0.889,0.025,0.575,0.0,0.025,0.35,0.0,0.0,0.0,0.05
"[[0, 0], [0, 1]]","[[(1, 1), (1, 0)], [(0, 1), (0, 1)]]",40,1600,1.0,0.01,0.01,0.0,0.4,0.0,0.0,emotion,5,1,1.0,400,0.0,1.0,0.0,1.0,47.635,0.504,0.125,0.0,0.35,0.05,0.0,0.575,0.0,0.0,0.025
"[[0, 0], [0, 1]]","[[(1, 1), (1, 0)], [(0, 1), (0, 1)]]",40,1600,1.0,0.01,0.01,0.0,0.4,0.0,0.0,emotion,5,1,1.0,400,0.0,1.0,0.0,1.0,52.623,0.669,0.975,0.0,0.0,0.0,0.975,0.025,0.0,0.0,0.0
"[[0, 0], [0, 1]]","[[(1, 1), (1, 0)], [(0, 1), (0, 1)]]",40,1600,1.0,0.01,0.01,0.0,0.4,0.0,0.0,emotion,5,1,1.0,400,0.0,1.0,0.0,1.0,51.761,0.977,0.0,1.0,0.0,0.0,0.0,0.0,0.0,0.0,0.0
"[[0, 0], [0, 1]]","[[(1, 1), (1, 0)], [(0, 1), (0, 1)]]",40,1600,1.0,0.01,0.01,0.0,0.4,0.0,0.0,emotion,5,1,1.0,400,0.0,1.0,0.0,1.0,45.98,0.647,0.85,0.025,0.0,0.0,0.975,0.0,0.0,0.0,0.0
"[[0, 0], [0, 1]]","[[(1, 1), (1, 0)], [(0, 1), (0, 1)]]",40,1600,1.0,0.01,0.01,0.0,0.6,0.0,0.0,emotion,5,1,1.0,400,0.0,1.0,0.0,0.5,6.712,0.994,0.0,0.775,0.15,0.05,0.0,0.0,0.025,0.0,0.0
"[[0, 0], [0, 1]]","[[(1, 1), (1, 0)], [(0, 1), (0, 1)]]",40,1600,1.0,0.01,0.01,0.0,0.6,0.0,0.0,emotion,5,1,1.0,400,0.0,1.0,0.0,0.5,7.532,0.964,0.0,0.0,0.525,0.475,0.0,0.0,0.0,0.0,0.0
"[[0, 0], [0, 1]]","[[(1, 1), (1, 0)], [(0, 1), (0, 1)]]",40,1600,1.0,0.01,0.01,0.0,0.6,0.0,0.0,emotion,5,1,1.0,400,0.0,1.0,0.0,0.5,7.218,0.982,0.0,0.725,0.0,0.0,0.25,0.025,0.0,0.0,0.0
"[[0, 0], [0, 1]]","[[(1, 1), (1, 0)], [(0, 1), (0, 1)]]",40,1600,1.0,0.01,0.01,0.0,0.6,0.0,0.0,emotion,5,1,1.0,400,0.0,1.0,0.0,0.5,5.797,0.999,0.0,0.875,0.0,0.0,0.1,0.0,0.025,0.0,0.0
"[[0, 0], [0, 1]]","[[(1, 1), (1, 0)], [(0, 1), (0, 1)]]",40,1600,1.0,0.01,0.01,0.0,0.6,0.0,0.0,emotion,5,1,1.0,400,0.0,1.0,0.0,0.5,10.116,0.976,0.0,0.425,0.0,0.0,0.525,0.0,0.0,0.025,0.025
"[[0, 0], [0, 1]]","[[(1, 1), (1, 0)], [(0, 1), (0, 1)]]",40,1600,1.0,0.01,0.01,0.0,0.6,0.0,0.0,emotion,5,1,1.0,400,0.0,1.0,0.0,0.5,10.116,0.948,0.0,0.0,0.7,0.275,0.0,0.0,0.0,0.025,0.0
"[[0, 0], [0, 1]]","[[(1, 1), (1, 0)], [(0, 1), (0, 1)]]",40,1600,1.0,0.01,0.01,0.0,0.6,0.0,0.0,emotion,5,1,1.0,400,0.0,1.0,0.0,0.5,8.883,0.986,0.0,0.775,0.0,0.0,0.175,0.0,0.05,0.0,0.0
"[[0, 0], [0, 1]]","[[(1, 1), (1, 0)], [(0, 1), (0, 1)]]",40,1600,1.0,0.01,0.01,0.0,0.6,0.0,0.0,emotion,5,1,1.0,400,0.0,1.0,0.0,0.5,8.732,0.96,0.0,0.875,0.0,0.0,0.125,0.0,0.0,0.0,0.0
"[[0, 0], [0, 1]]","[[(1, 1), (1, 0)], [(0, 1), (0, 1)]]",40,1600,1.0,0.01,0.01,0.0,0.6,0.0,0.0,emotion,5,1,1.0,400,0.0,1.0,0.0,0.5,10.454,0.738,0.025,0.0,0.0,0.0,0.975,0.025,0.0,0.0,0.0
"[[0, 0], [0, 1]]","[[(1, 1), (1, 0)], [(0, 1), (0, 1)]]",40,1600,1.0,0.01,0.01,0.0,0.6,0.0,0.0,emotion,5,1,1.0,400,0.0,1.0,0.0,0.5,6.374,0.984,0.0,0.0,0.925,0.075,0.0,0.0,0.0,0.0,0.0
"[[0, 0], [0, 1]]","[[(1, 1), (1, 0)], [(0, 1), (0, 1)]]",40,1600,1.0,0.01,0.01,0.0,0.6,0.0,0.0,emotion,5,1,1.0,400,0.0,1.0,0.0,0.5,5.475,0.996,0.0,0.0,0.925,0.05,0.0,0.0,0.0,0.025,0.0
"[[0, 0], [0, 1]]","[[(1, 1), (1, 0)], [(0, 1), (0, 1)]]",40,1600,1.0,0.01,0.01,0.0,0.6,0.0,0.0,emotion,5,1,1.0,400,0.0,1.0,0.0,0.5,6.663,0.765,0.075,0.325,0.3,0.325,0.0,0.0,0.025,0.0,0.025
"[[0, 0], [0, 1]]","[[(1, 1), (1, 0)], [(0, 1), (0, 1)]]",40,1600,1.0,0.01,0.01,0.0,0.6,0.0,0.0,emotion,5,1,1.0,400,0.0,1.0,0.0,0.5,10.131,0.981,0.0,0.95,0.0,0.0,0.05,0.0,0.0,0.0,0.0
"[[0, 0], [0, 1]]","[[(1, 1), (1, 0)], [(0, 1), (0, 1)]]",40,1600,1.0,0.01,0.01,0.0,0.6,0.0,0.0,emotion,5,1,1.0,400,0.0,1.0,0.0,0.5,9.26,0.931,0.0,0.1,0.0,0.0,0.9,0.0,0.0,0.0,0.0
"[[0, 0], [0, 1]]","[[(1, 1), (1, 0)], [(0, 1), (0, 1)]]",40,1600,1.0,0.01,0.01,0.0,0.6,0.0,0.0,emotion,5,1,1.0,400,0.0,1.0,0.0,0.5,8.542,0.948,0.0,0.6,0.0,0.0,0.35,0.025,0.025,0.0,0.0
"[[0, 0], [0, 1]]","[[(1, 1), (1, 0)], [(0, 1), (0, 1)]]",40,1600,1.0,0.01,0.01,0.0,0.6,0.0,0.0,emotion,5,1,1.0,400,0.0,1.0,0.0,0.5,8.663,0.907,0.0,0.0,0.325,0.625,0.0,0.0,0.05,0.0,0.0
"[[0, 0], [0, 1]]","[[(1, 1), (1, 0)], [(0, 1), (0, 1)]]",40,1600,1.0,0.01,0.01,0.0,0.6,0.0,0.0,emotion,5,1,1.0,400,0.0,1.0,0.0,0.5,10.712,0.929,0.0,0.025,0.025,0.0,0.95,0.0,0.0,0.0,0.0
"[[0, 0], [0, 1]]","[[(1, 1), (1, 0)], [(0, 1), (0, 1)]]",40,1600,1.0,0.01,0.01,0.0,0.6,0.0,0.0,emotion,5,1,1.0,400,0.0,1.0,0.0,0.5,9.787,0.985,0.0,0.0,0.675,0.325,0.0,0.0,0.0,0.0,0.0
"[[0, 0], [0, 1]]","[[(1, 1), (1, 0)], [(0, 1), (0, 1)]]",40,1600,1.0,0.01,0.01,0.0,0.6,0.0,0.0,emotion,5,1,1.0,400,0.0,1.0,0.0,0.5,7.339,0.39,0.05,0.175,0.0,0.0,0.725,0.0,0.0,0.1,0.0
"[[0, 0], [0, 1]]","[[(1, 1), (1, 0)], [(0, 1), (0, 1)]]",40,1600,1.0,0.01,0.01,0.0,0.6,0.0,0.0,emotion,5,1,1.0,400,0.0,1.0,0.0,0.5,7.309,0.965,0.0,0.525,0.0,0.0,0.475,0.0,0.0,0.0,0.0
"[[0, 0], [0, 1]]","[[(1, 1), (1, 0)], [(0, 1), (0, 1)]]",40,1600,1.0,0.01,0.01,0.0,0.6,0.0,0.0,emotion,5,1,1.0,400,0.0,1.0,0.0,1.0,43.182,0.759,0.85,0.075,0.0,0.0,0.9,0.0,0.0,0.025,0.0
"[[0, 0], [0, 1]]","[[(1, 1), (1, 0)], [(0, 1), (0, 1)]]",40,1600,1.0,0.01,0.01,0.0,0.6,0.0,0.0,emotion,5,1,1.0,400,0.0,1.0,0.0,1.0,46.553,0.656,0.55,0.075,0.0,0.0,0.9,0.0,0.0,0.025,0.0
"[[0, 0], [0, 1]]","[[(1, 1), (1, 0)], [(0, 1), (0, 1)]]",40,1600,1.0,0.01,0.01,0.0,0.6,0.0,0.0,emotion,5,1,1.0,400,0.0,1.0,0.0,1.0,52.064,0.976,0.025,0.0,0.825,0.175,0.0,0.0,0.0,0.0,0.0
"[[0, 0], [0, 1]]","[[(1, 1), (1, 0)], [(0, 1), (0, 1)]]",40,1600,1.0,0.01,0.01,0.0,0.6,0.0,0.0,emotion,5,1,1.0,400,0.0,1.0,0.0,1.0,48.803,0.955,1.0,0.0,0.0,0.0,0.9,0.025,0.0,0.0,0.075
"[[0, 0], [0, 1]]","[[(1, 1), (1, 0)], [(0, 1), (0, 1)]]",40,1600,1.0,0.01,0.01,0.0,0.6,0.0,0.0,emotion,5,1,1.0,400,0.0,1.0,0.0,1.0,55.819,0.912,0.025,0.0,0.925,0.05,0.0,0.025,0.0,0.0,0.0
"[[0, 0], [0, 1]]","[[(1, 1), (1, 0)], [(0, 1), (0, 1)]]",40,1600,1.0,0.01,0.01,0.0,0.6,0.0,0.0,emotion,5,1,1.0,400,0.0,1.0,0.0,1.0,65.878,0.951,0.975,0.0,0.0,0.0,1.0,0.0,0.0,0.0,0.0
"[[0, 0], [0, 1]]","[[(1, 1), (1, 0)], [(0, 1), (0, 1)]]",40,1600,1.0,0.01,0.01,0.0,0.6,0.0,0.0,emotion,5,1,1.0,400,0.0,1.0,0.0,1.0,60.877,0.968,0.0,0.975,0.0,0.0,0.0,0.0,0.0,0.0,0.025
"[[0, 0], [0, 1]]","[[(1, 1), (1, 0)], [(0, 1), (0, 1)]]",40,1600,1.0,0.01,0.01,0.0,0.6,0.0,0.0,emotion,5,1,1.0,400,0.0,1.0,0.0,1.0,51.718,0.921,0.95,0.05,0.0,0.0,0.875,0.025,0.0,0.0,0.05
"[[0, 0], [0, 1]]","[[(1, 1), (1, 0)], [(0, 1), (0, 1)]]",40,1600,1.0,0.01,0.01,0.0,0.6,0.0,0.0,emotion,5,1,1.0,400,0.0,1.0,0.0,1.0,73.251,0.85,0.925,0.0,0.0,0.0,1.0,0.0,0.0,0.0,0.0
"[[0, 0], [0, 1]]","[[(1, 1), (1, 0)], [(0, 1), (0, 1)]]",40,1600,1.0,0.01,0.01,0.0,0.6,0.0,0.0,emotion,5,1,1.0,400,0.0,1.0,0.0,1.0,58.993,0.968,0.025,0.975,0.0,0.0,0.0,0.0,0.0,0.0,0.025
"[[0, 0], [0, 1]]","[[(1, 1), (1, 0)], [(0, 1), (0, 1)]]",40,1600,1.0,0.01,0.01,0.0,0.6,0.0,0.0,emotion,5,1,1.0,400,0.0,1.0,0.0,1.0,67.918,0.738,0.825,0.05,0.0,0.0,0.925,0.0,0.0,0.025,0.0
"[[0, 0], [0, 1]]","[[(1, 1), (1, 0)], [(0, 1), (0, 1)]]",40,1600,1.0,0.01,0.01,0.0,0.6,0.0,0.0,emotion,5,1,1.0,400,0.0,1.0,0.0,1.0,63.572,0.884,1.0,0.0,0.0,0.0,0.925,0.05,0.0,0.025,0.0
"[[0, 0], [0, 1]]","[[(1, 1), (1, 0)], [(0, 1), (0, 1)]]",40,1600,1.0,0.01,0.01,0.0,0.6,0.0,0.0,emotion,5,1,1.0,400,0.0,1.0,0.0,1.0,61.159,0.749,0.775,0.075,0.0,0.0,0.925,0.0,0.0,0.0,0.0
"[[0, 0], [0, 1]]","[[(1, 1), (1, 0)], [(0, 1), (0, 1)]]",40,1600,1.0,0.01,0.01,0.0,0.6,0.0,0.0,emotion,5,1,1.0,400,0.0,1.0,0.0,1.0,66.231,0.702,0.8,0.0,0.0,0.0,0.975,0.025,0.0,0.0,0.0
"[[0, 0], [0, 1]]","[[(1, 1), (1, 0)], [(0, 1), (0, 1)]]",40,1600,1.0,0.01,0.01,0.0,0.6,0.0,0.0,emotion,5,1,1.0,400,0.0,1.0,0.0,1.0,67.568,0.738,0.925,0.025,0.0,0.0,0.925,0.05,0.0,0.0,0.0
"[[0, 0], [0, 1]]","[[(1, 1), (1, 0)], [(0, 1), (0, 1)]]",40,1600,1.0,0.01,0.01,0.0,0.6,0.0,0.0,emotion,5,1,1.0,400,0.0,1.0,0.0,1.0,73.35,0.915,0.95,0.05,0.0,0.0,0.95,0.0,0.0,0.0,0.0
"[[0, 0], [0, 1]]","[[(1, 1), (1, 0)], [(0, 1), (0, 1)]]",40,1600,1.0,0.01,0.01,0.0,0.6,0.0,0.0,emotion,5,1,1.0,400,0.0,1.0,0.0,1.0,76.913,0.865,0.225,0.375,0.0,0.0,0.6,0.0,0.0,0.0,0.025
"[[0, 0], [0, 1]]","[[(1, 1), (1, 0)], [(0, 1), (0, 1)]]",40,1600,1.0,0.01,0.01,0.0,0.6,0.0,0.0,emotion,5,1,1.0,400,0.0,1.0,0.0,1.0,73.826,0.815,0.825,0.05,0.0,0.0,0.95,0.0,0.0,0.0,0.0
"[[0, 0], [0, 1]]","[[(1, 1), (1, 0)], [(0, 1), (0, 1)]]",40,1600,1.0,0.01,0.01,0.0,0.6,0.0,0.0,emotion,5,1,1.0,400,0.0,1.0,0.0,1.0,76.397,0.791,0.8,0.0,0.0,0.0,0.925,0.05,0.0,0.025,0.0
"[[0, 0], [0, 1]]","[[(1, 1), (1, 0)], [(0, 1), (0, 1)]]",40,1600,1.0,0.01,0.01,0.0,0.6,0.0,0.0,emotion,5,1,1.0,400,0.0,1.0,0.0,1.0,78.167,0.88,0.95,0.025,0.0,0.0,0.95,0.0,0.0,0.025,0.0
"[[0, 0], [0, 1]]","[[(1, 1), (1, 0)], [(0, 1), (0, 1)]]",40,1600,1.0,0.01,0.01,0.0,0.8,0.0,0.0,emotion,5,1,1.0,400,0.0,1.0,0.0,0.5,9.987,0.909,0.025,0.3,0.0,0.0,0.7,0.0,0.0,0.0,0.0
"[[0, 0], [0, 1]]","[[(1, 1), (1, 0)], [(0, 1), (0, 1)]]",40,1600,1.0,0.01,0.01,0.0,0.8,0.0,0.0,emotion,5,1,1.0,400,0.0,1.0,0.0,0.5,9.348,0.97,0.0,0.925,0.0,0.0,0.0,0.0,0.025,0.0,0.05
"[[0, 0], [0, 1]]","[[(1, 1), (1, 0)], [(0, 1), (0, 1)]]",40,1600,1.0,0.01,0.01,0.0,0.8,0.0,0.0,emotion,5,1,1.0,400,0.0,1.0,0.0,0.5,9.667,0.996,0.0,0.975,0.0,0.0,0.0,0.0,0.0,0.0,0.025
"[[0, 0], [0, 1]]","[[(1, 1), (1, 0)], [(0, 1), (0, 1)]]",40,1600,1.0,0.01,0.01,0.0,0.8,0.0,0.0,emotion,5,1,1.0,400,0.0,1.0,0.0,0.5,9.369,0.976,0.0,0.0,0.9,0.1,0.0,0.0,0.0,0.0,0.0
"[[0, 0], [0, 1]]","[[(1, 1), (1, 0)], [(0, 1), (0, 1)]]",40,1600,1.0,0.01,0.01,0.0,0.8,0.0,0.0,emotion,5,1,1.0,400,0.0,1.0,0.0,0.5,11.85,0.977,0.025,0.25,0.0,0.0,0.75,0.0,0.0,0.0,0.0
"[[0, 0], [0, 1]]","[[(1, 1), (1, 0)], [(0, 1), (0, 1)]]",40,1600,1.0,0.01,0.01,0.0,0.8,0.0,0.0,emotion,5,1,1.0,400,0.0,1.0,0.0,0.5,9.897,0.426,0.125,0.0,0.05,0.875,0.0,0.0,0.025,0.0,0.05
"[[0, 0], [0, 1]]","[[(1, 1), (1, 0)], [(0, 1), (0, 1)]]",40,1600,1.0,0.01,0.01,0.0,0.8,0.0,0.0,emotion,5,1,1.0,400,0.0,1.0,0.0,0.5,12.039,0.443,0.1,0.775,0.0,0.0,0.2,0.0,0.0,0.0,0.025
"[[0, 0], [0, 1]]","[[(1, 1), (1, 0)], [(0, 1), (0, 1)]]",40,1600,1.0,0.01,0.01,0.0,0.8,0.0,0.0,emotion,5,1,1.0,400,0.0,1.0,0.0,0.5,10.093,0.975,0.0,0.975,0.0,0.0,0.0,0.0,0.025,0.0,0.0
"[[0, 0], [0, 1]]","[[(1, 1), (1, 0)], [(0, 1), (0, 1)]]",40,1600,1.0,0.01,0.01,0.0,0.8,0.0,0.0,emotion,5,1,1.0,400,0.0,1.0,0.0,0.5,12.385,0.931,0.025,0.625,0.0,0.0,0.325,0.0,0.0,0.025,0.025
"[[0, 0], [0, 1]]","[[(1, 1), (1, 0)], [(0, 1), (0, 1)]]",40,1600,1.0,0.01,0.01,0.0,0.8,0.0,0.0,emotion,5,1,1.0,400,0.0,1.0,0.0,0.5,8.335,0.963,0.0,0.775,0.0,0.025,0.125,0.05,0.025,0.0,0.0
"[[0, 0], [0, 1]]","[[(1, 1), (1, 0)], [(0, 1), (0, 1)]]",40,1600,1.0,0.01,0.01,0.0,0.8,0.0,0.0,emotion,5,1,1.0,400,0.0,1.0,0.0,0.5,10.937,0.938,0.025,0.275,0.0,0.0,0.725,0.0,0.0,0.0,0.0
"[[0, 0], [0, 1]]","[[(1, 1), (1, 0)], [(0, 1), (0, 1)]]",40,1600,1.0,0.01,0.01,0.0,0.8,0.0,0.0,emotion,5,1,1.0,400,0.0,1.0,0.0,0.5,11.336,0.916,0.05,0.0,0.2,0.775,0.0,0.0,0.0,0.0,0.025
"[[0, 0], [0, 1]]","[[(1, 1), (1, 0)], [(0, 1), (0, 1)]]",40,1600,1.0,0.01,0.01,0.0,0.8,0.0,0.0,emotion,5,1,1.0,400,0.0,1.0,0.0,0.5,8.661,0.562,0.125,0.0,0.0,0.0,0.9,0.0,0.0,0.1,0.0
"[[0, 0], [0, 1]]","[[(1, 1), (1, 0)], [(0, 1), (0, 1)]]",40,1600,1.0,0.01,0.01,0.0,0.8,0.0,0.0,emotion,5,1,1.0,400,0.0,1.0,0.0,0.5,9.967,0.989,0.0,0.9,0.0,0.0,0.05,0.0,0.0,0.0,0.05
"[[0, 0], [0, 1]]","[[(1, 1), (1, 0)], [(0, 1), (0, 1)]]",40,1600,1.0,0.01,0.01,0.0,0.8,0.0,0.0,emotion,5,1,1.0,400,0.0,1.0,0.0,0.5,9.073,0.974,0.0,0.0,0.95,0.025,0.0,0.025,0.0,0.0,0.0
"[[0, 0], [0, 1]]","[[(1, 1), (1, 0)], [(0, 1), (0, 1)]]",40,1600,1.0,0.01,0.01,0.0,0.8,0.0,0.0,emotion,5,1,1.0,400,0.0,1.0,0.0,0.5,8.283,1.0,0.0,0.875,0.0,0.0,0.1,0.0,0.025,0.0,0.0
"[[0, 0], [0, 1]]","[[(1, 1), (1, 0)], [(0, 1), (0, 1)]]",40,1600,1.0,0.01,0.01,0.0,0.8,0.0,0.0,emotion,5,1,1.0,400,0.0,1.0,0.0,0.5,9.576,0.871,0.05,0.05,0.0,0.0,0.95,0.0,0.0,0.0,0.0
"[[0, 0], [0, 1]]","[[(1, 1), (1, 0)], [(0, 1), (0, 1)]]",40,1600,1.0,0.01,0.01,0.0,0.8,0.0,0.0,emotion,5,1,1.0,400,0.0,1.0,0.0,0.5,11.098,0.999,0.0,1.0,0.0,0.0,0.0,0.0,0.0,0.0,0.0
"[[0, 0], [0, 1]]","[[(1, 1), (1, 0)], [(0, 1), (0, 1)]]",40,1600,1.0,0.01,0.01,0.0,0.8,0.0,0.0,emotion,5,1,1.0,400,0.0,1.0,0.0,0.5,11.377,1.0,0.0,0.0,0.575,0.4,0.0,0.025,0.0,0.0,0.0
"[[0, 0], [0, 1]]","[[(1, 1), (1, 0)], [(0, 1), (0, 1)]]",40,1600,1.0,0.01,0.01,0.0,0.8,0.0,0.0,emotion,5,1,1.0,400,0.0,1.0,0.0,0.5,5.947,0.87,0.025,0.875,0.0,0.0,0.025,0.0,0.025,0.0,0.075
"[[0, 0], [0, 1]]","[[(1, 1), (1, 0)], [(0, 1), (0, 1)]]",40,1600,1.0,0.01,0.01,0.0,0.8,0.0,0.0,emotion,5,1,1.0,400,0.0,1.0,0.0,1.0,56.633,0.985,0.025,0.8,0.0,0.0,0.2,0.0,0.0,0.0,0.0
"[[0, 0], [0, 1]]","[[(1, 1), (1, 0)], [(0, 1), (0, 1)]]",40,1600,1.0,0.01,0.01,0.0,0.8,0.0,0.0,emotion,5,1,1.0,400,0.0,1.0,0.0,1.0,64.912,0.887,0.925,0.025,0.0,0.0,0.975,0.0,0.0,0.0,0.0
"[[0, 0], [0, 1]]","[[(1, 1), (1, 0)], [(0, 1), (0, 1)]]",40,1600,1.0,0.01,0.01,0.0,0.8,0.0,0.0,emotion,5,1,1.0,400,0.0,1.0,0.0,1.0,69.813,0.932,0.975,0.0,0.0,0.0,1.0,0.0,0.0,0.0,0.0
"[[0, 0], [0, 1]]","[[(1, 1), (1, 0)], [(0, 1), (0, 1)]]",40,1600,1.0,0.01,0.01,0.0,0.8,0.0,0.0,emotion,5,1,1.0,400,0.0,1.0,0.0,1.0,66.571,0.729,0.4,0.225,0.0,0.0,0.45,0.025,0.0,0.0,0.3
"[[0, 0], [0, 1]]","[[(1, 1), (1, 0)], [(0, 1), (0, 1)]]",40,1600,1.0,0.01,0.01,0.0,0.8,0.0,0.0,emotion,5,1,1.0,400,0.0,1.0,0.0,1.0,80.093,0.88,0.9,0.025,0.0,0.0,0.95,0.025,0.0,0.0,0.0
"[[0, 0], [0, 1]]","[[(1, 1), (1, 0)], [(0, 1), (0, 1)]]",40,1600,1.0,0.01,0.01,0.0,0.8,0.0,0.0,emotion,5,1,1.0,400,0.0,1.0,0.0,1.0,68.907,0.946,1.0,0.0,0.0,0.0,1.0,0.0,0.0,0.0,0.0
"[[0, 0], [0, 1]]","[[(1, 1), (1, 0)], [(0, 1), (0, 1)]]",40,1600,1.0,0.01,0.01,0.0,0.8,0.0,0.0,emotion,5,1,1.0,400,0.0,1.0,0.0,1.0,70.239,0.948,0.95,0.0,0.0,0.0,0.95,0.0,0.0,0.05,0.0
"[[0, 0], [0, 1]]","[[(1, 1), (1, 0)], [(0, 1), (0, 1)]]",40,1600,1.0,0.01,0.01,0.0,0.8,0.0,0.0,emotion,5,1,1.0,400,0.0,1.0,0.0,1.0,72.126,0.961,0.925,0.075,0.0,0.0,0.85,0.025,0.0,0.05,0.0
"[[0, 0], [0, 1]]","[[(1, 1), (1, 0)], [(0, 1), (0, 1)]]",40,1600,1.0,0.01,0.01,0.0,0.8,0.0,0.0,emotion,5,1,1.0,400,0.0,1.0,0.0,1.0,79.571,0.974,0.925,0.025,0.0,0.0,0.925,0.025,0.0,0.025,0.0
"[[0, 0], [0, 1]]","[[(1, 1), (1, 0)], [(0, 1), (0, 1)]]",40,1600,1.0,0.01,0.01,0.0,0.8,0.0,0.0,emotion,5,1,1.0,400,0.0,1.0,0.0,1.0,67.237,0.951,0.925,0.025,0.0,0.0,0.85,0.0,0.0,0.025,0.1
"[[0, 0], [0, 1]]","[[(1, 1), (1, 0)], [(0, 1), (0, 1)]]",40,1600,1.0,0.01,0.01,0.0,0.8,0.0,0.0,emotion,5,1,1.0,400,0.0,1.0,0.0,1.0,84.566,0.953,0.975,0.0,0.0,0.0,1.0,0.0,0.0,0.0,0.0
"[[0, 0], [0, 1]]","[[(1, 1), (1, 0)], [(0, 1), (0, 1)]]",40,1600,1.0,0.01,0.01,0.0,0.8,0.0,0.0,emotion,5,1,1.0,400,0.0,1.0,0.0,1.0,76.788,0.986,0.975,0.0,0.0,0.0,1.0,0.0,0.0,0.0,0.0
"[[0, 0], [0, 1]]","[[(1, 1), (1, 0)], [(0, 1), (0, 1)]]",40,1600,1.0,0.01,0.01,0.0,0.8,0.0,0.0,emotion,5,1,1.0,400,0.0,1.0,0.0,1.0,77.113,0.775,0.275,0.1,0.0,0.0,0.875,0.0,0.0,0.025,0.0
"[[0, 0], [0, 1]]","[[(1, 1), (1, 0)], [(0, 1), (0, 1)]]",40,1600,1.0,0.01,0.01,0.0,0.8,0.0,0.0,emotion,5,1,1.0,400,0.0,1.0,0.0,1.0,85.089,0.922,0.85,0.025,0.0,0.0,0.95,0.025,0.0,0.0,0.0
"[[0, 0], [0, 1]]","[[(1, 1), (1, 0)], [(0, 1), (0, 1)]]",40,1600,1.0,0.01,0.01,0.0,0.8,0.0,0.0,emotion,5,1,1.0,400,0.0,1.0,0.0,1.0,84.989,0.975,1.0,0.0,0.0,0.0,1.0,0.0,0.0,0.0,0.0
"[[0, 0], [0, 1]]","[[(1, 1), (1, 0)], [(0, 1), (0, 1)]]",40,1600,1.0,0.01,0.01,0.0,0.8,0.0,0.0,emotion,5,1,1.0,400,0.0,1.0,0.0,1.0,85.453,0.806,0.8,0.025,0.0,0.0,0.975,0.0,0.0,0.0,0.0
"[[0, 0], [0, 1]]","[[(1, 1), (1, 0)], [(0, 1), (0, 1)]]",40,1600,1.0,0.01,0.01,0.0,0.8,0.0,0.0,emotion,5,1,1.0,400,0.0,1.0,0.0,1.0,84.764,0.838,0.825,0.05,0.0,0.0,0.925,0.0,0.0,0.025,0.0
"[[0, 0], [0, 1]]","[[(1, 1), (1, 0)], [(0, 1), (0, 1)]]",40,1600,1.0,0.01,0.01,0.0,0.8,0.0,0.0,emotion,5,1,1.0,400,0.0,1.0,0.0,1.0,85.378,0.899,0.875,0.025,0.0,0.0,0.925,0.0,0.0,0.05,0.0
"[[0, 0], [0, 1]]","[[(1, 1), (1, 0)], [(0, 1), (0, 1)]]",40,1600,1.0,0.01,0.01,0.0,0.8,0.0,0.0,emotion,5,1,1.0,400,0.0,1.0,0.0,1.0,85.603,0.974,0.975,0.05,0.0,0.0,0.95,0.0,0.0,0.0,0.0
"[[0, 0], [0, 1]]","[[(1, 1), (1, 0)], [(0, 1), (0, 1)]]",40,1600,1.0,0.01,0.01,0.0,0.8,0.0,0.0,emotion,5,1,1.0,400,0.0,1.0,0.0,1.0,85.558,0.892,0.9,0.1,0.0,0.0,0.9,0.0,0.0,0.0,0.0
"[[0, 0], [1, 1]]","[[(0, 1), (0, 0)], [(1, 0), (0, 1)]]",40,1600,1.0,0.01,0.01,0.0,0.4,0.0,0.0,emotion,5,1,1.0,400,0.0,1.0,0.0,0.5,14.821,0.896,0.075,0.0,0.775,0.15,0.0,0.05,0.0,0.025,0.0
"[[0, 0], [1, 1]]","[[(0, 1), (0, 0)], [(1, 0), (0, 1)]]",40,1600,1.0,0.01,0.01,0.0,0.4,0.0,0.0,emotion,5,1,1.0,400,0.0,1.0,0.0,0.5,15.529,0.924,0.075,0.0,0.425,0.525,0.0,0.0,0.0,0.05,0.0
"[[0, 0], [1, 1]]","[[(0, 1), (0, 0)], [(1, 0), (0, 1)]]",40,1600,1.0,0.01,0.01,0.0,0.4,0.0,0.0,emotion,5,1,1.0,400,0.0,1.0,0.0,0.5,19.75,0.885,0.05,0.85,0.0,0.0,0.1,0.0,0.0,0.025,0.025
"[[0, 0], [1, 1]]","[[(0, 1), (0, 0)], [(1, 0), (0, 1)]]",40,1600,1.0,0.01,0.01,0.0,0.4,0.0,0.0,emotion,5,1,1.0,400,0.0,1.0,0.0,0.5,19.888,0.409,0.575,0.05,0.0,0.0,0.875,0.0,0.0,0.075,0.0
"[[0, 0], [1, 1]]","[[(0, 1), (0, 0)], [(1, 0), (0, 1)]]",40,1600,1.0,0.01,0.01,0.0,0.4,0.0,0.0,emotion,5,1,1.0,400,0.0,1.0,0.0,0.5,25.409,0.438,0.6,0.025,0.0,0.0,0.575,0.025,0.025,0.35,0.0
"[[0, 0], [1, 1]]","[[(0, 1), (0, 0)], [(1, 0), (0, 1)]]",40,1600,1.0,0.01,0.01,0.0,0.4,0.0,0.0,emotion,5,1,1.0,400,0.0,1.0,0.0,0.5,27.592,0.465,0.85,0.0,0.0,0.0,0.75,0.0,0.0,0.25,0.0
"[[0, 0], [1, 1]]","[[(0, 1), (0, 0)], [(1, 0), (0, 1)]]",40,1600,1.0,0.01,0.01,0.0,0.4,0.0,0.0,emotion,5,1,1.0,400,0.0,1.0,0.0,0.5,21.459,0.575,0.725,0.025,0.0,0.0,0.475,0.125,0.0,0.0,0.375
"[[0, 0], [1, 1]]","[[(0, 1), (0, 0)], [(1, 0), (0, 1)]]",40,1600,1.0,0.01,0.01,0.0,0.4,0.0,0.0,emotion,5,1,1.0,400,0.0,1.0,0.0,0.5,23.207,0.323,0.775,0.0,0.025,0.0,0.325,0.025,0.0,0.625,0.0
"[[0, 0], [1, 1]]","[[(0, 1), (0, 0)], [(1, 0), (0, 1)]]",40,1600,1.0,0.01,0.01,0.0,0.4,0.0,0.0,emotion,5,1,1.0,400,0.0,1.0,0.0,0.5,22.115,0.968,0.025,0.0,0.775,0.2,0.0,0.0,0.0,0.025,0.0
"[[0, 0], [1, 1]]","[[(0, 1), (0, 0)], [(1, 0), (0, 1)]]",40,1600,1.0,0.01,0.01,0.0,0.4,0.0,0.0,emotion,5,1,1.0,400,0.0,1.0,0.0,0.5,30.983,0.409,0.55,0.0,0.0,0.0,0.825,0.075,0.0,0.1,0.0
"[[0, 0], [1, 1]]","[[(0, 1), (0, 0)], [(1, 0), (0, 1)]]",40,1600,1.0,0.01,0.01,0.0,0.4,0.0,0.0,emotion,5,1,1.0,400,0.0,1.0,0.0,0.5,33.127,0.608,0.275,0.3,0.0,0.0,0.5,0.025,0.175,0.0,0.0
"[[0, 0], [1, 1]]","[[(0, 1), (0, 0)], [(1, 0), (0, 1)]]",40,1600,1.0,0.01,0.01,0.0,0.4,0.0,0.0,emotion,5,1,1.0,400,0.0,1.0,0.0,0.5,34.103,0.436,0.3,0.2,0.0,0.0,0.75,0.05,0.0,0.0,0.0
"[[0, 0], [1, 1]]","[[(0, 1), (0, 0)], [(1, 0), (0, 1)]]",40,1600,1.0,0.01,0.01,0.0,0.4,0.0,0.0,emotion,5,1,1.0,400,0.0,1.0,0.0,0.5,35.691,0.872,0.1,0.0,0.675,0.025,0.225,0.025,0.0,0.0,0.05
"[[0, 0], [1, 1]]","[[(0, 1), (0, 0)], [(1, 0), (0, 1)]]",40,1600,1.0,0.01,0.01,0.0,0.4,0.0,0.0,emotion,5,1,1.0,400,0.0,1.0,0.0,0.5,28.924,0.972,0.2,0.5,0.0,0.0,0.3,0.0,0.0,0.15,0.05
"[[0, 0], [1, 1]]","[[(0, 1), (0, 0)], [(1, 0), (0, 1)]]",40,1600,1.0,0.01,0.01,0.0,0.4,0.0,0.0,emotion,5,1,1.0,400,0.0,1.0,0.0,0.5,36.162,0.993,0.025,0.975,0.0,0.0,0.0,0.0,0.025,0.0,0.0
"[[0, 0], [1, 1]]","[[(0, 1), (0, 0)], [(1, 0), (0, 1)]]",40,1600,1.0,0.01,0.01,0.0,0.4,0.0,0.0,emotion,5,1,1.0,400,0.0,1.0,0.0,0.5,32.393,0.689,0.275,0.45,0.0,0.0,0.25,0.275,0.0,0.025,0.0
"[[0, 0], [1, 1]]","[[(0, 1), (0, 0)], [(1, 0), (0, 1)]]",40,1600,1.0,0.01,0.01,0.0,0.4,0.0,0.0,emotion,5,1,1.0,400,0.0,1.0,0.0,0.5,32.149,0.903,0.175,0.05,0.7,0.1,0.0,0.025,0.0,0.05,0.075
"[[0, 0], [1, 1]]","[[(0, 1), (0, 0)], [(1, 0), (0, 1)]]",40,1600,1.0,0.01,0.01,0.0,0.4,0.0,0.0,emotion,5,1,1.0,400,0.0,1.0,0.0,0.5,33.342,0.95,0.0,0.9,0.0,0.0,0.1,0.0,0.0,0.0,0.0
"[[0, 0], [1, 1]]","[[(0, 1), (0, 0)], [(1, 0), (0, 1)]]",40,1600,1.0,0.01,0.01,0.0,0.4,0.0,0.0,emotion,5,1,1.0,400,0.0,1.0,0.0,0.5,41.987,0.986,0.0,0.85,0.0,0.0,0.15,0.0,0.0,0.0,0.0
"[[0, 0], [1, 1]]","[[(0, 1), (0, 0)], [(1, 0), (0, 1)]]",40,1600,1.0,0.01,0.01,0.0,0.4,0.0,0.0,emotion,5,1,1.0,400,0.0,1.0,0.0,0.5,26.665,0.484,0.75,0.0,0.15,0.0,0.275,0.0,0.075,0.5,0.0
"[[0, 0], [1, 1]]","[[(0, 1), (0, 0)], [(1, 0), (0, 1)]]",40,1600,1.0,0.01,0.01,0.0,0.4,0.0,0.0,emotion,5,1,1.0,400,0.0,1.0,0.0,1.0,8.718,0.954,0.0,0.0,1.0,0.0,0.0,0.0,0.0,0.0,0.0
"[[0, 0], [1, 1]]","[[(0, 1), (0, 0)], [(1, 0), (0, 1)]]",40,1600,1.0,0.01,0.01,0.0,0.4,0.0,0.0,emotion,5,1,1.0,400,0.0,1.0,0.0,1.0,13.882,0.43,0.625,0.0,0.0,0.0,0.95,0.0,0.0,0.05,0.0
"[[0, 0], [1, 1]]","[[(0, 1), (0, 0)], [(1, 0), (0, 1)]]",40,1600,1.0,0.01,0.01,0.0,0.4,0.0,0.0,emotion,5,1,1.0,400,0.0,1.0,0.0,1.0,7.153,0.977,0.1,0.0,0.85,0.05,0.0,0.025,0.0,0.075,0.0
"[[0, 0], [1, 1]]","[[(0, 1), (0, 0)], [(1, 0), (0, 1)]]",40,1600,1.0,0.01,0.01,0.0,0.4,0.0,0.0,emotion,5,1,1.0,400,0.0,1.0,0.0,1.0,17.475,0.264,0.5,0.0,0.0,0.0,0.625,0.1,0.0,0.275,0.0
"[[0, 0], [1, 1]]","[[(0, 1), (0, 0)], [(1, 0), (0, 1)]]",40,1600,1.0,0.01,0.01,0.0,0.4,0.0,0.0,emotion,5,1,1.0,400,0.0,1.0,0.0,1.0,13.058,0.338,0.725,0.0,0.0,0.0,0.85,0.0,0.0,0.05,0.1
"[[0, 0], [1, 1]]","[[(0, 1), (0, 0)], [(1, 0), (0, 1)]]",40,1600,1.0,0.01,0.01,0.0,0.4,0.0,0.0,emotion,5,1,1.0,400,0.0,1.0,0.0,1.0,19.448,0.362,0.625,0.0,0.0,0.0,0.9,0.075,0.0,0.025,0.0
"[[0, 0], [1, 1]]","[[(0, 1), (0, 0)], [(1, 0), (0, 1)]]",40,1600,1.0,0.01,0.01,0.0,0.4,0.0,0.0,emotion,5,1,1.0,400,0.0,1.0,0.0,1.0,25.745,0.35,0.55,0.05,0.0,0.0,0.775,0.0,0.05,0.125,0.0
"[[0, 0], [1, 1]]","[[(0, 1), (0, 0)], [(1, 0), (0, 1)]]",40,1600,1.0,0.01,0.01,0.0,0.4,0.0,0.0,emotion,5,1,1.0,400,0.0,1.0,0.0,1.0,19.177,0.99,0.0,0.975,0.0,0.0,0.025,0.0,0.0,0.0,0.0
"[[0, 0], [1, 1]]","[[(0, 1), (0, 0)], [(1, 0), (0, 1)]]",40,1600,1.0,0.01,0.01,0.0,0.4,0.0,0.0,emotion,5,1,1.0,400,0.0,1.0,0.0,1.0,22.789,0.996,0.025,0.975,0.0,0.0,0.0,0.0,0.0,0.0,0.025
"[[0, 0], [1, 1]]","[[(0, 1), (0, 0)], [(1, 0), (0, 1)]]",40,1600,1.0,0.01,0.01,0.0,0.4,0.0,0.0,emotion,5,1,1.0,400,0.0,1.0,0.0,1.0,29.087,0.97,0.05,0.0,0.85,0.075,0.025,0.05,0.0,0.0,0.0
"[[0, 0], [1, 1]]","[[(0, 1), (0, 0)], [(1, 0), (0, 1)]]",40,1600,1.0,0.01,0.01,0.0,0.4,0.0,0.0,emotion,5,1,1.0,400,0.0,1.0,0.0,1.0,27.861,0.331,0.725,0.025,0.0,0.0,0.975,0.0,0.0,0.0,0.0
"[[0, 0], [1, 1]]","[[(0, 1), (0, 0)], [(1, 0), (0, 1)]]",40,1600,1.0,0.01,0.01,0.0,0.4,0.0,0.0,emotion,5,1,1.0,400,0.0,1.0,0.0,1.0,37.383,0.948,0.0,0.925,0.0,0.0,0.075,0.0,0.0,0.0,0.0
"[[0, 0], [1, 1]]","[[(0, 1), (0, 0)], [(1, 0), (0, 1)]]",40,1600,1.0,0.01,0.01,0.0,0.4,0.0,0.0,emotion,5,1,1.0,400,0.0,1.0,0.0,1.0,30.164,0.952,0.025,0.0,0.875,0.125,0.0,0.0,0.0,0.0,0.0
"[[0, 0], [1, 1]]","[[(0, 1), (0, 0)], [(1, 0), (0, 1)]]",40,1600,1.0,0.01,0.01,0.0,0.4,0.0,0.0,emotion,5,1,1.0,400,0.0,1.0,0.0,1.0,26.0,0.891,0.125,0.0,0.85,0.05,0.0,0.025,0.0,0.075,0.0
"[[0, 0], [1, 1]]","[[(0, 1), (0, 0)], [(1, 0), (0, 1)]]",40,1600,1.0,0.01,0.01,0.0,0.4,0.0,0.0,emotion,5,1,1.0,400,0.0,1.0,0.0,1.0,50.024,0.764,0.2,0.35,0.175,0.0,0.3,0.15,0.0,0.0,0.025
"[[0, 0], [1, 1]]","[[(0, 1), (0, 0)], [(1, 0), (0, 1)]]",40,1600,1.0,0.01,0.01,0.0,0.4,0.0,0.0,emotion,5,1,1.0,400,0.0,1.0,0.0,1.0,40.484,0.385,0.575,0.0,0.0,0.0,0.7,0.075,0.0,0.225,0.0
"[[0, 0], [1, 1]]","[[(0, 1), (0, 0)], [(1, 0), (0, 1)]]",40,1600,1.0,0.01,0.01,0.0,0.4,0.0,0.0,emotion,5,1,1.0,400,0.0,1.0,0.0,1.0,43.993,0.294,0.475,0.0,0.0,0.0,0.975,0.025,0.0,0.0,0.0
"[[0, 0], [1, 1]]","[[(0, 1), (0, 0)], [(1, 0), (0, 1)]]",40,1600,1.0,0.01,0.01,0.0,0.4,0.0,0.0,emotion,5,1,1.0,400,0.0,1.0,0.0,1.0,45.475,0.342,0.55,0.025,0.0,0.0,0.9,0.0,0.0,0.075,0.0
"[[0, 0], [1, 1]]","[[(0, 1), (0, 0)], [(1, 0), (0, 1)]]",40,1600,1.0,0.01,0.01,0.0,0.4,0.0,0.0,emotion,5,1,1.0,400,0.0,1.0,0.0,1.0,54.985,0.351,0.525,0.05,0.0,0.0,0.825,0.1,0.0,0.025,0.0
"[[0, 0], [1, 1]]","[[(0, 1), (0, 0)], [(1, 0), (0, 1)]]",40,1600,1.0,0.01,0.01,0.0,0.4,0.0,0.0,emotion,5,1,1.0,400,0.0,1.0,0.0,1.0,51.092,0.255,0.675,0.0,0.0,0.0,0.975,0.0,0.0,0.025,0.0
"[[0, 0], [1, 1]]","[[(0, 1), (0, 0)], [(1, 0), (0, 1)]]",40,1600,1.0,0.01,0.01,0.0,0.6,0.0,0.0,emotion,5,1,1.0,400,0.0,1.0,0.0,0.5,23.31,0.623,0.55,0.05,0.0,0.0,0.375,0.375,0.0,0.075,0.125
"[[0, 0], [1, 1]]","[[(0, 1), (0, 0)], [(1, 0), (0, 1)]]",40,1600,1.0,0.01,0.01,0.0,0.6,0.0,0.0,emotion,5,1,1.0,400,0.0,1.0,0.0,0.5,28.218,0.909,0.075,0.775,0.0,0.0,0.1,0.0,0.075,0.0,0.05
"[[0, 0], [1, 1]]","[[(0, 1), (0, 0)], [(1, 0), (0, 1)]]",40,1600,1.0,0.01,0.01,0.0,0.6,0.0,0.0,emotion,5,1,1.0,400,0.0,1.0,0.0,0.5,31.361,0.802,0.975,0.05,0.0,0.025,0.55,0.0,0.025,0.0,0.35
"[[0, 0], [1, 1]]","[[(0, 1), (0, 0)], [(1, 0), (0, 1)]]",40,1600,1.0,0.01,0.01,0.0,0.6,0.0,0.0,emotion,5,1,1.0,400,0.0,1.0,0.0,0.5,30.049,0.925,0.1,0.75,0.0,0.0,0.175,0.0,0.05,0.0,0.025
"[[0, 0], [1, 1]]","[[(0, 1), (0, 0)], [(1, 0), (0, 1)]]",40,1600,1.0,0.01,0.01,0.0,0.6,0.0,0.0,emotion,5,1,1.0,400,0.0,1.0,0.0,0.5,30.194,0.944,0.1,0.0,0.625,0.275,0.0,0.075,0.025,0.0,0.0
"[[0, 0], [1, 1]]","[[(0, 1), (0, 0)], [(1, 0), (0, 1)]]",40,1600,1.0,0.01,0.01,0.0,0.6,0.0,0.0,emotion,5,1,1.0,400,0.0,1.0,0.0,0.5,30.357,0.851,0.425,0.25,0.0,0.0,0.4,0.075,0.15,0.125,0.0
"[[0, 0], [1, 1]]","[[(0, 1), (0, 0)], [(1, 0), (0, 1)]]",40,1600,1.0,0.01,0.01,0.0,0.6,0.0,0.0,emotion,5,1,1.0,400,0.0,1.0,0.0,0.5,23.643,0.989,0.0,0.0,0.975,0.025,0.0,0.0,0.0,0.0,0.0
"[[0, 0], [1, 1]]","[[(0, 1), (0, 0)], [(1, 0), (0, 1)]]",40,1600,1.0,0.01,0.01,0.0,0.6,0.0,0.0,emotion,5,1,1.0,400,0.0,1.0,0.0,0.5,37.516,0.952,0.125,0.0,0.775,0.125,0.0,0.025,0.0,0.075,0.0
"[[0, 0], [1, 1]]","[[(0, 1), (0, 0)], [(1, 0), (0, 1)]]",40,1600,1.0,0.01,0.01,0.0,0.6,0.0,0.0,emotion,5,1,1.0,400,0.0,1.0,0.0,0.5,34.891,0.469,0.85,0.0,0.025,0.0,0.425,0.025,0.0,0.525,0.0
"[[0, 0], [1, 1]]","[[(0, 1), (0, 0)], [(1, 0), (0, 1)]]",40,1600,1.0,0.01,0.01,0.0,0.6,0.0,0.0,emotion,5,1,1.0,400,0.0,1.0,0.0,0.5,36.542,0.963,0.075,0.0,0.9,0.05,0.0,0.025,0.0,0.025,0.0
"[[0, 0], [1, 1]]","[[(0, 1), (0, 0)], [(1, 0), (0, 1)]]",40,1600,1.0,0.01,0.01,0.0,0.6,0.0,0.0,emotion,5,1,1.0,400,0.0,1.0,0.0,0.5,35.49,0.961,0.025,1.0,0.0,0.0,0.0,0.0,0.0,0.0,0.0
"[[0, 0], [1, 1]]","[[(0, 1), (0, 0)], [(1, 0), (0, 1)]]",40,1600,1.0,0.01,0.01,0.0,0.6,0.0,0.0,emotion,5,1,1.0,400,0.0,1.0,0.0,0.5,33.666,0.931,0.025,0.0,0.875,0.125,0.0,0.0,0.0,0.0,0.0
"[[0, 0], [1, 1]]","[[(0, 1), (0, 0)], [(1, 0), (0, 1)]]",40,1600,1.0,0.01,0.01,0.0,0.6,0.0,0.0,emotion,5,1,1.0,400,0.0,1.0,0.0,0.5,46.956,0.98,0.025,0.85,0.0,0.0,0.125,0.0,0.025,0.0,0.0
"[[0, 0], [1, 1]]","[[(0, 1), (0, 0)], [(1, 0), (0, 1)]]",40,1600,1.0,0.01,0.01,0.0,0.6,0.0,0.0,emotion,5,1,1.0,400,0.0,1.0,0.0,0.5,41.029,0.554,0.7,0.025,0.0,0.0,0.775,0.05,0.0,0.15,0.0
"[[0, 0], [1, 1]]","[[(0, 1), (0, 0)], [(1, 0), (0, 1)]]",40,1600,1.0,0.01,0.01,0.0,0.6,0.0,0.0,emotion,5,1,1.0,400,0.0,1.0,0.0,0.5,37.404,0.984,0.025,0.975,0.0,0.0,0.0,0.0,0.0,0.0,0.025
"[[0, 0], [1, 1]]","[[(0, 1), (0, 0)], [(1, 0), (0, 1)]]",40,1600,1.0,0.01,0.01,0.0,0.6,0.0,0.0,emotion,5,1,1.0,400,0.0,1.0,0.0,0.5,42.553,0.671,0.4,0.0,0.25,0.325,0.05,0.0,0.0,0.375,0.0
"[[0, 0], [1, 1]]","[[(0, 1), (0, 0)], [(1, 0), (0, 1)]]",40,1600,1.0,0.01,0.01,0.0,0.6,0.0,0.0,emotion,5,1,1.0,400,0.0,1.0,0.0,0.5,42.974,0.544,0.575,0.025,0.05,0.175,0.475,0.0,0.025,0.25,0.0
"[[0, 0], [1, 1]]","[[(0, 1), (0, 0)], [(1, 0), (0, 1)]]",40,1600,1.0,0.01,0.01,0.0,0.6,0.0,0.0,emotion,5,1,1.0,400,0.0,1.0,0.0,0.5,47.632,0.938,0.075,0.725,0.0,0.0,0.225,0.0,0.0,0.0,0.05
"[[0, 0], [1, 1]]","[[(0, 1), (0, 0)], [(1, 0), (0, 1)]]",40,1600,1.0,0.01,0.01,0.0,0.6,0.0,0.0,emotion,5,1,1.0,400,0.0,1.0,0.0,0.5,43.267,0.539,0.65,0.025,0.0,0.0,0.925,0.025,0.0,0.025,0.0
"[[0, 0], [1, 1]]","[[(0, 1), (0, 0)], [(1, 0), (0, 1)]]",40,1600,1.0,0.01,0.01,0.0,0.6,0.0,0.0,emotion,5,1,1.0,400,0.0,1.0,0.0,0.5,44.849,0.453,0.525,0.0,0.0,0.0,0.975,0.0,0.0,0.025,0.0
"[[0, 0], [1, 1]]","[[(0, 1), (0, 0)], [(1, 0), (0, 1)]]",40,1600,1.0,0.01,0.01,0.0,0.6,0.0,0.0,emotion,5,1,1.0,400,0.0,1.0,0.0,1.0,32.229,0.5,0.725,0.0,0.0,0.0,1.0,0.0,0.0,0.0,0.0
"[[0, 0], [1, 1]]","[[(0, 1), (0, 0)], [(1, 0), (0, 1)]]",40,1600,1.0,0.01,0.01,0.0,0.6,0.0,0.0,emotion,5,1,1.0,400,0.0,1.0,0.0,1.0,41.049,0.461,0.675,0.0,0.0,0.0,0.95,0.0,0.0,0.05,0.0
"[[0, 0], [1, 1]]","[[(0, 1), (0, 0)], [(1, 0), (0, 1)]]",40,1600,1.0,0.01,0.01,0.0,0.6,0.0,0.0,emotion,5,1,1.0,400,0.0,1.0,0.0,1.0,53.29,0.542,0.65,0.05,0.0,0.0,0.875,0.0,0.05,0.025,0.0
"[[0, 0], [1, 1]]","[[(0, 1), (0, 0)], [(1, 0), (0, 1)]]",40,1600,1.0,0.01,0.01,0.0,0.6,0.0,0.0,emotion,5,1,1.0,400,0.0,1.0,0.0,1.0,38.805,0.54,0.425,0.025,0.0,0.0,0.925,0.05,0.0,0.0,0.0
"[[0, 0], [1, 1]]","[[(0, 1), (0, 0)], [(1, 0), (0, 1)]]",40,1600,1.0,0.01,0.01,0.0,0.6,0.0,0.0,emotion,5,1,1.0,400,0.0,1.0,0.0,1.0,46.326,0.606,0.35,0.05,0.0,0.0,0.925,0.0,0.0,0.025,0.0
"[[0, 0], [1, 1]]","[[(0, 1), (0, 0)], [(1, 0), (0, 1)]]",40,1600,1.0,0.01,0.01,0.0,0.6,0.0,0.0,emotion,5,1,1.0,400,0.0,1.0,0.0,1.0,56.526,0.487,0.7,0.0,0.0,0.0,1.0,0.0,0.0,0.0,0.0
"[[0, 0], [1, 1]]","[[(0, 1), (0, 0)], [(1, 0), (0, 1)]]",40,1600,1.0,0.01,0.01,0.0,0.6,0.0,0.0,emotion,5,1,1.0,400,0.0,1.0,0.0,1.0,60.337,0.386,0.8,0.0,0.0,0.0,0.75,0.0,0.0,0.25,0.0
"[[0, 0], [1, 1]]","[[(0, 1), (0, 0)], [(1, 0), (0, 1)]]",40,1600,1.0,0.01,0.01,0.0,0.6,0.0,0.0,emotion,5,1,1.0,400,0.0,1.0,0.0,1.0,51.102,0.42,0.5,0.0,0.0,0.0,0.75,0.15,0.1,0.0,0.0
"[[0, 0], [1, 1]]","[[(0, 1), (0, 0)], [(1, 0), (0, 1)]]",40,1600,1.0,0.01,0.01,0.0,0.6,0.0,0.0,emotion,5,1,1.0,400,0.0,1.0,0.0,1.0,59.719,0.494,0.675,0.0,0.0,0.0,0.825,0.125,0.0,0.05,0.0
"[[0, 0], [1, 1]]","[[(0, 1), (0, 0)], [(1, 0), (0, 1)]]",40,1600,1.0,0.01,0.01,0.0,0.6,0.0,0.0,emotion,5,1,1.0,400,0.0,1.0,0.0,1.0,60.74,0.491,0.725,0.05,0.0,0.0,0.95,0.0,0.0,0.0,0.0
"[[0, 0], [1, 1]]","[[(0, 1), (0, 0)], [(1, 0), (0, 1)]]",40,1600,1.0,0.01,0.01,0.0,0.6,0.0,0.0,emotion,5,1,1.0,400,0.0,1.0,0.0,1.0,60.956,0.476,0.75,0.0,0.0,0.0,0.9,0.0,0.0,0.1,0.0
"[[0, 0], [1, 1]]","[[(0, 1), (0, 0)], [(1, 0), (0, 1)]]",40,1600,1.0,0.01,0.01,0.0,0.6,0.0,0.0,emotion,5,1,1.0,400,0.0,1.0,0.0,1.0,60.031,0.475,0.575,0.025,0.0,0.0,0.975,0.0,0.0,0.0,0.0
"[[0, 0], [1, 1]]","[[(0, 1), (0, 0)], [(1, 0), (0, 1)]]",40,1600,1.0,0.01,0.01,0.0,0.6,0.0,0.0,emotion,5,1,1.0,400,0.0,1.0,0.0,1.0,59.196,0.514,0.85,0.05,0.0,0.0,0.95,0.0,0.0,0.0,0.0
"[[0, 0], [1, 1]]","[[(0, 1), (0, 0)], [(1, 0), (0, 1)]]",40,1600,1.0,0.01,0.01,0.0,0.6,0.0,0.0,emotion,5,1,1.0,400,0.0,1.0,0.0,1.0,60.29,0.456,0.525,0.0,0.0,0.0,0.9,0.075,0.0,0.025,0.0
"[[0, 0], [1, 1]]","[[(0, 1), (0, 0)], [(1, 0), (0, 1)]]",40,1600,1.0,0.01,0.01,0.0,0.6,0.0,0.0,emotion,5,1,1.0,400,0.0,1.0,0.0,1.0,60.367,0.439,0.725,0.0,0.0,0.0,1.0,0.0,0.0,0.0,0.0
"[[0, 0], [1, 1]]","[[(0, 1), (0, 0)], [(1, 0), (0, 1)]]",40,1600,1.0,0.01,0.01,0.0,0.6,0.0,0.0,emotion,5,1,1.0,400,0.0,1.0,0.0,1.0,60.798,0.438,0.85,0.0,0.0,0.0,0.95,0.05,0.0,0.0,0.0
"[[0, 0], [1, 1]]","[[(0, 1), (0, 0)], [(1, 0), (0, 1)]]",40,1600,1.0,0.01,0.01,0.0,0.6,0.0,0.0,emotion,5,1,1.0,400,0.0,1.0,0.0,1.0,59.878,0.466,0.8,0.025,0.0,0.0,0.9,0.0,0.0,0.075,0.0
"[[0, 0], [1, 1]]","[[(0, 1), (0, 0)], [(1, 0), (0, 1)]]",40,1600,1.0,0.01,0.01,0.0,0.6,0.0,0.0,emotion,5,1,1.0,400,0.0,1.0,0.0,1.0,59.591,0.512,0.725,0.05,0.0,0.0,0.95,0.0,0.0,0.0,0.0
"[[0, 0], [1, 1]]","[[(0, 1), (0, 0)], [(1, 0), (0, 1)]]",40,1600,1.0,0.01,0.01,0.0,0.6,0.0,0.0,emotion,5,1,1.0,400,0.0,1.0,0.0,1.0,59.239,0.43,0.725,0.0,0.0,0.0,0.925,0.05,0.0,0.025,0.0
"[[0, 0], [1, 1]]","[[(0, 1), (0, 0)], [(1, 0), (0, 1)]]",40,1600,1.0,0.01,0.01,0.0,0.6,0.0,0.0,emotion,5,1,1.0,400,0.0,1.0,0.0,1.0,60.136,0.492,0.55,0.075,0.0,0.0,0.8,0.075,0.0,0.05,0.0
"[[0, 0], [1, 1]]","[[(0, 1), (0, 0)], [(1, 0), (0, 1)]]",40,1600,1.0,0.01,0.01,0.0,0.8,0.0,0.0,emotion,5,1,1.0,400,0.0,1.0,0.0,0.5,10.842,0.977,0.1,0.35,0.575,0.025,0.0,0.0,0.05,0.0,0.0
"[[0, 0], [1, 1]]","[[(0, 1), (0, 0)], [(1, 0), (0, 1)]]",40,1600,1.0,0.01,0.01,0.0,0.8,0.0,0.0,emotion,5,1,1.0,400,0.0,1.0,0.0,0.5,29.948,0.877,0.275,0.0,0.6,0.15,0.0,0.225,0.025,0.0,0.0
"[[0, 0], [1, 1]]","[[(0, 1), (0, 0)], [(1, 0), (0, 1)]]",40,1600,1.0,0.01,0.01,0.0,0.8,0.0,0.0,emotion,5,1,1.0,400,0.0,1.0,0.0,0.5,19.059,0.566,0.725,0.0,0.0,0.0,0.825,0.075,0.0,0.1,0.0
"[[0, 0], [1, 1]]","[[(0, 1), (0, 0)], [(1, 0), (0, 1)]]",40,1600,1.0,0.01,0.01,0.0,0.8,0.0,0.0,emotion,5,1,1.0,400,0.0,1.0,0.0,0.5,32.873,0.765,0.775,0.0,0.0,0.0,0.975,0.0,0.0,0.025,0.0
"[[0, 0], [1, 1]]","[[(0, 1), (0, 0)], [(1, 0), (0, 1)]]",40,1600,1.0,0.01,0.01,0.0,0.8,0.0,0.0,emotion,5,1,1.0,400,0.0,1.0,0.0,0.5,28.556,0.769,0.625,0.075,0.0,0.0,0.5,0.2,0.075,0.1,0.05
"[[0, 0], [1, 1]]","[[(0, 1), (0, 0)], [(1, 0), (0, 1)]]",40,1600,1.0,0.01,0.01,0.0,0.8,0.0,0.0,emotion,5,1,1.0,400,0.0,1.0,0.0,0.5,45.454,0.664,0.8,0.0,0.0,0.0,0.8,0.0,0.0,0.2,0.0
"[[0, 0], [1, 1]]","[[(0, 1), (0, 0)], [(1, 0), (0, 1)]]",40,1600,1.0,0.01,0.01,0.0,0.8,0.0,0.0,emotion,5,1,1.0,400,0.0,1.0,0.0,0.5,45.249,0.671,0.7,0.0,0.0,0.0,0.75,0.0,0.0,0.25,0.0
"[[0, 0], [1, 1]]","[[(0, 1), (0, 0)], [(1, 0), (0, 1)]]",40,1600,1.0,0.01,0.01,0.0,0.8,0.0,0.0,emotion,5,1,1.0,400,0.0,1.0,0.0,0.5,47.057,0.959,0.1,0.0,0.7,0.225,0.0,0.025,0.0,0.05,0.0
"[[0, 0], [1, 1]]","[[(0, 1), (0, 0)], [(1, 0), (0, 1)]]",40,1600,1.0,0.01,0.01,0.0,0.8,0.0,0.0,emotion,5,1,1.0,400,0.0,1.0,0.0,0.5,43.932,1.0,0.025,0.625,0.0,0.0,0.35,0.0,0.0,0.0,0.025
"[[0, 0], [1, 1]]","[[(0, 1), (0, 0)], [(1, 0), (0, 1)]]",40,1600,1.0,0.01,0.01,0.0,0.8,0.0,0.0,emotion,5,1,1.0,400,0.0,1.0,0.0,0.5,42.921,0.705,0.8,0.0,0.0,0.0,0.925,0.05,0.0,0.025,0.0
"[[0, 0], [1, 1]]","[[(0, 1), (0, 0)], [(1, 0), (0, 1)]]",40,1600,1.0,0.01,0.01,0.0,0.8,0.0,0.0,emotion,5,1,1.0,400,0.0,1.0,0.0,0.5,49.067,0.672,0.775,0.0,0.0,0.0,0.625,0.05,0.0,0.325,0.0
"[[0, 0], [1, 1]]","[[(0, 1), (0, 0)], [(1, 0), (0, 1)]]",40,1600,1.0,0.01,0.01,0.0,0.8,0.0,0.0,emotion,5,1,1.0,400,0.0,1.0,0.0,0.5,42.569,0.97,0.05,0.025,0.8,0.15,0.0,0.0,0.0,0.025,0.0
"[[0, 0], [1, 1]]","[[(0, 1), (0, 0)], [(1, 0), (0, 1)]]",40,1600,1.0,0.01,0.01,0.0,0.8,0.0,0.0,emotion,5,1,1.0,400,0.0,1.0,0.0,0.5,47.261,0.957,0.05,0.0,0.65,0.325,0.0,0.0,0.025,0.0,0.0
"[[0, 0], [1, 1]]","[[(0, 1), (0, 0)], [(1, 0), (0, 1)]]",40,1600,1.0,0.01,0.01,0.0,0.8,0.0,0.0,emotion,5,1,1.0,400,0.0,1.0,0.0,0.5,59.779,0.701,0.625,0.025,0.0,0.0,0.975,0.0,0.0,0.0,0.0
"[[0, 0], [1, 1]]","[[(0, 1), (0, 0)], [(1, 0), (0, 1)]]",40,1600,1.0,0.01,0.01,0.0,0.8,0.0,0.0,emotion,5,1,1.0,400,0.0,1.0,0.0,0.5,59.805,0.62,0.7,0.0,0.05,0.0,0.7,0.05,0.0,0.2,0.0
"[[0, 0], [1, 1]]","[[(0, 1), (0, 0)], [(1, 0), (0, 1)]]",40,1600,1.0,0.01,0.01,0.0,0.8,0.0,0.0,emotion,5,1,1.0,400,0.0,1.0,0.0,0.5,47.576,0.52,0.675,0.0,0.0,0.0,0.75,0.0,0.0,0.25,0.0
"[[0, 0], [1, 1]]","[[(0, 1), (0, 0)], [(1, 0), (0, 1)]]",40,1600,1.0,0.01,0.01,0.0,0.8,0.0,0.0,emotion,5,1,1.0,400,0.0,1.0,0.0,0.5,58.188,0.931,0.125,0.575,0.0,0.0,0.325,0.0,0.0,0.0,0.1
"[[0, 0], [1, 1]]","[[(0, 1), (0, 0)], [(1, 0), (0, 1)]]",40,1600,1.0,0.01,0.01,0.0,0.8,0.0,0.0,emotion,5,1,1.0,400,0.0,1.0,0.0,0.5,60.91,0.759,0.925,0.025,0.0,0.0,0.975,0.0,0.0,0.0,0.0
"[[0, 0], [1, 1]]","[[(0, 1), (0, 0)], [(1, 0), (0, 1)]]",40,1600,1.0,0.01,0.01,0.0,0.8,0.0,0.0,emotion,5,1,1.0,400,0.0,1.0,0.0,0.5,69.843,0.746,0.75,0.0,0.0,0.0,0.7,0.075,0.0,0.025,0.2
"[[0, 0], [1, 1]]","[[(0, 1), (0, 0)], [(1, 0), (0, 1)]]",40,1600,1.0,0.01,0.01,0.0,0.8,0.0,0.0,emotion,5,1,1.0,400,0.0,1.0,0.0,0.5,69.286,0.829,0.85,0.05,0.0,0.0,0.45,0.0,0.0,0.0,0.5
"[[0, 0], [1, 1]]","[[(0, 1), (0, 0)], [(1, 0), (0, 1)]]",40,1600,1.0,0.01,0.01,0.0,0.8,0.0,0.0,emotion,5,1,1.0,400,0.0,1.0,0.0,1.0,12.392,0.72,0.75,0.0,0.0,0.0,1.0,0.0,0.0,0.0,0.0
"[[0, 0], [1, 1]]","[[(0, 1), (0, 0)], [(1, 0), (0, 1)]]",40,1600,1.0,0.01,0.01,0.0,0.8,0.0,0.0,emotion,5,1,1.0,400,0.0,1.0,0.0,1.0,12.244,0.935,0.1,0.0,0.75,0.25,0.0,0.0,0.0,0.0,0.0
"[[0, 0], [1, 1]]","[[(0, 1), (0, 0)], [(1, 0), (0, 1)]]",40,1600,1.0,0.01,0.01,0.0,0.8,0.0,0.0,emotion,5,1,1.0,400,0.0,1.0,0.0,1.0,26.046,0.631,0.675,0.0,0.0,0.0,0.875,0.0,0.0,0.125,0.0
"[[0, 0], [1, 1]]","[[(0, 1), (0, 0)], [(1, 0), (0, 1)]]",40,1600,1.0,0.01,0.01,0.0,0.8,0.0,0.0,emotion,5,1,1.0,400,0.0,1.0,0.0,1.0,59.402,0.647,0.725,0.0,0.025,0.0,0.875,0.025,0.0,0.075,0.0
"[[0, 0], [1, 1]]","[[(0, 1), (0, 0)], [(1, 0), (0, 1)]]",40,1600,1.0,0.01,0.01,0.0,0.8,0.0,0.0,emotion,5,1,1.0,400,0.0,1.0,0.0,1.0,48.609,0.968,0.05,0.0,0.875,0.125,0.0,0.0,0.0,0.0,0.0
"[[0, 0], [1, 1]]","[[(0, 1), (0, 0)], [(1, 0), (0, 1)]]",40,1600,1.0,0.01,0.01,0.0,0.8,0.0,0.0,emotion,5,1,1.0,400,0.0,1.0,0.0,1.0,69.636,0.694,0.825,0.0,0.0,0.0,0.975,0.0,0.0,0.025,0.0
"[[0, 0], [1, 1]]","[[(0, 1), (0, 0)], [(1, 0), (0, 1)]]",40,1600,1.0,0.01,0.01,0.0,0.8,0.0,0.0,emotion,5,1,1.0,400,0.0,1.0,0.0,1.0,69.481,0.684,0.75,0.025,0.0,0.0,0.975,0.0,0.0,0.0,0.0
"[[0, 0], [1, 1]]","[[(0, 1), (0, 0)], [(1, 0), (0, 1)]]",40,1600,1.0,0.01,0.01,0.0,0.8,0.0,0.0,emotion,5,1,1.0,400,0.0,1.0,0.0,1.0,69.15,0.67,0.775,0.0,0.0,0.0,0.95,0.0,0.0,0.05,0.0
"[[0, 0], [1, 1]]","[[(0, 1), (0, 0)], [(1, 0), (0, 1)]]",40,1600,1.0,0.01,0.01,0.0,0.8,0.0,0.0,emotion,5,1,1.0,400,0.0,1.0,0.0,1.0,69.407,0.698,0.7,0.0,0.0,0.0,0.975,0.025,0.0,0.0,0.0
"[[0, 0], [1, 1]]","[[(0, 1), (0, 0)], [(1, 0), (0, 1)]]",40,1600,1.0,0.01,0.01,0.0,0.8,0.0,0.0,emotion,5,1,1.0,400,0.0,1.0,0.0,1.0,69.545,0.693,0.8,0.0,0.0,0.0,0.975,0.025,0.0,0.0,0.0
"[[0, 0], [1, 1]]","[[(0, 1), (0, 0)], [(1, 0), (0, 1)]]",40,1600,1.0,0.01,0.01,0.0,0.8,0.0,0.0,emotion,5,1,1.0,400,0.0,1.0,0.0,1.0,69.236,0.719,0.725,0.0,0.0,0.0,0.9,0.05,0.0,0.05,0.0
"[[0, 0], [1, 1]]","[[(0, 1), (0, 0)], [(1, 0), (0, 1)]]",40,1600,1.0,0.01,0.01,0.0,0.8,0.0,0.0,emotion,5,1,1.0,400,0.0,1.0,0.0,1.0,69.01,0.661,0.825,0.0,0.0,0.0,0.95,0.05,0.0,0.0,0.0
"[[0, 0], [1, 1]]","[[(0, 1), (0, 0)], [(1, 0), (0, 1)]]",40,1600,1.0,0.01,0.01,0.0,0.8,0.0,0.0,emotion,5,1,1.0,400,0.0,1.0,0.0,1.0,69.469,0.754,0.7,0.0,0.0,0.0,0.975,0.025,0.0,0.0,0.0
"[[0, 0], [1, 1]]","[[(0, 1), (0, 0)], [(1, 0), (0, 1)]]",40,1600,1.0,0.01,0.01,0.0,0.8,0.0,0.0,emotion,5,1,1.0,400,0.0,1.0,0.0,1.0,69.127,0.718,0.875,0.0,0.0,0.0,1.0,0.0,0.0,0.0,0.0
"[[0, 0], [1, 1]]","[[(0, 1), (0, 0)], [(1, 0), (0, 1)]]",40,1600,1.0,0.01,0.01,0.0,0.8,0.0,0.0,emotion,5,1,1.0,400,0.0,1.0,0.0,1.0,69.711,0.754,0.9,0.0,0.0,0.0,1.0,0.0,0.0,0.0,0.0
"[[0, 0], [1, 1]]","[[(0, 1), (0, 0)], [(1, 0), (0, 1)]]",40,1600,1.0,0.01,0.01,0.0,0.8,0.0,0.0,emotion,5,1,1.0,400,0.0,1.0,0.0,1.0,69.546,0.635,0.7,0.0,0.0,0.0,0.875,0.0,0.0,0.1,0.025
"[[0, 0], [1, 1]]","[[(0, 1), (0, 0)], [(1, 0), (0, 1)]]",40,1600,1.0,0.01,0.01,0.0,0.8,0.0,0.0,emotion,5,1,1.0,400,0.0,1.0,0.0,1.0,69.649,0.626,0.7,0.025,0.0,0.0,0.95,0.0,0.0,0.025,0.0
"[[0, 0], [1, 1]]","[[(0, 1), (0, 0)], [(1, 0), (0, 1)]]",40,1600,1.0,0.01,0.01,0.0,0.8,0.0,0.0,emotion,5,1,1.0,400,0.0,1.0,0.0,1.0,69.38,0.69,0.775,0.0,0.0,0.0,0.975,0.0,0.0,0.025,0.0
"[[0, 0], [1, 1]]","[[(0, 1), (0, 0)], [(1, 0), (0, 1)]]",40,1600,1.0,0.01,0.01,0.0,0.8,0.0,0.0,emotion,5,1,1.0,400,0.0,1.0,0.0,1.0,70.069,0.649,0.8,0.0,0.0,0.0,0.975,0.025,0.0,0.0,0.0
"[[0, 0], [1, 1]]","[[(0, 1), (0, 0)], [(1, 0), (0, 1)]]",40,1600,1.0,0.01,0.01,0.0,0.8,0.0,0.0,emotion,5,1,1.0,400,0.0,1.0,0.0,1.0,67.894,0.684,0.675,0.05,0.0,0.0,0.95,0.0,0.0,0.0,0.0
"[[1, 0], [1, 1]]","[[(0, 0), (0, 1)], [(1, 0), (0, 1)]]",40,1600,1.0,0.01,0.01,0.0,0.4,0.0,0.0,emotion,5,1,1.0,400,0.0,1.0,0.0,0.5,6.319,0.236,0.675,0.925,0.0,0.0,0.025,0.0,0.05,0.0,0.0
"[[1, 0], [1, 1]]","[[(0, 0), (0, 1)], [(1, 0), (0, 1)]]",40,1600,1.0,0.01,0.01,0.0,0.4,0.0,0.0,emotion,5,1,1.0,400,0.0,1.0,0.0,0.5,6.456,0.111,0.35,1.0,0.0,0.0,0.0,0.0,0.0,0.0,0.0
"[[1, 0], [1, 1]]","[[(0, 0), (0, 1)], [(1, 0), (0, 1)]]",40,1600,1.0,0.01,0.01,0.0,0.4,0.0,0.0,emotion,5,1,1.0,400,0.0,1.0,0.0,0.5,5.563,0.429,0.25,0.925,0.0,0.0,0.0,0.0,0.0,0.0,0.075
"[[1, 0], [1, 1]]","[[(0, 0), (0, 1)], [(1, 0), (0, 1)]]",40,1600,1.0,0.01,0.01,0.0,0.4,0.0,0.0,emotion,5,1,1.0,400,0.0,1.0,0.0,0.5,5.812,0.164,0.5,0.0,0.925,0.0,0.0,0.0,0.05,0.025,0.0
"[[1, 0], [1, 1]]","[[(0, 0), (0, 1)], [(1, 0), (0, 1)]]",40,1600,1.0,0.01,0.01,0.0,0.4,0.0,0.0,emotion,5,1,1.0,400,0.0,1.0,0.0,0.5,6.016,0.269,0.375,0.925,0.0,0.0,0.05,0.0,0.025,0.0,0.0
"[[1, 0], [1, 1]]","[[(0, 0), (0, 1)], [(1, 0), (0, 1)]]",40,1600,1.0,0.01,0.01,0.0,0.4,0.0,0.0,emotion,5,1,1.0,400,0.0,1.0,0.0,0.5,6.467,0.261,0.525,0.0,0.8,0.1,0.0,0.05,0.0,0.05,0.0
"[[1, 0], [1, 1]]","[[(0, 0), (0, 1)], [(1, 0), (0, 1)]]",40,1600,1.0,0.01,0.01,0.0,0.4,0.0,0.0,emotion,5,1,1.0,400,0.0,1.0,0.0,0.5,6.201,0.424,0.45,0.575,0.0,0.0,0.425,0.0,0.0,0.0,0.0
"[[1, 0], [1, 1]]","[[(0, 0), (0, 1)], [(1, 0), (0, 1)]]",40,1600,1.0,0.01,0.01,0.0,0.4,0.0,0.0,emotion,5,1,1.0,400,0.0,1.0,0.0,0.5,18.385,0.914,1.0,0.0,0.0,0.0,1.0,0.0,0.0,0.0,0.0
"[[1, 0], [1, 1]]","[[(0, 0), (0, 1)], [(1, 0), (0, 1)]]",40,1600,1.0,0.01,0.01,0.0,0.4,0.0,0.0,emotion,5,1,1.0,400,0.0,1.0,0.0,0.5,30.781,0.781,1.0,0.0,0.0,0.0,0.975,0.0,0.0,0.025,0.0
"[[1, 0], [1, 1]]","[[(0, 0), (0, 1)], [(1, 0), (0, 1)]]",40,1600,1.0,0.01,0.01,0.0,0.4,0.0,0.0,emotion,5,1,1.0,400,0.0,1.0,0.0,0.5,27.248,0.73,0.95,0.025,0.0,0.0,0.95,0.025,0.0,0.0,0.0
"[[1, 0], [1, 1]]","[[(0, 0), (0, 1)], [(1, 0), (0, 1)]]",40,1600,1.0,0.01,0.01,0.0,0.4,0.0,0.0,emotion,5,1,1.0,400,0.0,1.0,0.0,0.5,44.978,0.818,1.0,0.0,0.0,0.0,0.975,0.0,0.0,0.025,0.0
"[[1, 0], [1, 1]]","[[(0, 0), (0, 1)], [(1, 0), (0, 1)]]",40,1600,1.0,0.01,0.01,0.0,0.4,0.0,0.0,emotion,5,1,1.0,400,0.0,1.0,0.0,0.5,38.658,0.204,0.65,0.85,0.0,0.0,0.025,0.1,0.025,0.0,0.0
"[[1, 0], [1, 1]]","[[(0, 0), (0, 1)], [(1, 0), (0, 1)]]",40,1600,1.0,0.01,0.01,0.0,0.4,0.0,0.0,emotion,5,1,1.0,400,0.0,1.0,0.0,0.5,41.16,0.881,0.975,0.025,0.0,0.0,0.975,0.0,0.0,0.0,0.0
"[[1, 0], [1, 1]]","[[(0, 0), (0, 1)], [(1, 0), (0, 1)]]",40,1600,1.0,0.01,0.01,0.0,0.4,0.0,0.0,emotion,5,1,1.0,400,0.0,1.0,0.0,0.5,40.314,0.431,0.875,0.75,0.0,0.0,0.225,0.0,0.0,0.0,0.025
"[[1, 0], [1, 1]]","[[(0, 0), (0, 1)], [(1, 0), (0, 1)]]",40,1600,1.0,0.01,0.01,0.0,0.4,0.0,0.0,emotion,5,1,1.0,400,0.0,1.0,0.0,0.5,51.218,0.776,0.95,0.0,0.0,0.0,0.95,0.025,0.0,0.025,0.0
"[[1, 0], [1, 1]]","[[(0, 0), (0, 1)], [(1, 0), (0, 1)]]",40,1600,1.0,0.01,0.01,0.0,0.4,0.0,0.0,emotion,5,1,1.0,400,0.0,1.0,0.0,0.5,65.957,0.79,1.0,0.0,0.0,0.0,1.0,0.0,0.0,0.0,0.0
"[[1, 0], [1, 1]]","[[(0, 0), (0, 1)], [(1, 0), (0, 1)]]",40,1600,1.0,0.01,0.01,0.0,0.4,0.0,0.0,emotion,5,1,1.0,400,0.0,1.0,0.0,0.5,67.765,0.818,0.95,0.025,0.0,0.0,0.925,0.025,0.0,0.025,0.0
"[[1, 0], [1, 1]]","[[(0, 0), (0, 1)], [(1, 0), (0, 1)]]",40,1600,1.0,0.01,0.01,0.0,0.4,0.0,0.0,emotion,5,1,1.0,400,0.0,1.0,0.0,0.5,64.756,0.188,0.325,0.925,0.0,0.0,0.0,0.0,0.025,0.0,0.05
"[[1, 0], [1, 1]]","[[(0, 0), (0, 1)], [(1, 0), (0, 1)]]",40,1600,1.0,0.01,0.01,0.0,0.4,0.0,0.0,emotion,5,1,1.0,400,0.0,1.0,0.0,0.5,84.98,0.757,0.975,0.025,0.0,0.0,0.975,0.0,0.0,0.0,0.0
"[[1, 0], [1, 1]]","[[(0, 0), (0, 1)], [(1, 0), (0, 1)]]",40,1600,1.0,0.01,0.01,0.0,0.4,0.0,0.0,emotion,5,1,1.0,400,0.0,1.0,0.0,0.5,84.983,0.744,1.0,0.0,0.0,0.0,0.975,0.0,0.0,0.025,0.0
"[[1, 0], [1, 1]]","[[(0, 0), (0, 1)], [(1, 0), (0, 1)]]",40,1600,1.0,0.01,0.01,0.0,0.4,0.0,0.0,emotion,5,1,1.0,400,0.0,1.0,0.0,1.0,6.288,0.249,0.575,0.0,0.825,0.05,0.0,0.1,0.0,0.025,0.0
"[[1, 0], [1, 1]]","[[(0, 0), (0, 1)], [(1, 0), (0, 1)]]",40,1600,1.0,0.01,0.01,0.0,0.4,0.0,0.0,emotion,5,1,1.0,400,0.0,1.0,0.0,1.0,6.037,0.173,0.475,0.95,0.0,0.0,0.025,0.0,0.025,0.0,0.0
"[[1, 0], [1, 1]]","[[(0, 0), (0, 1)], [(1, 0), (0, 1)]]",40,1600,1.0,0.01,0.01,0.0,0.4,0.0,0.0,emotion,5,1,1.0,400,0.0,1.0,0.0,1.0,5.943,0.125,0.45,0.0,0.925,0.075,0.0,0.0,0.0,0.0,0.0
"[[1, 0], [1, 1]]","[[(0, 0), (0, 1)], [(1, 0), (0, 1)]]",40,1600,1.0,0.01,0.01,0.0,0.4,0.0,0.0,emotion,5,1,1.0,400,0.0,1.0,0.0,1.0,6.126,0.216,0.575,0.0,0.925,0.0,0.025,0.0,0.0,0.05,0.0
"[[1, 0], [1, 1]]","[[(0, 0), (0, 1)], [(1, 0), (0, 1)]]",40,1600,1.0,0.01,0.01,0.0,0.4,0.0,0.0,emotion,5,1,1.0,400,0.0,1.0,0.0,1.0,5.999,0.17,0.4,0.0,0.95,0.025,0.0,0.025,0.0,0.0,0.0
"[[1, 0], [1, 1]]","[[(0, 0), (0, 1)], [(1, 0), (0, 1)]]",40,1600,1.0,0.01,0.01,0.0,0.4,0.0,0.0,emotion,5,1,1.0,400,0.0,1.0,0.0,1.0,5.65,0.259,0.425,0.0,0.7,0.1,0.0,0.2,0.0,0.0,0.0
"[[1, 0], [1, 1]]","[[(0, 0), (0, 1)], [(1, 0), (0, 1)]]",40,1600,1.0,0.01,0.01,0.0,0.4,0.0,0.0,emotion,5,1,1.0,400,0.0,1.0,0.0,1.0,6.02,0.197,0.6,0.975,0.0,0.0,0.0,0.0,0.0,0.0,0.025
"[[1, 0], [1, 1]]","[[(0, 0), (0, 1)], [(1, 0), (0, 1)]]",40,1600,1.0,0.01,0.01,0.0,0.4,0.0,0.0,emotion,5,1,1.0,400,0.0,1.0,0.0,1.0,5.579,0.148,0.475,0.0,0.975,0.0,0.0,0.025,0.0,0.0,0.0
"[[1, 0], [1, 1]]","[[(0, 0), (0, 1)], [(1, 0), (0, 1)]]",40,1600,1.0,0.01,0.01,0.0,0.4,0.0,0.0,emotion,5,1,1.0,400,0.0,1.0,0.0,1.0,6.112,0.305,0.9,0.0,0.925,0.0,0.0,0.025,0.0,0.05,0.0
"[[1, 0], [1, 1]]","[[(0, 0), (0, 1)], [(1, 0), (0, 1)]]",40,1600,1.0,0.01,0.01,0.0,0.4,0.0,0.0,emotion,5,1,1.0,400,0.0,1.0,0.0,1.0,6.938,0.123,0.425,1.0,0.0,0.0,0.0,0.0,0.0,0.0,0.0
"[[1, 0], [1, 1]]","[[(0, 0), (0, 1)], [(1, 0), (0, 1)]]",40,1600,1.0,0.01,0.01,0.0,0.4,0.0,0.0,emotion,5,1,1.0,400,0.0,1.0,0.0,1.0,5.638,0.123,0.45,0.0,0.95,0.025,0.0,0.0,0.025,0.0,0.0
"[[1, 0], [1, 1]]","[[(0, 0), (0, 1)], [(1, 0), (0, 1)]]",40,1600,1.0,0.01,0.01,0.0,0.4,0.0,0.0,emotion,5,1,1.0,400,0.0,1.0,0.0,1.0,20.957,0.566,0.875,0.025,0.0,0.0,0.925,0.05,0.0,0.0,0.0
"[[1, 0], [1, 1]]","[[(0, 0), (0, 1)], [(1, 0), (0, 1)]]",40,1600,1.0,0.01,0.01,0.0,0.4,0.0,0.0,emotion,5,1,1.0,400,0.0,1.0,0.0,1.0,22.607,0.181,0.6,0.95,0.0,0.0,0.0,0.0,0.05,0.0,0.0
"[[1, 0], [1, 1]]","[[(0, 0), (0, 1)], [(1, 0), (0, 1)]]",40,1600,1.0,0.01,0.01,0.0,0.4,0.0,0.0,emotion,5,1,1.0,400,0.0,1.0,0.0,1.0,23.766,0.689,0.975,0.0,0.0,0.0,0.975,0.025,0.0,0.0,0.0
"[[1, 0], [1, 1]]","[[(0, 0), (0, 1)], [(1, 0), (0, 1)]]",40,1600,1.0,0.01,0.01,0.0,0.4,0.0,0.0,emotion,5,1,1.0,400,0.0,1.0,0.0,1.0,24.989,0.574,0.9,0.0,0.0,0.0,0.875,0.1,0.0,0.025,0.0
"[[1, 0], [1, 1]]","[[(0, 0), (0, 1)], [(1, 0), (0, 1)]]",40,1600,1.0,0.01,0.01,0.0,0.4,0.0,0.0,emotion,5,1,1.0,400,0.0,1.0,0.0,1.0,38.475,0.535,0.875,0.025,0.0,0.0,0.85,0.05,0.025,0.05,0.0
"[[1, 0], [1, 1]]","[[(0, 0), (0, 1)], [(1, 0), (0, 1)]]",40,1600,1.0,0.01,0.01,0.0,0.4,0.0,0.0,emotion,5,1,1.0,400,0.0,1.0,0.0,1.0,28.564,0.188,0.625,0.0,0.875,0.0,0.0,0.125,0.0,0.0,0.0
"[[1, 0], [1, 1]]","[[(0, 0), (0, 1)], [(1, 0), (0, 1)]]",40,1600,1.0,0.01,0.01,0.0,0.4,0.0,0.0,emotion,5,1,1.0,400,0.0,1.0,0.0,1.0,34.682,0.179,0.325,0.975,0.0,0.0,0.025,0.0,0.0,0.0,0.0
"[[1, 0], [1, 1]]","[[(0, 0), (0, 1)], [(1, 0), (0, 1)]]",40,1600,1.0,0.01,0.01,0.0,0.4,0.0,0.0,emotion,5,1,1.0,400,0.0,1.0,0.0,1.0,64.846,0.739,0.975,0.0,0.0,0.0,0.95,0.025,0.0,0.025,0.0
"[[1, 0], [1, 1]]","[[(0, 0), (0, 1)], [(1, 0), (0, 1)]]",40,1600,1.0,0.01,0.01,0.0,0.4,0.0,0.0,emotion,5,1,1.0,400,0.0,1.0,0.0,1.0,76.495,0.178,0.775,0.925,0.0,0.0,0.025,0.0,0.025,0.0,0.025
"[[1, 0], [1, 1]]","[[(0, 0), (0, 1)], [(1, 0), (0, 1)]]",40,1600,1.0,0.01,0.01,0.0,0.6,0.0,0.0,emotion,5,1,1.0,400,0.0,1.0,0.0,0.5,5.709,0.151,0.575,0.0,0.95,0.025,0.0,0.025,0.0,0.0,0.0
"[[1, 0], [1, 1]]","[[(0, 0), (0, 1)], [(1, 0), (0, 1)]]",40,1600,1.0,0.01,0.01,0.0,0.6,0.0,0.0,emotion,5,1,1.0,400,0.0,1.0,0.0,0.5,6.195,0.214,0.4,0.0,0.975,0.0,0.0,0.0,0.0,0.0,0.025
"[[1, 0], [1, 1]]","[[(0, 0), (0, 1)], [(1, 0), (0, 1)]]",40,1600,1.0,0.01,0.01,0.0,0.6,0.0,0.0,emotion,5,1,1.0,400,0.0,1.0,0.0,0.5,6.324,0.194,0.65,0.0,0.875,0.1,0.0,0.0,0.025,0.0,0.0
"[[1, 0], [1, 1]]","[[(0, 0), (0, 1)], [(1, 0), (0, 1)]]",40,1600,1.0,0.01,0.01,0.0,0.6,0.0,0.0,emotion,5,1,1.0,400,0.0,1.0,0.0,0.5,5.839,0.221,0.325,0.0,0.975,0.025,0.0,0.0,0.0,0.0,0.0
"[[1, 0], [1, 1]]","[[(0, 0), (0, 1)], [(1, 0), (0, 1)]]",40,1600,1.0,0.01,0.01,0.0,0.6,0.0,0.0,emotion,5,1,1.0,400,0.0,1.0,0.0,0.5,6.208,0.168,0.4,0.0,0.925,0.0,0.0,0.0,0.0,0.075,0.0
"[[1, 0], [1, 1]]","[[(0, 0), (0, 1)], [(1, 0), (0, 1)]]",40,1600,1.0,0.01,0.01,0.0,0.6,0.0,0.0,emotion,5,1,1.0,400,0.0,1.0,0.0,0.5,6.36,0.191,0.4,0.0,0.9,0.075,0.0,0.0,0.0,0.0,0.025
"[[1, 0], [1, 1]]","[[(0, 0), (0, 1)], [(1, 0), (0, 1)]]",40,1600,1.0,0.01,0.01,0.0,0.6,0.0,0.0,emotion,5,1,1.0,400,0.0,1.0,0.0,0.5,6.072,0.239,0.75,0.0,0.825,0.1,0.0,0.075,0.0,0.0,0.0
"[[1, 0], [1, 1]]","[[(0, 0), (0, 1)], [(1, 0), (0, 1)]]",40,1600,1.0,0.01,0.01,0.0,0.6,0.0,0.0,emotion,5,1,1.0,400,0.0,1.0,0.0,0.5,9.298,0.19,0.475,0.0,0.975,0.0,0.0,0.025,0.0,0.0,0.0
"[[1, 0], [1, 1]]","[[(0, 0), (0, 1)], [(1, 0), (0, 1)]]",40,1600,1.0,0.01,0.01,0.0,0.6,0.0,0.0,emotion,5,1,1.0,400,0.0,1.0,0.0,0.5,54.34,0.799,0.9,0.025,0.025,0.0,0.875,0.025,0.0,0.05,0.0
"[[1, 0], [1, 1]]","[[(0, 0), (0, 1)], [(1, 0), (0, 1)]]",40,1600,1.0,0.01,0.01,0.0,0.6,0.0,0.0,emotion,5,1,1.0,400,0.0,1.0,0.0,0.5,75.052,0.786,0.975,0.0,0.0,0.0,1.0,0.0,0.0,0.0,0.0
"[[1, 0], [1, 1]]","[[(0, 0), (0, 1)], [(1, 0), (0, 1)]]",40,1600,1.0,0.01,0.01,0.0,0.6,0.0,0.0,emotion,5,1,1.0,400,0.0,1.0,0.0,0.5,79.408,0.645,0.925,0.0,0.0,0.0,0.875,0.075,0.0,0.05,0.0
"[[1, 0], [1, 1]]","[[(0, 0), (0, 1)], [(1, 0), (0, 1)]]",40,1600,1.0,0.01,0.01,0.0,0.6,0.0,0.0,emotion,5,1,1.0,400,0.0,1.0,0.0,0.5,84.193,0.949,0.975,0.0,0.0,0.0,0.975,0.025,0.0,0.0,0.0
"[[1, 0], [1, 1]]","[[(0, 0), (0, 1)], [(1, 0), (0, 1)]]",40,1600,1.0,0.01,0.01,0.0,0.6,0.0,0.0,emotion,5,1,1.0,400,0.0,1.0,0.0,0.5,68.956,0.826,0.925,0.025,0.0,0.0,0.9,0.05,0.0,0.025,0.0
"[[1, 0], [1, 1]]","[[(0, 0), (0, 1)], [(1, 0), (0, 1)]]",40,1600,1.0,0.01,0.01,0.0,0.6,0.0,0.0,emotion,5,1,1.0,400,0.0,1.0,0.0,0.5,86.468,0.874,1.0,0.0,0.0,0.0,0.975,0.025,0.0,0.0,0.0
"[[1, 0], [1, 1]]","[[(0, 0), (0, 1)], [(1, 0), (0, 1)]]",40,1600,1.0,0.01,0.01,0.0,0.6,0.0,0.0,emotion,5,1,1.0,400,0.0,1.0,0.0,0.5,86.095,0.846,1.0,0.0,0.0,0.0,0.975,0.0,0.0,0.025,0.0
"[[1, 0], [1, 1]]","[[(0, 0), (0, 1)], [(1, 0), (0, 1)]]",40,1600,1.0,0.01,0.01,0.0,0.6,0.0,0.0,emotion,5,1,1.0,400,0.0,1.0,0.0,0.5,86.583,0.927,1.0,0.0,0.0,0.0,0.4,0.0,0.025,0.025,0.55
"[[1, 0], [1, 1]]","[[(0, 0), (0, 1)], [(1, 0), (0, 1)]]",40,1600,1.0,0.01,0.01,0.0,0.6,0.0,0.0,emotion,5,1,1.0,400,0.0,1.0,0.0,0.5,86.352,0.665,0.9,0.05,0.0,0.0,0.875,0.05,0.0,0.025,0.0
"[[1, 0], [1, 1]]","[[(0, 0), (0, 1)], [(1, 0), (0, 1)]]",40,1600,1.0,0.01,0.01,0.0,0.6,0.0,0.0,emotion,5,1,1.0,400,0.0,1.0,0.0,0.5,86.882,0.863,0.975,0.025,0.0,0.0,0.975,0.0,0.0,0.0,0.0
"[[1, 0], [1, 1]]","[[(0, 0), (0, 1)], [(1, 0), (0, 1)]]",40,1600,1.0,0.01,0.01,0.0,0.6,0.0,0.0,emotion,5,1,1.0,400,0.0,1.0,0.0,0.5,86.655,0.793,0.95,0.05,0.0,0.0,0.95,0.0,0.0,0.0,0.0
"[[1, 0], [1, 1]]","[[(0, 0), (0, 1)], [(1, 0), (0, 1)]]",40,1600,1.0,0.01,0.01,0.0,0.6,0.0,0.0,emotion,5,1,1.0,400,0.0,1.0,0.0,0.5,86.577,0.823,1.0,0.0,0.0,0.0,1.0,0.0,0.0,0.0,0.0
"[[1, 0], [1, 1]]","[[(0, 0), (0, 1)], [(1, 0), (0, 1)]]",40,1600,1.0,0.01,0.01,0.0,0.6,0.0,0.0,emotion,5,1,1.0,400,0.0,1.0,0.0,1.0,5.767,0.225,0.35,0.0,0.95,0.0,0.0,0.025,0.0,0.025,0.0
"[[1, 0], [1, 1]]","[[(0, 0), (0, 1)], [(1, 0), (0, 1)]]",40,1600,1.0,0.01,0.01,0.0,0.6,0.0,0.0,emotion,5,1,1.0,400,0.0,1.0,0.0,1.0,6.011,0.144,0.425,0.0,1.0,0.0,0.0,0.0,0.0,0.0,0.0
"[[1, 0], [1, 1]]","[[(0, 0), (0, 1)], [(1, 0), (0, 1)]]",40,1600,1.0,0.01,0.01,0.0,0.6,0.0,0.0,emotion,5,1,1.0,400,0.0,1.0,0.0,1.0,6.418,0.281,0.325,0.0,0.825,0.0,0.0,0.175,0.0,0.0,0.0
"[[1, 0], [1, 1]]","[[(0, 0), (0, 1)], [(1, 0), (0, 1)]]",40,1600,1.0,0.01,0.01,0.0,0.6,0.0,0.0,emotion,5,1,1.0,400,0.0,1.0,0.0,1.0,5.601,0.141,0.45,0.0,0.95,0.025,0.0,0.025,0.0,0.0,0.0
"[[1, 0], [1, 1]]","[[(0, 0), (0, 1)], [(1, 0), (0, 1)]]",40,1600,1.0,0.01,0.01,0.0,0.6,0.0,0.0,emotion,5,1,1.0,400,0.0,1.0,0.0,1.0,6.164,0.129,0.55,0.0,1.0,0.0,0.0,0.0,0.0,0.0,0.0
"[[1, 0], [1, 1]]","[[(0, 0), (0, 1)], [(1, 0), (0, 1)]]",40,1600,1.0,0.01,0.01,0.0,0.6,0.0,0.0,emotion,5,1,1.0,400,0.0,1.0,0.0,1.0,5.636,0.194,0.475,0.0,0.925,0.025,0.0,0.025,0.0,0.025,0.0
"[[1, 0], [1, 1]]","[[(0, 0), (0, 1)], [(1, 0), (0, 1)]]",40,1600,1.0,0.01,0.01,0.0,0.6,0.0,0.0,emotion,5,1,1.0,400,0.0,1.0,0.0,1.0,6.566,0.131,0.475,0.0,1.0,0.0,0.0,0.0,0.0,0.0,0.0
"[[1, 0], [1, 1]]","[[(0, 0), (0, 1)], [(1, 0), (0, 1)]]",40,1600,1.0,0.01,0.01,0.0,0.6,0.0,0.0,emotion,5,1,1.0,400,0.0,1.0,0.0,1.0,6.066,0.171,0.525,0.0,0.95,0.025,0.0,0.025,0.0,0.0,0.0
"[[1, 0], [1, 1]]","[[(0, 0), (0, 1)], [(1, 0), (0, 1)]]",40,1600,1.0,0.01,0.01,0.0,0.6,0.0,0.0,emotion,5,1,1.0,400,0.0,1.0,0.0,1.0,5.844,0.155,0.45,0.0,0.975,0.0,0.0,0.025,0.0,0.0,0.0
"[[1, 0], [1, 1]]","[[(0, 0), (0, 1)], [(1, 0), (0, 1)]]",40,1600,1.0,0.01,0.01,0.0,0.6,0.0,0.0,emotion,5,1,1.0,400,0.0,1.0,0.0,1.0,5.697,0.214,0.575,0.0,0.925,0.0,0.0,0.075,0.0,0.0,0.0
"[[1, 0], [1, 1]]","[[(0, 0), (0, 1)], [(1, 0), (0, 1)]]",40,1600,1.0,0.01,0.01,0.0,0.6,0.0,0.0,emotion,5,1,1.0,400,0.0,1.0,0.0,1.0,6.944,0.449,0.225,0.85,0.0,0.0,0.05,0.0,0.1,0.0,0.0
"[[1, 0], [1, 1]]","[[(0, 0), (0, 1)], [(1, 0), (0, 1)]]",40,1600,1.0,0.01,0.01,0.0,0.6,0.0,0.0,emotion,5,1,1.0,400,0.0,1.0,0.0,1.0,6.076,0.14,0.6,0.0,0.95,0.05,0.0,0.0,0.0,0.0,0.0
"[[1, 0], [1, 1]]","[[(0, 0), (0, 1)], [(1, 0), (0, 1)]]",40,1600,1.0,0.01,0.01,0.0,0.6,0.0,0.0,emotion,5,1,1.0,400,0.0,1.0,0.0,1.0,6.732,0.234,0.5,0.0,0.85,0.0,0.0,0.1,0.0,0.05,0.0
"[[1, 0], [1, 1]]","[[(0, 0), (0, 1)], [(1, 0), (0, 1)]]",40,1600,1.0,0.01,0.01,0.0,0.6,0.0,0.0,emotion,5,1,1.0,400,0.0,1.0,0.0,1.0,6.415,0.204,0.425,0.0,0.925,0.0,0.0,0.05,0.0,0.025,0.0
"[[1, 0], [1, 1]]","[[(0, 0), (0, 1)], [(1, 0), (0, 1)]]",40,1600,1.0,0.01,0.01,0.0,0.6,0.0,0.0,emotion,5,1,1.0,400,0.0,1.0,0.0,1.0,43.109,0.544,0.925,0.0,0.0,0.0,0.975,0.0,0.0,0.025,0.0
"[[1, 0], [1, 1]]","[[(0, 0), (0, 1)], [(1, 0), (0, 1)]]",40,1600,1.0,0.01,0.01,0.0,0.6,0.0,0.0,emotion,5,1,1.0,400,0.0,1.0,0.0,1.0,50.431,0.814,1.0,0.0,0.0,0.0,1.0,0.0,0.0,0.0,0.0
"[[1, 0], [1, 1]]","[[(0, 0), (0, 1)], [(1, 0), (0, 1)]]",40,1600,1.0,0.01,0.01,0.0,0.6,0.0,0.0,emotion,5,1,1.0,400,0.0,1.0,0.0,1.0,65.25,0.274,0.475,0.95,0.0,0.0,0.0,0.0,0.025,0.0,0.025
"[[1, 0], [1, 1]]","[[(0, 0), (0, 1)], [(1, 0), (0, 1)]]",40,1600,1.0,0.01,0.01,0.0,0.6,0.0,0.0,emotion,5,1,1.0,400,0.0,1.0,0.0,1.0,54.851,0.289,0.5,0.0,0.675,0.325,0.0,0.0,0.0,0.0,0.0
"[[1, 0], [1, 1]]","[[(0, 0), (0, 1)], [(1, 0), (0, 1)]]",40,1600,1.0,0.01,0.01,0.0,0.6,0.0,0.0,emotion,5,1,1.0,400,0.0,1.0,0.0,1.0,62.001,0.927,1.0,0.0,0.0,0.0,1.0,0.0,0.0,0.0,0.0
"[[1, 0], [1, 1]]","[[(0, 0), (0, 1)], [(1, 0), (0, 1)]]",40,1600,1.0,0.01,0.01,0.0,0.6,0.0,0.0,emotion,5,1,1.0,400,0.0,1.0,0.0,1.0,81.799,0.826,0.9,0.0,0.125,0.0,0.875,0.0,0.0,0.0,0.0
"[[1, 0], [1, 1]]","[[(0, 0), (0, 1)], [(1, 0), (0, 1)]]",40,1600,1.0,0.01,0.01,0.0,0.8,0.0,0.0,emotion,5,1,1.0,400,0.0,1.0,0.0,0.5,6.043,0.18,0.575,0.0,0.825,0.05,0.0,0.125,0.0,0.0,0.0
"[[1, 0], [1, 1]]","[[(0, 0), (0, 1)], [(1, 0), (0, 1)]]",40,1600,1.0,0.01,0.01,0.0,0.8,0.0,0.0,emotion,5,1,1.0,400,0.0,1.0,0.0,0.5,6.609,0.271,0.5,0.0,0.825,0.0,0.025,0.1,0.025,0.025,0.0
"[[1, 0], [1, 1]]","[[(0, 0), (0, 1)], [(1, 0), (0, 1)]]",40,1600,1.0,0.01,0.01,0.0,0.8,0.0,0.0,emotion,5,1,1.0,400,0.0,1.0,0.0,0.5,6.141,0.2,0.45,0.0,0.925,0.0,0.0,0.075,0.0,0.0,0.0
"[[1, 0], [1, 1]]","[[(0, 0), (0, 1)], [(1, 0), (0, 1)]]",40,1600,1.0,0.01,0.01,0.0,0.8,0.0,0.0,emotion,5,1,1.0,400,0.0,1.0,0.0,0.5,5.762,0.225,0.6,0.0,0.825,0.05,0.0,0.075,0.0,0.05,0.0
"[[1, 0], [1, 1]]","[[(0, 0), (0, 1)], [(1, 0), (0, 1)]]",40,1600,1.0,0.01,0.01,0.0,0.8,0.0,0.0,emotion,5,1,1.0,400,0.0,1.0,0.0,0.5,19.235,0.272,0.675,0.95,0.0,0.0,0.0,0.0,0.05,0.0,0.0
"[[1, 0], [1, 1]]","[[(0, 0), (0, 1)], [(1, 0), (0, 1)]]",40,1600,1.0,0.01,0.01,0.0,0.8,0.0,0.0,emotion,5,1,1.0,400,0.0,1.0,0.0,0.5,65.355,0.89,1.0,0.0,0.0,0.0,0.975,0.0,0.0,0.025,0.0
"[[1, 0], [1, 1]]","[[(0, 0), (0, 1)], [(1, 0), (0, 1)]]",40,1600,1.0,0.01,0.01,0.0,0.8,0.0,0.0,emotion,5,1,1.0,400,0.0,1.0,0.0,0.5,70.114,0.686,0.9,0.0,0.0,0.0,0.925,0.025,0.0,0.05,0.0
"[[1, 0], [1, 1]]","[[(0, 0), (0, 1)], [(1, 0), (0, 1)]]",40,1600,1.0,0.01,0.01,0.0,0.8,0.0,0.0,emotion,5,1,1.0,400,0.0,1.0,0.0,0.5,63.581,0.931,1.0,0.0,0.0,0.0,1.0,0.0,0.0,0.0,0.0
"[[1, 0], [1, 1]]","[[(0, 0), (0, 1)], [(1, 0), (0, 1)]]",40,1600,1.0,0.01,0.01,0.0,0.8,0.0,0.0,emotion,5,1,1.0,400,0.0,1.0,0.0,0.5,78.913,0.676,0.95,0.025,0.0,0.0,0.75,0.0,0.0,0.225,0.0
"[[1, 0], [1, 1]]","[[(0, 0), (0, 1)], [(1, 0), (0, 1)]]",40,1600,1.0,0.01,0.01,0.0,0.8,0.0,0.0,emotion,5,1,1.0,400,0.0,1.0,0.0,0.5,60.186,0.335,0.275,0.975,0.0,0.0,0.0,0.0,0.0,0.0,0.025
"[[1, 0], [1, 1]]","[[(0, 0), (0, 1)], [(1, 0), (0, 1)]]",40,1600,1.0,0.01,0.01,0.0,0.8,0.0,0.0,emotion,5,1,1.0,400,0.0,1.0,0.0,0.5,82.595,0.938,0.9,0.0,0.0,0.0,0.925,0.05,0.0,0.025,0.0
"[[1, 0], [1, 1]]","[[(0, 0), (0, 1)], [(1, 0), (0, 1)]]",40,1600,1.0,0.01,0.01,0.0,0.8,0.0,0.0,emotion,5,1,1.0,400,0.0,1.0,0.0,0.5,88.354,0.896,0.975,0.025,0.0,0.0,0.975,0.0,0.0,0.0,0.0
"[[1, 0], [1, 1]]","[[(0, 0), (0, 1)], [(1, 0), (0, 1)]]",40,1600,1.0,0.01,0.01,0.0,0.8,0.0,0.0,emotion,5,1,1.0,400,0.0,1.0,0.0,0.5,67.571,0.85,1.0,0.0,0.0,0.0,0.975,0.0,0.0,0.025,0.0
"[[1, 0], [1, 1]]","[[(0, 0), (0, 1)], [(1, 0), (0, 1)]]",40,1600,1.0,0.01,0.01,0.0,0.8,0.0,0.0,emotion,5,1,1.0,400,0.0,1.0,0.0,0.5,81.127,0.902,1.0,0.025,0.0,0.0,0.975,0.0,0.0,0.0,0.0
"[[1, 0], [1, 1]]","[[(0, 0), (0, 1)], [(1, 0), (0, 1)]]",40,1600,1.0,0.01,0.01,0.0,0.8,0.0,0.0,emotion,5,1,1.0,400,0.0,1.0,0.0,0.5,88.355,0.744,0.9,0.0,0.0,0.0,0.9,0.05,0.0,0.05,0.0
"[[1, 0], [1, 1]]","[[(0, 0), (0, 1)], [(1, 0), (0, 1)]]",40,1600,1.0,0.01,0.01,0.0,0.8,0.0,0.0,emotion,5,1,1.0,400,0.0,1.0,0.0,0.5,87.775,0.905,0.975,0.025,0.0,0.0,0.95,0.0,0.0,0.025,0.0
"[[1, 0], [1, 1]]","[[(0, 0), (0, 1)], [(1, 0), (0, 1)]]",40,1600,1.0,0.01,0.01,0.0,0.8,0.0,0.0,emotion,5,1,1.0,400,0.0,1.0,0.0,0.5,84.272,0.383,0.425,0.0,0.9,0.075,0.0,0.0,0.0,0.025,0.0
"[[1, 0], [1, 1]]","[[(0, 0), (0, 1)], [(1, 0), (0, 1)]]",40,1600,1.0,0.01,0.01,0.0,0.8,0.0,0.0,emotion,5,1,1.0,400,0.0,1.0,0.0,0.5,88.129,0.892,0.95,0.0,0.0,0.0,0.975,0.025,0.0,0.0,0.0
"[[1, 0], [1, 1]]","[[(0, 0), (0, 1)], [(1, 0), (0, 1)]]",40,1600,1.0,0.01,0.01,0.0,0.8,0.0,0.0,emotion,5,1,1.0,400,0.0,1.0,0.0,0.5,88.323,0.823,0.9,0.05,0.025,0.0,0.875,0.0,0.0,0.05,0.0
"[[1, 0], [1, 1]]","[[(0, 0), (0, 1)], [(1, 0), (0, 1)]]",40,1600,1.0,0.01,0.01,0.0,0.8,0.0,0.0,emotion,5,1,1.0,400,0.0,1.0,0.0,0.5,88.029,0.894,0.975,0.0,0.0,0.0,0.975,0.025,0.0,0.0,0.0
"[[1, 0], [1, 1]]","[[(0, 0), (0, 1)], [(1, 0), (0, 1)]]",40,1600,1.0,0.01,0.01,0.0,0.8,0.0,0.0,emotion,5,1,1.0,400,0.0,1.0,0.0,1.0,5.665,0.34,0.425,0.0,0.85,0.1,0.0,0.0,0.0,0.05,0.0
"[[1, 0], [1, 1]]","[[(0, 0), (0, 1)], [(1, 0), (0, 1)]]",40,1600,1.0,0.01,0.01,0.0,0.8,0.0,0.0,emotion,5,1,1.0,400,0.0,1.0,0.0,1.0,6.267,0.258,0.475,0.025,0.85,0.0,0.0,0.125,0.0,0.0,0.0
"[[1, 0], [1, 1]]","[[(0, 0), (0, 1)], [(1, 0), (0, 1)]]",40,1600,1.0,0.01,0.01,0.0,0.8,0.0,0.0,emotion,5,1,1.0,400,0.0,1.0,0.0,1.0,5.961,0.27,0.35,0.0,0.95,0.025,0.0,0.0,0.0,0.025,0.0
"[[1, 0], [1, 1]]","[[(0, 0), (0, 1)], [(1, 0), (0, 1)]]",40,1600,1.0,0.01,0.01,0.0,0.8,0.0,0.0,emotion,5,1,1.0,400,0.0,1.0,0.0,1.0,6.538,0.276,0.35,0.0,0.9,0.05,0.0,0.05,0.0,0.0,0.0
"[[1, 0], [1, 1]]","[[(0, 0), (0, 1)], [(1, 0), (0, 1)]]",40,1600,1.0,0.01,0.01,0.0,0.8,0.0,0.0,emotion,5,1,1.0,400,0.0,1.0,0.0,1.0,5.979,0.601,0.625,0.0,0.925,0.025,0.0,0.0,0.0,0.05,0.0
"[[1, 0], [1, 1]]","[[(0, 0), (0, 1)], [(1, 0), (0, 1)]]",40,1600,1.0,0.01,0.01,0.0,0.8,0.0,0.0,emotion,5,1,1.0,400,0.0,1.0,0.0,1.0,5.735,0.231,0.725,0.0,0.875,0.1,0.0,0.025,0.0,0.0,0.0
"[[1, 0], [1, 1]]","[[(0, 0), (0, 1)], [(1, 0), (0, 1)]]",40,1600,1.0,0.01,0.01,0.0,0.8,0.0,0.0,emotion,5,1,1.0,400,0.0,1.0,0.0,1.0,6.239,0.195,0.6,0.0,0.925,0.075,0.0,0.0,0.0,0.0,0.0
"[[1, 0], [1, 1]]","[[(0, 0), (0, 1)], [(1, 0), (0, 1)]]",40,1600,1.0,0.01,0.01,0.0,0.8,0.0,0.0,emotion,5,1,1.0,400,0.0,1.0,0.0,1.0,5.96,0.211,0.425,0.0,0.975,0.025,0.0,0.0,0.0,0.0,0.0
"[[1, 0], [1, 1]]","[[(0, 0), (0, 1)], [(1, 0), (0, 1)]]",40,1600,1.0,0.01,0.01,0.0,0.8,0.0,0.0,emotion,5,1,1.0,400,0.0,1.0,0.0,1.0,6.043,0.168,0.625,0.0,0.975,0.0,0.0,0.0,0.0,0.025,0.0
"[[1, 0], [1, 1]]","[[(0, 0), (0, 1)], [(1, 0), (0, 1)]]",40,1600,1.0,0.01,0.01,0.0,0.8,0.0,0.0,emotion,5,1,1.0,400,0.0,1.0,0.0,1.0,45.415,0.616,0.85,0.025,0.0,0.0,0.875,0.025,0.0,0.075,0.0
"[[1, 0], [1, 1]]","[[(0, 0), (0, 1)], [(1, 0), (0, 1)]]",40,1600,1.0,0.01,0.01,0.0,0.8,0.0,0.0,emotion,5,1,1.0,400,0.0,1.0,0.0,1.0,54.49,0.688,0.875,0.0,0.0,0.0,0.95,0.0,0.0,0.05,0.0
"[[1, 0], [1, 1]]","[[(0, 0), (0, 1)], [(1, 0), (0, 1)]]",40,1600,1.0,0.01,0.01,0.0,0.8,0.0,0.0,emotion,5,1,1.0,400,0.0,1.0,0.0,1.0,57.216,0.65,0.825,0.0,0.05,0.05,0.9,0.0,0.0,0.0,0.0
"[[1, 0], [1, 1]]","[[(0, 0), (0, 1)], [(1, 0), (0, 1)]]",40,1600,1.0,0.01,0.01,0.0,0.8,0.0,0.0,emotion,5,1,1.0,400,0.0,1.0,0.0,1.0,56.469,0.631,0.8,0.05,0.0,0.0,0.9,0.05,0.0,0.0,0.0
"[[1, 0], [1, 1]]","[[(0, 0), (0, 1)], [(1, 0), (0, 1)]]",40,1600,1.0,0.01,0.01,0.0,0.8,0.0,0.0,emotion,5,1,1.0,400,0.0,1.0,0.0,1.0,49.002,0.976,0.975,0.025,0.0,0.0,0.975,0.0,0.0,0.0,0.0
"[[1, 0], [1, 1]]","[[(0, 0), (0, 1)], [(1, 0), (0, 1)]]",40,1600,1.0,0.01,0.01,0.0,0.8,0.0,0.0,emotion,5,1,1.0,400,0.0,1.0,0.0,1.0,59.608,0.83,0.975,0.0,0.0,0.0,1.0,0.0,0.0,0.0,0.0
"[[1, 0], [1, 1]]","[[(0, 0), (0, 1)], [(1, 0), (0, 1)]]",40,1600,1.0,0.01,0.01,0.0,0.8,0.0,0.0,emotion,5,1,1.0,400,0.0,1.0,0.0,1.0,61.002,0.425,0.775,0.9,0.0,0.0,0.025,0.075,0.0,0.0,0.0
"[[1, 0], [1, 1]]","[[(0, 0), (0, 1)], [(1, 0), (0, 1)]]",40,1600,1.0,0.01,0.01,0.0,0.8,0.0,0.0,emotion,5,1,1.0,400,0.0,1.0,0.0,1.0,83.726,0.871,0.925,0.025,0.0,0.0,0.95,0.025,0.0,0.0,0.0
"[[1, 0], [1, 1]]","[[(0, 0), (0, 1)], [(1, 0), (0, 1)]]",40,1600,1.0,0.01,0.01,0.0,0.8,0.0,0.0,emotion,5,1,1.0,400,0.0,1.0,0.0,1.0,83.716,0.667,0.9,0.0,0.0,0.0,0.95,0.0,0.0,0.05,0.0
"[[1, 0], [1, 1]]","[[(0, 0), (0, 1)], [(1, 0), (0, 1)]]",40,1600,1.0,0.01,0.01,0.0,0.8,0.0,0.0,emotion,5,1,1.0,400,0.0,1.0,0.0,1.0,76.899,0.609,0.9,0.0,0.0,0.0,0.975,0.0,0.0,0.025,0.0
"[[1, 0], [1, 1]]","[[(0, 0), (0, 1)], [(1, 0), (0, 1)]]",40,1600,1.0,0.01,0.01,0.0,0.8,0.0,0.0,emotion,5,1,1.0,400,0.0,1.0,0.0,1.0,84.518,0.655,0.9,0.0,0.0,0.0,0.975,0.0,0.0,0.025,0.0
"[[0, 0], [0, 1]]","[[(1, 1), (1, 1)], [(0, 1), (0, 1)]]",40,1600,1.0,0.01,0.01,0.0,0.4,0.0,0.0,emotion,5,1,1.0,400,0.0,1.0,0.0,0.5,10.398,0.985,0.0,0.675,0.0,0.0,0.325,0.0,0.0,0.0,0.0
"[[0, 0], [0, 1]]","[[(1, 1), (1, 1)], [(0, 1), (0, 1)]]",40,1600,1.0,0.01,0.01,0.0,0.4,0.0,0.0,emotion,5,1,1.0,400,0.0,1.0,0.0,0.5,10.0,0.974,0.0,0.0,0.675,0.025,0.2,0.0,0.0,0.1,0.0
"[[0, 0], [0, 1]]","[[(1, 1), (1, 1)], [(0, 1), (0, 1)]]",40,1600,1.0,0.01,0.01,0.0,0.4,0.0,0.0,emotion,5,1,1.0,400,0.0,1.0,0.0,0.5,6.947,0.946,0.0,0.425,0.0,0.0,0.575,0.0,0.0,0.0,0.0
"[[0, 0], [0, 1]]","[[(1, 1), (1, 1)], [(0, 1), (0, 1)]]",40,1600,1.0,0.01,0.01,0.0,0.4,0.0,0.0,emotion,5,1,1.0,400,0.0,1.0,0.0,0.5,6.438,0.944,0.0,0.0,0.35,0.625,0.0,0.025,0.0,0.0,0.0
"[[0, 0], [0, 1]]","[[(1, 1), (1, 1)], [(0, 1), (0, 1)]]",40,1600,1.0,0.01,0.01,0.0,0.4,0.0,0.0,emotion,5,1,1.0,400,0.0,1.0,0.0,0.5,6.297,0.977,0.0,0.0,0.8,0.175,0.0,0.025,0.0,0.0,0.0
"[[0, 0], [0, 1]]","[[(1, 1), (1, 1)], [(0, 1), (0, 1)]]",40,1600,1.0,0.01,0.01,0.0,0.4,0.0,0.0,emotion,5,1,1.0,400,0.0,1.0,0.0,0.5,12.495,0.976,0.0,0.375,0.0,0.0,0.6,0.0,0.025,0.0,0.0
"[[0, 0], [0, 1]]","[[(1, 1), (1, 1)], [(0, 1), (0, 1)]]",40,1600,1.0,0.01,0.01,0.0,0.4,0.0,0.0,emotion,5,1,1.0,400,0.0,1.0,0.0,0.5,6.537,0.99,0.0,0.0,0.875,0.1,0.0,0.025,0.0,0.0,0.0
"[[0, 0], [0, 1]]","[[(1, 1), (1, 1)], [(0, 1), (0, 1)]]",40,1600,1.0,0.01,0.01,0.0,0.4,0.0,0.0,emotion,5,1,1.0,400,0.0,1.0,0.0,0.5,7.339,0.979,0.0,0.0,0.325,0.675,0.0,0.0,0.0,0.0,0.0
"[[0, 0], [0, 1]]","[[(1, 1), (1, 1)], [(0, 1), (0, 1)]]",40,1600,1.0,0.01,0.01,0.0,0.4,0.0,0.0,emotion,5,1,1.0,400,0.0,1.0,0.0,0.5,9.617,0.996,0.0,0.225,0.0,0.0,0.775,0.0,0.0,0.0,0.0
"[[0, 0], [0, 1]]","[[(1, 1), (1, 1)], [(0, 1), (0, 1)]]",40,1600,1.0,0.01,0.01,0.0,0.4,0.0,0.0,emotion,5,1,1.0,400,0.0,1.0,0.0,0.5,7.418,0.846,0.0,0.0,0.0,0.0,1.0,0.0,0.0,0.0,0.0
"[[0, 0], [0, 1]]","[[(1, 1), (1, 1)], [(0, 1), (0, 1)]]",40,1600,1.0,0.01,0.01,0.0,0.4,0.0,0.0,emotion,5,1,1.0,400,0.0,1.0,0.0,0.5,8.332,0.918,0.0,0.375,0.0,0.0,0.5,0.05,0.0,0.05,0.025
"[[0, 0], [0, 1]]","[[(1, 1), (1, 1)], [(0, 1), (0, 1)]]",40,1600,1.0,0.01,0.01,0.0,0.4,0.0,0.0,emotion,5,1,1.0,400,0.0,1.0,0.0,0.5,7.94,0.78,0.0,0.775,0.0,0.0,0.1,0.0,0.025,0.0,0.1
"[[0, 0], [0, 1]]","[[(1, 1), (1, 1)], [(0, 1), (0, 1)]]",40,1600,1.0,0.01,0.01,0.0,0.4,0.0,0.0,emotion,5,1,1.0,400,0.0,1.0,0.0,0.5,7.15,0.988,0.0,0.0,0.9,0.075,0.0,0.025,0.0,0.0,0.0
"[[0, 0], [0, 1]]","[[(1, 1), (1, 1)], [(0, 1), (0, 1)]]",40,1600,1.0,0.01,0.01,0.0,0.4,0.0,0.0,emotion,5,1,1.0,400,0.0,1.0,0.0,0.5,8.821,0.999,0.0,0.95,0.0,0.0,0.05,0.0,0.0,0.0,0.0
"[[0, 0], [0, 1]]","[[(1, 1), (1, 1)], [(0, 1), (0, 1)]]",40,1600,1.0,0.01,0.01,0.0,0.4,0.0,0.0,emotion,5,1,1.0,400,0.0,1.0,0.0,0.5,6.828,0.881,0.0,0.0,0.85,0.1,0.0,0.0,0.0,0.05,0.0
"[[0, 0], [0, 1]]","[[(1, 1), (1, 1)], [(0, 1), (0, 1)]]",40,1600,1.0,0.01,0.01,0.0,0.4,0.0,0.0,emotion,5,1,1.0,400,0.0,1.0,0.0,0.5,7.477,0.989,0.0,0.95,0.0,0.0,0.025,0.0,0.025,0.0,0.0
"[[0, 0], [0, 1]]","[[(1, 1), (1, 1)], [(0, 1), (0, 1)]]",40,1600,1.0,0.01,0.01,0.0,0.4,0.0,0.0,emotion,5,1,1.0,400,0.0,1.0,0.0,0.5,7.934,0.979,0.0,0.7,0.0,0.0,0.3,0.0,0.0,0.0,0.0
"[[0, 0], [0, 1]]","[[(1, 1), (1, 1)], [(0, 1), (0, 1)]]",40,1600,1.0,0.01,0.01,0.0,0.4,0.0,0.0,emotion,5,1,1.0,400,0.0,1.0,0.0,0.5,9.916,0.982,0.0,0.525,0.0,0.0,0.475,0.0,0.0,0.0,0.0
"[[0, 0], [0, 1]]","[[(1, 1), (1, 1)], [(0, 1), (0, 1)]]",40,1600,1.0,0.01,0.01,0.0,0.4,0.0,0.0,emotion,5,1,1.0,400,0.0,1.0,0.0,0.5,7.325,0.979,0.0,0.875,0.0,0.0,0.1,0.0,0.0,0.025,0.0
"[[0, 0], [0, 1]]","[[(1, 1), (1, 1)], [(0, 1), (0, 1)]]",40,1600,1.0,0.01,0.01,0.0,0.4,0.0,0.0,emotion,5,1,1.0,400,0.0,1.0,0.0,0.5,7.81,0.904,0.0,0.95,0.0,0.0,0.025,0.0,0.0,0.0,0.025
"[[0, 0], [0, 1]]","[[(1, 1), (1, 1)], [(0, 1), (0, 1)]]",40,1600,1.0,0.01,0.01,0.0,0.4,0.0,0.0,emotion,5,1,1.0,400,0.0,1.0,0.0,1.0,7.85,0.994,0.0,0.0,0.95,0.05,0.0,0.0,0.0,0.0,0.0
"[[0, 0], [0, 1]]","[[(1, 1), (1, 1)], [(0, 1), (0, 1)]]",40,1600,1.0,0.01,0.01,0.0,0.4,0.0,0.0,emotion,5,1,1.0,400,0.0,1.0,0.0,1.0,8.519,0.939,0.0,0.0,0.9,0.05,0.0,0.0,0.0,0.05,0.0
"[[0, 0], [0, 1]]","[[(1, 1), (1, 1)], [(0, 1), (0, 1)]]",40,1600,1.0,0.01,0.01,0.0,0.4,0.0,0.0,emotion,5,1,1.0,400,0.0,1.0,0.0,1.0,18.068,0.644,0.875,0.0,0.0,0.0,0.9,0.1,0.0,0.0,0.0
"[[0, 0], [0, 1]]","[[(1, 1), (1, 1)], [(0, 1), (0, 1)]]",40,1600,1.0,0.01,0.01,0.0,0.4,0.0,0.0,emotion,5,1,1.0,400,0.0,1.0,0.0,1.0,25.984,0.61,0.625,0.05,0.0,0.0,0.925,0.025,0.0,0.0,0.0
"[[0, 0], [0, 1]]","[[(1, 1), (1, 1)], [(0, 1), (0, 1)]]",40,1600,1.0,0.01,0.01,0.0,0.4,0.0,0.0,emotion,5,1,1.0,400,0.0,1.0,0.0,1.0,50.789,1.0,1.0,0.025,0.0,0.0,0.975,0.0,0.0,0.0,0.0
"[[0, 0], [0, 1]]","[[(1, 1), (1, 1)], [(0, 1), (0, 1)]]",40,1600,1.0,0.01,0.01,0.0,0.4,0.0,0.0,emotion,5,1,1.0,400,0.0,1.0,0.0,1.0,54.378,0.818,0.975,0.025,0.0,0.0,0.975,0.0,0.0,0.0,0.0
"[[0, 0], [0, 1]]","[[(1, 1), (1, 1)], [(0, 1), (0, 1)]]",40,1600,1.0,0.01,0.01,0.0,0.4,0.0,0.0,emotion,5,1,1.0,400,0.0,1.0,0.0,1.0,52.669,0.968,1.0,0.0,0.0,0.0,0.9,0.025,0.0,0.025,0.05
"[[0, 0], [0, 1]]","[[(1, 1), (1, 1)], [(0, 1), (0, 1)]]",40,1600,1.0,0.01,0.01,0.0,0.4,0.0,0.0,emotion,5,1,1.0,400,0.0,1.0,0.0,1.0,56.94,0.973,0.0,0.0,0.55,0.45,0.0,0.0,0.0,0.0,0.0
"[[0, 0], [0, 1]]","[[(1, 1), (1, 1)], [(0, 1), (0, 1)]]",40,1600,1.0,0.01,0.01,0.0,0.4,0.0,0.0,emotion,5,1,1.0,400,0.0,1.0,0.0,1.0,72.173,0.986,1.0,0.025,0.0,0.0,0.925,0.0,0.0,0.05,0.0
"[[0, 0], [0, 1]]","[[(1, 1), (1, 1)], [(0, 1), (0, 1)]]",40,1600,1.0,0.01,0.01,0.0,0.4,0.0,0.0,emotion,5,1,1.0,400,0.0,1.0,0.0,1.0,81.308,0.925,0.9,0.05,0.0,0.0,0.875,0.075,0.0,0.0,0.0
"[[0, 0], [0, 1]]","[[(1, 1), (1, 1)], [(0, 1), (0, 1)]]",40,1600,1.0,0.01,0.01,0.0,0.4,0.0,0.0,emotion,5,1,1.0,400,0.0,1.0,0.0,1.0,81.947,0.97,0.95,0.0,0.0,0.0,0.85,0.075,0.0,0.0,0.075
"[[0, 0], [0, 1]]","[[(1, 1), (1, 1)], [(0, 1), (0, 1)]]",40,1600,1.0,0.01,0.01,0.0,0.4,0.0,0.0,emotion,5,1,1.0,400,0.0,1.0,0.0,1.0,74.046,0.975,0.975,0.0,0.0,0.0,0.975,0.0,0.0,0.025,0.0
"[[0, 0], [0, 1]]","[[(1, 1), (1, 1)], [(0, 1), (0, 1)]]",40,1600,1.0,0.01,0.01,0.0,0.4,0.0,0.0,emotion,5,1,1.0,400,0.0,1.0,0.0,1.0,79.87,0.946,0.925,0.1,0.0,0.0,0.9,0.0,0.0,0.0,0.0
"[[0, 0], [0, 1]]","[[(1, 1), (1, 1)], [(0, 1), (0, 1)]]",40,1600,1.0,0.01,0.01,0.0,0.4,0.0,0.0,emotion,5,1,1.0,400,0.0,1.0,0.0,1.0,82.877,0.999,1.0,0.05,0.0,0.0,0.95,0.0,0.0,0.0,0.0
"[[0, 0], [0, 1]]","[[(1, 1), (1, 1)], [(0, 1), (0, 1)]]",40,1600,1.0,0.01,0.01,0.0,0.4,0.0,0.0,emotion,5,1,1.0,400,0.0,1.0,0.0,1.0,77.824,0.879,0.95,0.075,0.0,0.0,0.925,0.0,0.0,0.0,0.0
"[[0, 0], [0, 1]]","[[(1, 1), (1, 1)], [(0, 1), (0, 1)]]",40,1600,1.0,0.01,0.01,0.0,0.4,0.0,0.0,emotion,5,1,1.0,400,0.0,1.0,0.0,1.0,79.124,0.979,0.975,0.025,0.0,0.0,0.975,0.0,0.0,0.0,0.0
"[[0, 0], [0, 1]]","[[(1, 1), (1, 1)], [(0, 1), (0, 1)]]",40,1600,1.0,0.01,0.01,0.0,0.4,0.0,0.0,emotion,5,1,1.0,400,0.0,1.0,0.0,1.0,89.492,1.0,1.0,0.0,0.0,0.0,0.95,0.0,0.0,0.0,0.05
"[[0, 0], [0, 1]]","[[(1, 1), (1, 1)], [(0, 1), (0, 1)]]",40,1600,1.0,0.01,0.01,0.0,0.4,0.0,0.0,emotion,5,1,1.0,400,0.0,1.0,0.0,1.0,88.868,0.971,0.975,0.05,0.0,0.0,0.95,0.0,0.0,0.0,0.0
"[[0, 0], [0, 1]]","[[(1, 1), (1, 1)], [(0, 1), (0, 1)]]",40,1600,1.0,0.01,0.01,0.0,0.4,0.0,0.0,emotion,5,1,1.0,400,0.0,1.0,0.0,1.0,87.526,0.656,0.075,0.0,0.025,0.0,0.025,0.95,0.0,0.0,0.0
"[[0, 0], [0, 1]]","[[(1, 1), (1, 1)], [(0, 1), (0, 1)]]",40,1600,1.0,0.01,0.01,0.0,0.4,0.0,0.0,emotion,5,1,1.0,400,0.0,1.0,0.0,1.0,88.383,1.0,0.975,0.025,0.0,0.0,0.975,0.0,0.0,0.0,0.0
"[[0, 0], [0, 1]]","[[(1, 1), (1, 1)], [(0, 1), (0, 1)]]",40,1600,1.0,0.01,0.01,0.0,0.6,0.0,0.0,emotion,5,1,1.0,400,0.0,1.0,0.0,0.5,6.919,0.988,0.0,0.95,0.0,0.0,0.0,0.0,0.025,0.025,0.0
"[[0, 0], [0, 1]]","[[(1, 1), (1, 1)], [(0, 1), (0, 1)]]",40,1600,1.0,0.01,0.01,0.0,0.6,0.0,0.0,emotion,5,1,1.0,400,0.0,1.0,0.0,0.5,6.334,0.994,0.0,0.0,0.725,0.275,0.0,0.0,0.0,0.0,0.0
"[[0, 0], [0, 1]]","[[(1, 1), (1, 1)], [(0, 1), (0, 1)]]",40,1600,1.0,0.01,0.01,0.0,0.6,0.0,0.0,emotion,5,1,1.0,400,0.0,1.0,0.0,0.5,7.747,0.993,0.0,0.925,0.0,0.0,0.05,0.0,0.025,0.0,0.0
"[[0, 0], [0, 1]]","[[(1, 1), (1, 1)], [(0, 1), (0, 1)]]",40,1600,1.0,0.01,0.01,0.0,0.6,0.0,0.0,emotion,5,1,1.0,400,0.0,1.0,0.0,0.5,8.504,0.879,0.05,0.075,0.0,0.0,0.875,0.0,0.0,0.05,0.0
"[[0, 0], [0, 1]]","[[(1, 1), (1, 1)], [(0, 1), (0, 1)]]",40,1600,1.0,0.01,0.01,0.0,0.6,0.0,0.0,emotion,5,1,1.0,400,0.0,1.0,0.0,0.5,7.128,0.975,0.0,0.0,0.825,0.175,0.0,0.0,0.0,0.0,0.0
"[[0, 0], [0, 1]]","[[(1, 1), (1, 1)], [(0, 1), (0, 1)]]",40,1600,1.0,0.01,0.01,0.0,0.6,0.0,0.0,emotion,5,1,1.0,400,0.0,1.0,0.0,0.5,7.841,0.999,0.0,0.0,0.95,0.025,0.0,0.0,0.0,0.025,0.0
"[[0, 0], [0, 1]]","[[(1, 1), (1, 1)], [(0, 1), (0, 1)]]",40,1600,1.0,0.01,0.01,0.0,0.6,0.0,0.0,emotion,5,1,1.0,400,0.0,1.0,0.0,0.5,8.769,0.986,0.0,0.55,0.0,0.0,0.45,0.0,0.0,0.0,0.0
"[[0, 0], [0, 1]]","[[(1, 1), (1, 1)], [(0, 1), (0, 1)]]",40,1600,1.0,0.01,0.01,0.0,0.6,0.0,0.0,emotion,5,1,1.0,400,0.0,1.0,0.0,0.5,10.623,0.897,0.0,0.05,0.65,0.025,0.25,0.0,0.0,0.025,0.0
"[[0, 0], [0, 1]]","[[(1, 1), (1, 1)], [(0, 1), (0, 1)]]",40,1600,1.0,0.01,0.01,0.0,0.6,0.0,0.0,emotion,5,1,1.0,400,0.0,1.0,0.0,0.5,9.295,0.97,0.0,0.125,0.0,0.0,0.875,0.0,0.0,0.0,0.0
"[[0, 0], [0, 1]]","[[(1, 1), (1, 1)], [(0, 1), (0, 1)]]",40,1600,1.0,0.01,0.01,0.0,0.6,0.0,0.0,emotion,5,1,1.0,400,0.0,1.0,0.0,0.5,10.78,0.93,0.0,0.0,0.25,0.7,0.0,0.0,0.0,0.025,0.025
"[[0, 0], [0, 1]]","[[(1, 1), (1, 1)], [(0, 1), (0, 1)]]",40,1600,1.0,0.01,0.01,0.0,0.6,0.0,0.0,emotion,5,1,1.0,400,0.0,1.0,0.0,0.5,6.201,0.936,0.0,0.0,0.6,0.35,0.0,0.0,0.025,0.025,0.0
"[[0, 0], [0, 1]]","[[(1, 1), (1, 1)], [(0, 1), (0, 1)]]",40,1600,1.0,0.01,0.01,0.0,0.6,0.0,0.0,emotion,5,1,1.0,400,0.0,1.0,0.0,0.5,6.529,0.539,0.125,0.05,0.0,0.0,0.85,0.025,0.0,0.075,0.0
"[[0, 0], [0, 1]]","[[(1, 1), (1, 1)], [(0, 1), (0, 1)]]",40,1600,1.0,0.01,0.01,0.0,0.6,0.0,0.0,emotion,5,1,1.0,400,0.0,1.0,0.0,0.5,8.504,0.949,0.0,0.025,0.075,0.85,0.0,0.0,0.025,0.0,0.025
"[[0, 0], [0, 1]]","[[(1, 1), (1, 1)], [(0, 1), (0, 1)]]",40,1600,1.0,0.01,0.01,0.0,0.6,0.0,0.0,emotion,5,1,1.0,400,0.0,1.0,0.0,0.5,8.445,0.924,0.0,0.0,0.525,0.45,0.0,0.025,0.0,0.0,0.0
"[[0, 0], [0, 1]]","[[(1, 1), (1, 1)], [(0, 1), (0, 1)]]",40,1600,1.0,0.01,0.01,0.0,0.6,0.0,0.0,emotion,5,1,1.0,400,0.0,1.0,0.0,0.5,10.05,0.799,0.0,0.35,0.0,0.0,0.625,0.025,0.0,0.0,0.0
"[[0, 0], [0, 1]]","[[(1, 1), (1, 1)], [(0, 1), (0, 1)]]",40,1600,1.0,0.01,0.01,0.0,0.6,0.0,0.0,emotion,5,1,1.0,400,0.0,1.0,0.0,0.5,11.96,0.912,0.0,0.225,0.0,0.0,0.675,0.0,0.0,0.0,0.1
"[[0, 0], [0, 1]]","[[(1, 1), (1, 1)], [(0, 1), (0, 1)]]",40,1600,1.0,0.01,0.01,0.0,0.6,0.0,0.0,emotion,5,1,1.0,400,0.0,1.0,0.0,0.5,7.941,0.988,0.0,0.0,0.525,0.45,0.0,0.025,0.0,0.0,0.0
"[[0, 0], [0, 1]]","[[(1, 1), (1, 1)], [(0, 1), (0, 1)]]",40,1600,1.0,0.01,0.01,0.0,0.6,0.0,0.0,emotion,5,1,1.0,400,0.0,1.0,0.0,0.5,12.513,0.946,0.0,0.5,0.0,0.0,0.425,0.0,0.0,0.075,0.0
"[[0, 0], [0, 1]]","[[(1, 1), (1, 1)], [(0, 1), (0, 1)]]",40,1600,1.0,0.01,0.01,0.0,0.6,0.0,0.0,emotion,5,1,1.0,400,0.0,1.0,0.0,0.5,8.884,0.98,0.0,0.725,0.0,0.0,0.275,0.0,0.0,0.0,0.0
"[[0, 0], [0, 1]]","[[(1, 1), (1, 1)], [(0, 1), (0, 1)]]",40,1600,1.0,0.01,0.01,0.0,0.6,0.0,0.0,emotion,5,1,1.0,400,0.0,1.0,0.0,0.5,7.018,0.969,0.0,0.1,0.625,0.25,0.0,0.025,0.0,0.0,0.0
"[[0, 0], [0, 1]]","[[(1, 1), (1, 1)], [(0, 1), (0, 1)]]",40,1600,1.0,0.01,0.01,0.0,0.6,0.0,0.0,emotion,5,1,1.0,400,0.0,1.0,0.0,1.0,7.634,0.92,0.925,0.025,0.0,0.0,0.95,0.0,0.0,0.025,0.0
"[[0, 0], [0, 1]]","[[(1, 1), (1, 1)], [(0, 1), (0, 1)]]",40,1600,1.0,0.01,0.01,0.0,0.6,0.0,0.0,emotion,5,1,1.0,400,0.0,1.0,0.0,1.0,25.478,0.982,0.0,0.0,1.0,0.0,0.0,0.0,0.0,0.0,0.0
"[[0, 0], [0, 1]]","[[(1, 1), (1, 1)], [(0, 1), (0, 1)]]",40,1600,1.0,0.01,0.01,0.0,0.6,0.0,0.0,emotion,5,1,1.0,400,0.0,1.0,0.0,1.0,38.509,1.0,1.0,0.0,0.0,0.0,1.0,0.0,0.0,0.0,0.0
"[[0, 0], [0, 1]]","[[(1, 1), (1, 1)], [(0, 1), (0, 1)]]",40,1600,1.0,0.01,0.01,0.0,0.6,0.0,0.0,emotion,5,1,1.0,400,0.0,1.0,0.0,1.0,53.047,0.95,0.925,0.0,0.0,0.0,0.875,0.1,0.0,0.025,0.0
"[[0, 0], [0, 1]]","[[(1, 1), (1, 1)], [(0, 1), (0, 1)]]",40,1600,1.0,0.01,0.01,0.0,0.6,0.0,0.0,emotion,5,1,1.0,400,0.0,1.0,0.0,1.0,69.57,0.974,0.975,0.0,0.0,0.0,0.95,0.0,0.0,0.05,0.0
"[[0, 0], [0, 1]]","[[(1, 1), (1, 1)], [(0, 1), (0, 1)]]",40,1600,1.0,0.01,0.01,0.0,0.6,0.0,0.0,emotion,5,1,1.0,400,0.0,1.0,0.0,1.0,70.434,0.966,0.975,0.0,0.0,0.0,0.95,0.0,0.0,0.05,0.0
"[[0, 0], [0, 1]]","[[(1, 1), (1, 1)], [(0, 1), (0, 1)]]",40,1600,1.0,0.01,0.01,0.0,0.6,0.0,0.0,emotion,5,1,1.0,400,0.0,1.0,0.0,1.0,58.85,0.973,0.95,0.025,0.0,0.0,0.875,0.025,0.0,0.025,0.05
"[[0, 0], [0, 1]]","[[(1, 1), (1, 1)], [(0, 1), (0, 1)]]",40,1600,1.0,0.01,0.01,0.0,0.6,0.0,0.0,emotion,5,1,1.0,400,0.0,1.0,0.0,1.0,84.387,0.98,0.95,0.0,0.0,0.0,0.95,0.05,0.0,0.0,0.0
"[[0, 0], [0, 1]]","[[(1, 1), (1, 1)], [(0, 1), (0, 1)]]",40,1600,1.0,0.01,0.01,0.0,0.6,0.0,0.0,emotion,5,1,1.0,400,0.0,1.0,0.0,1.0,60.054,0.971,0.025,0.025,0.825,0.125,0.0,0.0,0.0,0.025,0.0
"[[0, 0], [0, 1]]","[[(1, 1), (1, 1)], [(0, 1), (0, 1)]]",40,1600,1.0,0.01,0.01,0.0,0.6,0.0,0.0,emotion,5,1,1.0,400,0.0,1.0,0.0,1.0,86.477,1.0,1.0,0.0,0.0,0.0,0.975,0.025,0.0,0.0,0.0
"[[0, 0], [0, 1]]","[[(1, 1), (1, 1)], [(0, 1), (0, 1)]]",40,1600,1.0,0.01,0.01,0.0,0.6,0.0,0.0,emotion,5,1,1.0,400,0.0,1.0,0.0,1.0,72.372,0.989,1.0,0.0,0.0,0.0,0.95,0.0,0.0,0.05,0.0
"[[0, 0], [0, 1]]","[[(1, 1), (1, 1)], [(0, 1), (0, 1)]]",40,1600,1.0,0.01,0.01,0.0,0.6,0.0,0.0,emotion,5,1,1.0,400,0.0,1.0,0.0,1.0,79.142,0.981,0.95,0.025,0.0,0.0,0.925,0.025,0.0,0.025,0.0
"[[0, 0], [0, 1]]","[[(1, 1), (1, 1)], [(0, 1), (0, 1)]]",40,1600,1.0,0.01,0.01,0.0,0.6,0.0,0.0,emotion,5,1,1.0,400,0.0,1.0,0.0,1.0,90.4,1.0,1.0,0.0,0.0,0.0,1.0,0.0,0.0,0.0,0.0
"[[0, 0], [0, 1]]","[[(1, 1), (1, 1)], [(0, 1), (0, 1)]]",40,1600,1.0,0.01,0.01,0.0,0.6,0.0,0.0,emotion,5,1,1.0,400,0.0,1.0,0.0,1.0,88.488,0.991,0.975,0.0,0.0,0.0,0.975,0.0,0.0,0.025,0.0
"[[0, 0], [0, 1]]","[[(1, 1), (1, 1)], [(0, 1), (0, 1)]]",40,1600,1.0,0.01,0.01,0.0,0.6,0.0,0.0,emotion,5,1,1.0,400,0.0,1.0,0.0,1.0,87.556,0.969,0.95,0.125,0.0,0.0,0.85,0.025,0.0,0.0,0.0
"[[0, 0], [0, 1]]","[[(1, 1), (1, 1)], [(0, 1), (0, 1)]]",40,1600,1.0,0.01,0.01,0.0,0.6,0.0,0.0,emotion,5,1,1.0,400,0.0,1.0,0.0,1.0,80.983,0.982,1.0,0.0,0.0,0.0,0.975,0.0,0.0,0.025,0.0
"[[0, 0], [0, 1]]","[[(1, 1), (1, 1)], [(0, 1), (0, 1)]]",40,1600,1.0,0.01,0.01,0.0,0.6,0.0,0.0,emotion,5,1,1.0,400,0.0,1.0,0.0,1.0,85.162,0.713,0.725,0.1,0.0,0.0,0.875,0.025,0.0,0.0,0.0
"[[0, 0], [0, 1]]","[[(1, 1), (1, 1)], [(0, 1), (0, 1)]]",40,1600,1.0,0.01,0.01,0.0,0.6,0.0,0.0,emotion,5,1,1.0,400,0.0,1.0,0.0,1.0,90.26,1.0,1.0,0.0,0.0,0.0,1.0,0.0,0.0,0.0,0.0
"[[0, 0], [0, 1]]","[[(1, 1), (1, 1)], [(0, 1), (0, 1)]]",40,1600,1.0,0.01,0.01,0.0,0.6,0.0,0.0,emotion,5,1,1.0,400,0.0,1.0,0.0,1.0,87.183,1.0,1.0,0.025,0.0,0.0,0.975,0.0,0.0,0.0,0.0
"[[0, 0], [0, 1]]","[[(1, 1), (1, 1)], [(0, 1), (0, 1)]]",40,1600,1.0,0.01,0.01,0.0,0.6,0.0,0.0,emotion,5,1,1.0,400,0.0,1.0,0.0,1.0,90.793,0.961,0.975,0.0,0.0,0.0,0.925,0.075,0.0,0.0,0.0
"[[0, 0], [0, 1]]","[[(1, 1), (1, 1)], [(0, 1), (0, 1)]]",40,1600,1.0,0.01,0.01,0.0,0.8,0.0,0.0,emotion,5,1,1.0,400,0.0,1.0,0.0,0.5,5.69,0.929,0.0,0.55,0.0,0.0,0.45,0.0,0.0,0.0,0.0
"[[0, 0], [0, 1]]","[[(1, 1), (1, 1)], [(0, 1), (0, 1)]]",40,1600,1.0,0.01,0.01,0.0,0.8,0.0,0.0,emotion,5,1,1.0,400,0.0,1.0,0.0,0.5,14.691,0.809,0.075,0.6,0.0,0.0,0.325,0.0,0.0,0.075,0.0
"[[0, 0], [0, 1]]","[[(1, 1), (1, 1)], [(0, 1), (0, 1)]]",40,1600,1.0,0.01,0.01,0.0,0.8,0.0,0.0,emotion,5,1,1.0,400,0.0,1.0,0.0,0.5,7.594,0.501,0.125,0.0,0.875,0.05,0.0,0.0,0.0,0.075,0.0
"[[0, 0], [0, 1]]","[[(1, 1), (1, 1)], [(0, 1), (0, 1)]]",40,1600,1.0,0.01,0.01,0.0,0.8,0.0,0.0,emotion,5,1,1.0,400,0.0,1.0,0.0,0.5,12.626,1.0,0.0,0.0,0.85,0.15,0.0,0.0,0.0,0.0,0.0
"[[0, 0], [0, 1]]","[[(1, 1), (1, 1)], [(0, 1), (0, 1)]]",40,1600,1.0,0.01,0.01,0.0,0.8,0.0,0.0,emotion,5,1,1.0,400,0.0,1.0,0.0,0.5,15.465,0.88,0.025,0.3,0.0,0.0,0.65,0.025,0.0,0.0,0.025
"[[0, 0], [0, 1]]","[[(1, 1), (1, 1)], [(0, 1), (0, 1)]]",40,1600,1.0,0.01,0.01,0.0,0.8,0.0,0.0,emotion,5,1,1.0,400,0.0,1.0,0.0,0.5,7.219,1.0,0.0,0.0,0.9,0.075,0.0,0.0,0.0,0.025,0.0
"[[0, 0], [0, 1]]","[[(1, 1), (1, 1)], [(0, 1), (0, 1)]]",40,1600,1.0,0.01,0.01,0.0,0.8,0.0,0.0,emotion,5,1,1.0,400,0.0,1.0,0.0,0.5,12.356,0.997,0.0,0.8,0.0,0.0,0.175,0.0,0.0,0.025,0.0
"[[0, 0], [0, 1]]","[[(1, 1), (1, 1)], [(0, 1), (0, 1)]]",40,1600,1.0,0.01,0.01,0.0,0.8,0.0,0.0,emotion,5,1,1.0,400,0.0,1.0,0.0,0.5,15.518,0.775,0.0,0.775,0.0,0.05,0.15,0.0,0.025,0.0,0.0
"[[0, 0], [0, 1]]","[[(1, 1), (1, 1)], [(0, 1), (0, 1)]]",40,1600,1.0,0.01,0.01,0.0,0.8,0.0,0.0,emotion,5,1,1.0,400,0.0,1.0,0.0,0.5,15.721,0.65,0.225,0.05,0.025,0.0,0.9,0.025,0.0,0.0,0.0
"[[0, 0], [0, 1]]","[[(1, 1), (1, 1)], [(0, 1), (0, 1)]]",40,1600,1.0,0.01,0.01,0.0,0.8,0.0,0.0,emotion,5,1,1.0,400,0.0,1.0,0.0,0.5,18.579,0.791,0.025,0.825,0.0,0.0,0.15,0.0,0.025,0.0,0.0
"[[0, 0], [0, 1]]","[[(1, 1), (1, 1)], [(0, 1), (0, 1)]]",40,1600,1.0,0.01,0.01,0.0,0.8,0.0,0.0,emotion,5,1,1.0,400,0.0,1.0,0.0,0.5,10.767,0.98,0.0,0.775,0.0,0.0,0.2,0.0,0.025,0.0,0.0
"[[0, 0], [0, 1]]","[[(1, 1), (1, 1)], [(0, 1), (0, 1)]]",40,1600,1.0,0.01,0.01,0.0,0.8,0.0,0.0,emotion,5,1,1.0,400,0.0,1.0,0.0,0.5,26.28,0.96,0.0,0.75,0.0,0.0,0.125,0.0,0.075,0.0,0.05
"[[0, 0], [0, 1]]","[[(1, 1), (1, 1)], [(0, 1), (0, 1)]]",40,1600,1.0,0.01,0.01,0.0,0.8,0.0,0.0,emotion,5,1,1.0,400,0.0,1.0,0.0,0.5,11.057,0.926,0.05,0.15,0.0,0.0,0.775,0.05,0.0,0.025,0.0
"[[0, 0], [0, 1]]","[[(1, 1), (1, 1)], [(0, 1), (0, 1)]]",40,1600,1.0,0.01,0.01,0.0,0.8,0.0,0.0,emotion,5,1,1.0,400,0.0,1.0,0.0,0.5,14.131,0.974,0.0,0.725,0.0,0.0,0.275,0.0,0.0,0.0,0.0
"[[0, 0], [0, 1]]","[[(1, 1), (1, 1)], [(0, 1), (0, 1)]]",40,1600,1.0,0.01,0.01,0.0,0.8,0.0,0.0,emotion,5,1,1.0,400,0.0,1.0,0.0,0.5,21.291,0.341,0.55,0.0,0.375,0.05,0.0,0.0,0.0,0.0,0.575
"[[0, 0], [0, 1]]","[[(1, 1), (1, 1)], [(0, 1), (0, 1)]]",40,1600,1.0,0.01,0.01,0.0,0.8,0.0,0.0,emotion,5,1,1.0,400,0.0,1.0,0.0,0.5,22.692,0.889,0.025,0.05,0.0,0.0,0.95,0.0,0.0,0.0,0.0
"[[0, 0], [0, 1]]","[[(1, 1), (1, 1)], [(0, 1), (0, 1)]]",40,1600,1.0,0.01,0.01,0.0,0.8,0.0,0.0,emotion,5,1,1.0,400,0.0,1.0,0.0,0.5,16.652,0.471,0.575,0.0,0.0,0.0,0.95,0.0,0.0,0.05,0.0
"[[0, 0], [0, 1]]","[[(1, 1), (1, 1)], [(0, 1), (0, 1)]]",40,1600,1.0,0.01,0.01,0.0,0.8,0.0,0.0,emotion,5,1,1.0,400,0.0,1.0,0.0,0.5,17.707,0.738,0.95,0.0,0.0,0.0,1.0,0.0,0.0,0.0,0.0
"[[0, 0], [0, 1]]","[[(1, 1), (1, 1)], [(0, 1), (0, 1)]]",40,1600,1.0,0.01,0.01,0.0,0.8,0.0,0.0,emotion,5,1,1.0,400,0.0,1.0,0.0,0.5,21.803,0.977,0.025,0.775,0.0,0.0,0.225,0.0,0.0,0.0,0.0
"[[0, 0], [0, 1]]","[[(1, 1), (1, 1)], [(0, 1), (0, 1)]]",40,1600,1.0,0.01,0.01,0.0,0.8,0.0,0.0,emotion,5,1,1.0,400,0.0,1.0,0.0,0.5,15.401,0.795,0.95,0.0,0.0,0.0,0.925,0.0,0.0,0.0,0.075
"[[0, 0], [0, 1]]","[[(1, 1), (1, 1)], [(0, 1), (0, 1)]]",40,1600,1.0,0.01,0.01,0.0,0.8,0.0,0.0,emotion,5,1,1.0,400,0.0,1.0,0.0,1.0,8.981,0.892,0.125,0.0,0.875,0.0,0.0,0.025,0.0,0.025,0.075
"[[0, 0], [0, 1]]","[[(1, 1), (1, 1)], [(0, 1), (0, 1)]]",40,1600,1.0,0.01,0.01,0.0,0.8,0.0,0.0,emotion,5,1,1.0,400,0.0,1.0,0.0,1.0,11.692,0.99,0.0,0.0,0.925,0.075,0.0,0.0,0.0,0.0,0.0
"[[0, 0], [0, 1]]","[[(1, 1), (1, 1)], [(0, 1), (0, 1)]]",40,1600,1.0,0.01,0.01,0.0,0.8,0.0,0.0,emotion,5,1,1.0,400,0.0,1.0,0.0,1.0,9.569,0.975,0.125,0.0,0.6,0.4,0.0,0.0,0.0,0.0,0.0
"[[0, 0], [0, 1]]","[[(1, 1), (1, 1)], [(0, 1), (0, 1)]]",40,1600,1.0,0.01,0.01,0.0,0.8,0.0,0.0,emotion,5,1,1.0,400,0.0,1.0,0.0,1.0,34.766,0.991,1.0,0.0,0.0,0.0,0.975,0.0,0.0,0.025,0.0
"[[0, 0], [0, 1]]","[[(1, 1), (1, 1)], [(0, 1), (0, 1)]]",40,1600,1.0,0.01,0.01,0.0,0.8,0.0,0.0,emotion,5,1,1.0,400,0.0,1.0,0.0,1.0,46.276,0.965,0.025,0.65,0.0,0.0,0.3,0.025,0.0,0.0,0.025
"[[0, 0], [0, 1]]","[[(1, 1), (1, 1)], [(0, 1), (0, 1)]]",40,1600,1.0,0.01,0.01,0.0,0.8,0.0,0.0,emotion,5,1,1.0,400,0.0,1.0,0.0,1.0,32.798,0.901,0.35,0.0,0.3,0.7,0.0,0.0,0.0,0.0,0.0
"[[0, 0], [0, 1]]","[[(1, 1), (1, 1)], [(0, 1), (0, 1)]]",40,1600,1.0,0.01,0.01,0.0,0.8,0.0,0.0,emotion,5,1,1.0,400,0.0,1.0,0.0,1.0,53.197,0.984,0.025,0.0,0.8,0.125,0.075,0.0,0.0,0.0,0.0
"[[0, 0], [0, 1]]","[[(1, 1), (1, 1)], [(0, 1), (0, 1)]]",40,1600,1.0,0.01,0.01,0.0,0.8,0.0,0.0,emotion,5,1,1.0,400,0.0,1.0,0.0,1.0,80.155,1.0,1.0,0.0,0.0,0.0,1.0,0.0,0.0,0.0,0.0
"[[0, 0], [0, 1]]","[[(1, 1), (1, 1)], [(0, 1), (0, 1)]]",40,1600,1.0,0.01,0.01,0.0,0.8,0.0,0.0,emotion,5,1,1.0,400,0.0,1.0,0.0,1.0,79.368,0.991,1.0,0.0,0.0,0.0,0.975,0.0,0.0,0.025,0.0
"[[0, 0], [0, 1]]","[[(1, 1), (1, 1)], [(0, 1), (0, 1)]]",40,1600,1.0,0.01,0.01,0.0,0.8,0.0,0.0,emotion,5,1,1.0,400,0.0,1.0,0.0,1.0,80.083,0.993,0.95,0.05,0.0,0.0,0.875,0.05,0.0,0.025,0.0
"[[0, 0], [0, 1]]","[[(1, 1), (1, 1)], [(0, 1), (0, 1)]]",40,1600,1.0,0.01,0.01,0.0,0.8,0.0,0.0,emotion,5,1,1.0,400,0.0,1.0,0.0,1.0,91.19,0.991,0.975,0.025,0.0,0.0,0.975,0.0,0.0,0.0,0.0
"[[0, 0], [0, 1]]","[[(1, 1), (1, 1)], [(0, 1), (0, 1)]]",40,1600,1.0,0.01,0.01,0.0,0.8,0.0,0.0,emotion,5,1,1.0,400,0.0,1.0,0.0,1.0,88.062,0.889,0.875,0.1,0.0,0.0,0.9,0.0,0.0,0.0,0.0
"[[0, 0], [0, 1]]","[[(1, 1), (1, 1)], [(0, 1), (0, 1)]]",40,1600,1.0,0.01,0.01,0.0,0.8,0.0,0.0,emotion,5,1,1.0,400,0.0,1.0,0.0,1.0,86.097,1.0,1.0,0.0,0.0,0.0,0.925,0.0,0.075,0.0,0.0
"[[0, 0], [0, 1]]","[[(1, 1), (1, 1)], [(0, 1), (0, 1)]]",40,1600,1.0,0.01,0.01,0.0,0.8,0.0,0.0,emotion,5,1,1.0,400,0.0,1.0,0.0,1.0,89.534,1.0,1.0,0.0,0.0,0.0,1.0,0.0,0.0,0.0,0.0
"[[0, 0], [0, 1]]","[[(1, 1), (1, 1)], [(0, 1), (0, 1)]]",40,1600,1.0,0.01,0.01,0.0,0.8,0.0,0.0,emotion,5,1,1.0,400,0.0,1.0,0.0,1.0,91.438,0.991,0.95,0.025,0.025,0.025,0.925,0.0,0.0,0.0,0.0
"[[0, 0], [0, 1]]","[[(1, 1), (1, 1)], [(0, 1), (0, 1)]]",40,1600,1.0,0.01,0.01,0.0,0.8,0.0,0.0,emotion,5,1,1.0,400,0.0,1.0,0.0,1.0,89.423,1.0,1.0,0.0,0.0,0.0,1.0,0.0,0.0,0.0,0.0
"[[0, 0], [0, 1]]","[[(1, 1), (1, 1)], [(0, 1), (0, 1)]]",40,1600,1.0,0.01,0.01,0.0,0.8,0.0,0.0,emotion,5,1,1.0,400,0.0,1.0,0.0,1.0,89.254,0.989,0.975,0.025,0.0,0.0,0.925,0.025,0.0,0.025,0.0
"[[0, 0], [0, 1]]","[[(1, 1), (1, 1)], [(0, 1), (0, 1)]]",40,1600,1.0,0.01,0.01,0.0,0.8,0.0,0.0,emotion,5,1,1.0,400,0.0,1.0,0.0,1.0,90.729,1.0,1.0,0.0,0.0,0.0,1.0,0.0,0.0,0.0,0.0
"[[0, 0], [0, 1]]","[[(1, 1), (1, 1)], [(0, 1), (0, 1)]]",40,1600,1.0,0.01,0.01,0.0,0.8,0.0,0.0,emotion,5,1,1.0,400,0.0,1.0,0.0,1.0,90.67,0.99,0.975,0.025,0.0,0.0,0.975,0.0,0.0,0.0,0.0
"[[0, 0], [0, 1]]","[[(1, 1), (1, 1)], [(0, 1), (0, 1)]]",40,1600,1.0,0.01,0.01,0.0,0.8,0.0,0.0,emotion,5,1,1.0,400,0.0,1.0,0.0,1.0,91.329,1.0,0.975,0.0,0.0,0.0,0.975,0.025,0.0,0.0,0.0
"[[1, 0], [0, 1]]","[[(0, 1), (0, 1)], [(0, 1), (1, 1)]]",40,1600,1.0,0.01,0.01,0.0,0.4,0.0,0.0,emotion,5,1,1.0,400,0.0,1.0,0.0,0.5,6.076,0.165,0.3,0.85,0.0,0.0,0.0,0.0,0.15,0.0,0.0
"[[1, 0], [0, 1]]","[[(0, 1), (0, 1)], [(0, 1), (1, 1)]]",40,1600,1.0,0.01,0.01,0.0,0.4,0.0,0.0,emotion,5,1,1.0,400,0.0,1.0,0.0,0.5,6.566,0.123,0.3,0.0,0.875,0.0,0.0,0.1,0.0,0.025,0.0
"[[1, 0], [0, 1]]","[[(0, 1), (0, 1)], [(0, 1), (1, 1)]]",40,1600,1.0,0.01,0.01,0.0,0.4,0.0,0.0,emotion,5,1,1.0,400,0.0,1.0,0.0,0.5,6.614,0.138,0.35,0.0,0.775,0.05,0.0,0.1,0.0,0.075,0.0
"[[1, 0], [0, 1]]","[[(0, 1), (0, 1)], [(0, 1), (1, 1)]]",40,1600,1.0,0.01,0.01,0.0,0.4,0.0,0.0,emotion,5,1,1.0,400,0.0,1.0,0.0,0.5,6.388,0.169,0.425,0.825,0.0,0.0,0.075,0.0,0.1,0.0,0.0
"[[1, 0], [0, 1]]","[[(0, 1), (0, 1)], [(0, 1), (1, 1)]]",40,1600,1.0,0.01,0.01,0.0,0.4,0.0,0.0,emotion,5,1,1.0,400,0.0,1.0,0.0,0.5,5.641,0.128,0.475,0.0,0.925,0.05,0.0,0.025,0.0,0.0,0.0
"[[1, 0], [0, 1]]","[[(0, 1), (0, 1)], [(0, 1), (1, 1)]]",40,1600,1.0,0.01,0.01,0.0,0.4,0.0,0.0,emotion,5,1,1.0,400,0.0,1.0,0.0,0.5,6.035,0.138,0.325,0.825,0.0,0.0,0.15,0.0,0.025,0.0,0.0
"[[1, 0], [0, 1]]","[[(0, 1), (0, 1)], [(0, 1), (1, 1)]]",40,1600,1.0,0.01,0.01,0.0,0.4,0.0,0.0,emotion,5,1,1.0,400,0.0,1.0,0.0,0.5,5.953,0.139,0.3,0.0,0.975,0.0,0.0,0.0,0.0,0.025,0.0
"[[1, 0], [0, 1]]","[[(0, 1), (0, 1)], [(0, 1), (1, 1)]]",40,1600,1.0,0.01,0.01,0.0,0.4,0.0,0.0,emotion,5,1,1.0,400,0.0,1.0,0.0,0.5,5.852,0.1,0.4,1.0,0.0,0.0,0.0,0.0,0.0,0.0,0.0
"[[1, 0], [0, 1]]","[[(0, 1), (0, 1)], [(0, 1), (1, 1)]]",40,1600,1.0,0.01,0.01,0.0,0.4,0.0,0.0,emotion,5,1,1.0,400,0.0,1.0,0.0,0.5,6.212,0.199,0.575,0.0,0.975,0.0,0.0,0.025,0.0,0.0,0.0
"[[1, 0], [0, 1]]","[[(0, 1), (0, 1)], [(0, 1), (1, 1)]]",40,1600,1.0,0.01,0.01,0.0,0.4,0.0,0.0,emotion,5,1,1.0,400,0.0,1.0,0.0,0.5,6.192,0.15,0.675,0.95,0.0,0.0,0.025,0.0,0.025,0.0,0.0
"[[1, 0], [0, 1]]","[[(0, 1), (0, 1)], [(0, 1), (1, 1)]]",40,1600,1.0,0.01,0.01,0.0,0.4,0.0,0.0,emotion,5,1,1.0,400,0.0,1.0,0.0,0.5,6.323,0.13,0.275,0.0,0.925,0.0,0.0,0.05,0.0,0.025,0.0
"[[1, 0], [0, 1]]","[[(0, 1), (0, 1)], [(0, 1), (1, 1)]]",40,1600,1.0,0.01,0.01,0.0,0.4,0.0,0.0,emotion,5,1,1.0,400,0.0,1.0,0.0,0.5,5.858,0.109,0.375,0.95,0.0,0.0,0.0,0.0,0.05,0.0,0.0
"[[1, 0], [0, 1]]","[[(0, 1), (0, 1)], [(0, 1), (1, 1)]]",40,1600,1.0,0.01,0.01,0.0,0.4,0.0,0.0,emotion,5,1,1.0,400,0.0,1.0,0.0,0.5,6.259,0.121,0.425,1.0,0.0,0.0,0.0,0.0,0.0,0.0,0.0
"[[1, 0], [0, 1]]","[[(0, 1), (0, 1)], [(0, 1), (1, 1)]]",40,1600,1.0,0.01,0.01,0.0,0.4,0.0,0.0,emotion,5,1,1.0,400,0.0,1.0,0.0,0.5,5.72,0.145,0.475,0.0,0.9,0.05,0.0,0.025,0.025,0.0,0.0
"[[1, 0], [0, 1]]","[[(0, 1), (0, 1)], [(0, 1), (1, 1)]]",40,1600,1.0,0.01,0.01,0.0,0.4,0.0,0.0,emotion,5,1,1.0,400,0.0,1.0,0.0,0.5,5.749,0.139,0.525,0.925,0.0,0.0,0.025,0.0,0.05,0.0,0.0
"[[1, 0], [0, 1]]","[[(0, 1), (0, 1)], [(0, 1), (1, 1)]]",40,1600,1.0,0.01,0.01,0.0,0.4,0.0,0.0,emotion,5,1,1.0,400,0.0,1.0,0.0,0.5,5.784,0.125,0.4,0.0,0.95,0.0,0.0,0.05,0.0,0.0,0.0
"[[1, 0], [0, 1]]","[[(0, 1), (0, 1)], [(0, 1), (1, 1)]]",40,1600,1.0,0.01,0.01,0.0,0.4,0.0,0.0,emotion,5,1,1.0,400,0.0,1.0,0.0,0.5,5.924,0.163,0.5,0.0,0.825,0.025,0.0,0.15,0.0,0.0,0.0
"[[1, 0], [0, 1]]","[[(0, 1), (0, 1)], [(0, 1), (1, 1)]]",40,1600,1.0,0.01,0.01,0.0,0.4,0.0,0.0,emotion,5,1,1.0,400,0.0,1.0,0.0,0.5,15.459,0.13,0.55,0.0,0.925,0.05,0.0,0.0,0.0,0.025,0.0
"[[1, 0], [0, 1]]","[[(0, 1), (0, 1)], [(0, 1), (1, 1)]]",40,1600,1.0,0.01,0.01,0.0,0.4,0.0,0.0,emotion,5,1,1.0,400,0.0,1.0,0.0,0.5,6.636,0.195,0.575,0.0,0.875,0.025,0.0,0.025,0.0,0.05,0.025
"[[1, 0], [0, 1]]","[[(0, 1), (0, 1)], [(0, 1), (1, 1)]]",40,1600,1.0,0.01,0.01,0.0,0.4,0.0,0.0,emotion,5,1,1.0,400,0.0,1.0,0.0,0.5,18.116,0.145,0.4,0.0,0.95,0.05,0.0,0.0,0.0,0.0,0.0
"[[1, 0], [0, 1]]","[[(0, 1), (0, 1)], [(0, 1), (1, 1)]]",40,1600,1.0,0.01,0.01,0.0,0.4,0.0,0.0,emotion,5,1,1.0,400,0.0,1.0,0.0,1.0,6.129,0.125,0.6,0.975,0.0,0.0,0.0,0.0,0.0,0.0,0.025
"[[1, 0], [0, 1]]","[[(0, 1), (0, 1)], [(0, 1), (1, 1)]]",40,1600,1.0,0.01,0.01,0.0,0.4,0.0,0.0,emotion,5,1,1.0,400,0.0,1.0,0.0,1.0,5.598,0.115,0.375,0.875,0.0,0.0,0.0,0.0,0.125,0.0,0.0
"[[1, 0], [0, 1]]","[[(0, 1), (0, 1)], [(0, 1), (1, 1)]]",40,1600,1.0,0.01,0.01,0.0,0.4,0.0,0.0,emotion,5,1,1.0,400,0.0,1.0,0.0,1.0,5.95,0.116,0.45,0.0,1.0,0.0,0.0,0.0,0.0,0.0,0.0
"[[1, 0], [0, 1]]","[[(0, 1), (0, 1)], [(0, 1), (1, 1)]]",40,1600,1.0,0.01,0.01,0.0,0.4,0.0,0.0,emotion,5,1,1.0,400,0.0,1.0,0.0,1.0,6.356,0.183,0.55,0.875,0.0,0.0,0.0,0.0,0.05,0.0,0.075
"[[1, 0], [0, 1]]","[[(0, 1), (0, 1)], [(0, 1), (1, 1)]]",40,1600,1.0,0.01,0.01,0.0,0.4,0.0,0.0,emotion,5,1,1.0,400,0.0,1.0,0.0,1.0,6.158,0.179,0.425,0.0,0.925,0.025,0.0,0.05,0.0,0.0,0.0
"[[1, 0], [0, 1]]","[[(0, 1), (0, 1)], [(0, 1), (1, 1)]]",40,1600,1.0,0.01,0.01,0.0,0.4,0.0,0.0,emotion,5,1,1.0,400,0.0,1.0,0.0,1.0,6.108,0.155,0.5,0.0,0.9,0.025,0.0,0.05,0.0,0.0,0.025
"[[1, 0], [0, 1]]","[[(0, 1), (0, 1)], [(0, 1), (1, 1)]]",40,1600,1.0,0.01,0.01,0.0,0.4,0.0,0.0,emotion,5,1,1.0,400,0.0,1.0,0.0,1.0,6.193,0.224,0.25,0.0,0.875,0.0,0.0,0.025,0.0,0.1,0.0
"[[1, 0], [0, 1]]","[[(0, 1), (0, 1)], [(0, 1), (1, 1)]]",40,1600,1.0,0.01,0.01,0.0,0.4,0.0,0.0,emotion,5,1,1.0,400,0.0,1.0,0.0,1.0,6.032,0.194,0.7,0.0,1.0,0.0,0.0,0.0,0.0,0.0,0.0
"[[1, 0], [0, 1]]","[[(0, 1), (0, 1)], [(0, 1), (1, 1)]]",40,1600,1.0,0.01,0.01,0.0,0.4,0.0,0.0,emotion,5,1,1.0,400,0.0,1.0,0.0,1.0,6.291,0.129,0.425,0.0,0.925,0.075,0.0,0.0,0.0,0.0,0.0
"[[1, 0], [0, 1]]","[[(0, 1), (0, 1)], [(0, 1), (1, 1)]]",40,1600,1.0,0.01,0.01,0.0,0.4,0.0,0.0,emotion,5,1,1.0,400,0.0,1.0,0.0,1.0,6.103,0.124,0.525,0.0,1.0,0.0,0.0,0.0,0.0,0.0,0.0
"[[1, 0], [0, 1]]","[[(0, 1), (0, 1)], [(0, 1), (1, 1)]]",40,1600,1.0,0.01,0.01,0.0,0.4,0.0,0.0,emotion,5,1,1.0,400,0.0,1.0,0.0,1.0,5.493,0.16,0.525,0.0,0.95,0.025,0.0,0.0,0.0,0.0,0.025
"[[1, 0], [0, 1]]","[[(0, 1), (0, 1)], [(0, 1), (1, 1)]]",40,1600,1.0,0.01,0.01,0.0,0.4,0.0,0.0,emotion,5,1,1.0,400,0.0,1.0,0.0,1.0,6.219,0.244,0.675,0.0,0.975,0.025,0.0,0.0,0.0,0.0,0.0
"[[1, 0], [0, 1]]","[[(0, 1), (0, 1)], [(0, 1), (1, 1)]]",40,1600,1.0,0.01,0.01,0.0,0.4,0.0,0.0,emotion,5,1,1.0,400,0.0,1.0,0.0,1.0,6.336,0.152,0.525,0.0,0.95,0.025,0.0,0.025,0.0,0.0,0.0
"[[1, 0], [0, 1]]","[[(0, 1), (0, 1)], [(0, 1), (1, 1)]]",40,1600,1.0,0.01,0.01,0.0,0.4,0.0,0.0,emotion,5,1,1.0,400,0.0,1.0,0.0,1.0,12.207,0.18,0.55,0.0,0.925,0.0,0.0,0.075,0.0,0.0,0.0
"[[1, 0], [0, 1]]","[[(0, 1), (0, 1)], [(0, 1), (1, 1)]]",40,1600,1.0,0.01,0.01,0.0,0.4,0.0,0.0,emotion,5,1,1.0,400,0.0,1.0,0.0,1.0,5.543,0.126,0.5,1.0,0.0,0.0,0.0,0.0,0.0,0.0,0.0
"[[1, 0], [0, 1]]","[[(0, 1), (0, 1)], [(0, 1), (1, 1)]]",40,1600,1.0,0.01,0.01,0.0,0.4,0.0,0.0,emotion,5,1,1.0,400,0.0,1.0,0.0,1.0,6.024,0.254,0.15,1.0,0.0,0.0,0.0,0.0,0.0,0.0,0.0
"[[1, 0], [0, 1]]","[[(0, 1), (0, 1)], [(0, 1), (1, 1)]]",40,1600,1.0,0.01,0.01,0.0,0.4,0.0,0.0,emotion,5,1,1.0,400,0.0,1.0,0.0,1.0,21.415,0.194,0.575,0.0,0.95,0.025,0.0,0.025,0.0,0.0,0.0
"[[1, 0], [0, 1]]","[[(0, 1), (0, 1)], [(0, 1), (1, 1)]]",40,1600,1.0,0.01,0.01,0.0,0.4,0.0,0.0,emotion,5,1,1.0,400,0.0,1.0,0.0,1.0,35.92,0.121,0.425,0.85,0.0,0.0,0.075,0.05,0.025,0.0,0.0
"[[1, 0], [0, 1]]","[[(0, 1), (0, 1)], [(0, 1), (1, 1)]]",40,1600,1.0,0.01,0.01,0.0,0.4,0.0,0.0,emotion,5,1,1.0,400,0.0,1.0,0.0,1.0,38.396,0.126,0.475,0.975,0.0,0.0,0.0,0.0,0.025,0.0,0.0
"[[1, 0], [0, 1]]","[[(0, 1), (0, 1)], [(0, 1), (1, 1)]]",40,1600,1.0,0.01,0.01,0.0,0.4,0.0,0.0,emotion,5,1,1.0,400,0.0,1.0,0.0,1.0,11.183,0.339,0.225,0.95,0.0,0.0,0.025,0.0,0.0,0.0,0.025
"[[1, 0], [0, 1]]","[[(0, 1), (0, 1)], [(0, 1), (1, 1)]]",40,1600,1.0,0.01,0.01,0.0,0.6,0.0,0.0,emotion,5,1,1.0,400,0.0,1.0,0.0,0.5,6.493,0.141,0.375,0.95,0.0,0.0,0.0,0.0,0.05,0.0,0.0
"[[1, 0], [0, 1]]","[[(0, 1), (0, 1)], [(0, 1), (1, 1)]]",40,1600,1.0,0.01,0.01,0.0,0.6,0.0,0.0,emotion,5,1,1.0,400,0.0,1.0,0.0,0.5,5.606,0.164,0.375,0.85,0.0,0.0,0.15,0.0,0.0,0.0,0.0
"[[1, 0], [0, 1]]","[[(0, 1), (0, 1)], [(0, 1), (1, 1)]]",40,1600,1.0,0.01,0.01,0.0,0.6,0.0,0.0,emotion,5,1,1.0,400,0.0,1.0,0.0,0.5,5.91,0.15,0.35,0.0,0.875,0.05,0.0,0.05,0.0,0.025,0.0
"[[1, 0], [0, 1]]","[[(0, 1), (0, 1)], [(0, 1), (1, 1)]]",40,1600,1.0,0.01,0.01,0.0,0.6,0.0,0.0,emotion,5,1,1.0,400,0.0,1.0,0.0,0.5,6.073,0.185,0.3,0.85,0.0,0.0,0.05,0.0,0.075,0.0,0.025
"[[1, 0], [0, 1]]","[[(0, 1), (0, 1)], [(0, 1), (1, 1)]]",40,1600,1.0,0.01,0.01,0.0,0.6,0.0,0.0,emotion,5,1,1.0,400,0.0,1.0,0.0,0.5,5.936,0.125,0.3,1.0,0.0,0.0,0.0,0.0,0.0,0.0,0.0
"[[1, 0], [0, 1]]","[[(0, 1), (0, 1)], [(0, 1), (1, 1)]]",40,1600,1.0,0.01,0.01,0.0,0.6,0.0,0.0,emotion,5,1,1.0,400,0.0,1.0,0.0,0.5,6.59,0.125,0.4,1.0,0.0,0.0,0.0,0.0,0.0,0.0,0.0
"[[1, 0], [0, 1]]","[[(0, 1), (0, 1)], [(0, 1), (1, 1)]]",40,1600,1.0,0.01,0.01,0.0,0.6,0.0,0.0,emotion,5,1,1.0,400,0.0,1.0,0.0,0.5,5.678,0.223,0.3,0.775,0.0,0.0,0.025,0.0,0.2,0.0,0.0
"[[1, 0], [0, 1]]","[[(0, 1), (0, 1)], [(0, 1), (1, 1)]]",40,1600,1.0,0.01,0.01,0.0,0.6,0.0,0.0,emotion,5,1,1.0,400,0.0,1.0,0.0,0.5,6.023,0.128,0.4,0.0,0.975,0.025,0.0,0.0,0.0,0.0,0.0
"[[1, 0], [0, 1]]","[[(0, 1), (0, 1)], [(0, 1), (1, 1)]]",40,1600,1.0,0.01,0.01,0.0,0.6,0.0,0.0,emotion,5,1,1.0,400,0.0,1.0,0.0,0.5,6.543,0.152,0.3,0.0,0.8,0.1,0.0,0.1,0.0,0.0,0.0
"[[1, 0], [0, 1]]","[[(0, 1), (0, 1)], [(0, 1), (1, 1)]]",40,1600,1.0,0.01,0.01,0.0,0.6,0.0,0.0,emotion,5,1,1.0,400,0.0,1.0,0.0,0.5,6.388,0.191,0.375,0.875,0.0,0.0,0.075,0.0,0.0,0.025,0.025
"[[1, 0], [0, 1]]","[[(0, 1), (0, 1)], [(0, 1), (1, 1)]]",40,1600,1.0,0.01,0.01,0.0,0.6,0.0,0.0,emotion,5,1,1.0,400,0.0,1.0,0.0,0.5,7.052,0.215,0.35,0.0,0.75,0.0,0.05,0.125,0.075,0.0,0.0
"[[1, 0], [0, 1]]","[[(0, 1), (0, 1)], [(0, 1), (1, 1)]]",40,1600,1.0,0.01,0.01,0.0,0.6,0.0,0.0,emotion,5,1,1.0,400,0.0,1.0,0.0,0.5,6.164,0.11,0.65,0.975,0.0,0.025,0.0,0.0,0.0,0.0,0.0
"[[1, 0], [0, 1]]","[[(0, 1), (0, 1)], [(0, 1), (1, 1)]]",40,1600,1.0,0.01,0.01,0.0,0.6,0.0,0.0,emotion,5,1,1.0,400,0.0,1.0,0.0,0.5,6.484,0.177,0.625,0.825,0.0,0.0,0.05,0.0,0.05,0.0,0.075
"[[1, 0], [0, 1]]","[[(0, 1), (0, 1)], [(0, 1), (1, 1)]]",40,1600,1.0,0.01,0.01,0.0,0.6,0.0,0.0,emotion,5,1,1.0,400,0.0,1.0,0.0,0.5,6.398,0.145,0.4,0.0,0.975,0.0,0.0,0.0,0.0,0.025,0.0
"[[1, 0], [0, 1]]","[[(0, 1), (0, 1)], [(0, 1), (1, 1)]]",40,1600,1.0,0.01,0.01,0.0,0.6,0.0,0.0,emotion,5,1,1.0,400,0.0,1.0,0.0,0.5,7.104,0.118,0.425,0.95,0.0,0.0,0.05,0.0,0.0,0.0,0.0
"[[1, 0], [0, 1]]","[[(0, 1), (0, 1)], [(0, 1), (1, 1)]]",40,1600,1.0,0.01,0.01,0.0,0.6,0.0,0.0,emotion,5,1,1.0,400,0.0,1.0,0.0,0.5,6.441,0.155,0.375,0.0,0.725,0.075,0.025,0.15,0.0,0.025,0.0
"[[1, 0], [0, 1]]","[[(0, 1), (0, 1)], [(0, 1), (1, 1)]]",40,1600,1.0,0.01,0.01,0.0,0.6,0.0,0.0,emotion,5,1,1.0,400,0.0,1.0,0.0,0.5,25.798,0.146,0.45,0.025,0.9,0.075,0.0,0.0,0.0,0.0,0.0
"[[1, 0], [0, 1]]","[[(0, 1), (0, 1)], [(0, 1), (1, 1)]]",40,1600,1.0,0.01,0.01,0.0,0.6,0.0,0.0,emotion,5,1,1.0,400,0.0,1.0,0.0,0.5,28.655,0.145,0.425,0.0,0.85,0.075,0.0,0.05,0.025,0.0,0.0
"[[1, 0], [0, 1]]","[[(0, 1), (0, 1)], [(0, 1), (1, 1)]]",40,1600,1.0,0.01,0.01,0.0,0.6,0.0,0.0,emotion,5,1,1.0,400,0.0,1.0,0.0,0.5,45.46,0.128,0.475,1.0,0.0,0.0,0.0,0.0,0.0,0.0,0.0
"[[1, 0], [0, 1]]","[[(0, 1), (0, 1)], [(0, 1), (1, 1)]]",40,1600,1.0,0.01,0.01,0.0,0.6,0.0,0.0,emotion,5,1,1.0,400,0.0,1.0,0.0,0.5,65.882,0.136,0.55,0.0,1.0,0.0,0.0,0.0,0.0,0.0,0.0
"[[1, 0], [0, 1]]","[[(0, 1), (0, 1)], [(0, 1), (1, 1)]]",40,1600,1.0,0.01,0.01,0.0,0.6,0.0,0.0,emotion,5,1,1.0,400,0.0,1.0,0.0,1.0,5.855,0.184,0.625,0.9,0.0,0.0,0.0,0.0,0.075,0.0,0.025
"[[1, 0], [0, 1]]","[[(0, 1), (0, 1)], [(0, 1), (1, 1)]]",40,1600,1.0,0.01,0.01,0.0,0.6,0.0,0.0,emotion,5,1,1.0,400,0.0,1.0,0.0,1.0,5.853,0.249,0.8,0.0,1.0,0.0,0.0,0.0,0.0,0.0,0.0
"[[1, 0], [0, 1]]","[[(0, 1), (0, 1)], [(0, 1), (1, 1)]]",40,1600,1.0,0.01,0.01,0.0,0.6,0.0,0.0,emotion,5,1,1.0,400,0.0,1.0,0.0,1.0,9.274,0.189,0.375,0.0,0.95,0.0,0.0,0.05,0.0,0.0,0.0
"[[1, 0], [0, 1]]","[[(0, 1), (0, 1)], [(0, 1), (1, 1)]]",40,1600,1.0,0.01,0.01,0.0,0.6,0.0,0.0,emotion,5,1,1.0,400,0.0,1.0,0.0,1.0,11.533,0.178,0.35,0.95,0.0,0.0,0.0,0.0,0.025,0.0,0.025
"[[1, 0], [0, 1]]","[[(0, 1), (0, 1)], [(0, 1), (1, 1)]]",40,1600,1.0,0.01,0.01,0.0,0.6,0.0,0.0,emotion,5,1,1.0,400,0.0,1.0,0.0,1.0,11.397,1.0,0.975,0.025,0.0,0.0,0.975,0.0,0.0,0.0,0.0
"[[1, 0], [0, 1]]","[[(0, 1), (0, 1)], [(0, 1), (1, 1)]]",40,1600,1.0,0.01,0.01,0.0,0.6,0.0,0.0,emotion,5,1,1.0,400,0.0,1.0,0.0,1.0,10.597,0.169,0.55,0.925,0.0,0.0,0.05,0.0,0.025,0.0,0.0
"[[1, 0], [0, 1]]","[[(0, 1), (0, 1)], [(0, 1), (1, 1)]]",40,1600,1.0,0.01,0.01,0.0,0.6,0.0,0.0,emotion,5,1,1.0,400,0.0,1.0,0.0,1.0,5.942,0.179,0.15,0.0,0.95,0.025,0.0,0.0,0.0,0.025,0.0
"[[1, 0], [0, 1]]","[[(0, 1), (0, 1)], [(0, 1), (1, 1)]]",40,1600,1.0,0.01,0.01,0.0,0.6,0.0,0.0,emotion,5,1,1.0,400,0.0,1.0,0.0,1.0,13.619,1.0,1.0,0.0,0.0,0.0,0.75,0.0,0.0,0.25,0.0
"[[1, 0], [0, 1]]","[[(0, 1), (0, 1)], [(0, 1), (1, 1)]]",40,1600,1.0,0.01,0.01,0.0,0.6,0.0,0.0,emotion,5,1,1.0,400,0.0,1.0,0.0,1.0,19.48,0.219,0.55,0.775,0.0,0.0,0.175,0.0,0.05,0.0,0.0
"[[1, 0], [0, 1]]","[[(0, 1), (0, 1)], [(0, 1), (1, 1)]]",40,1600,1.0,0.01,0.01,0.0,0.6,0.0,0.0,emotion,5,1,1.0,400,0.0,1.0,0.0,1.0,6.199,0.163,0.55,0.925,0.0,0.0,0.025,0.0,0.025,0.0,0.025
"[[1, 0], [0, 1]]","[[(0, 1), (0, 1)], [(0, 1), (1, 1)]]",40,1600,1.0,0.01,0.01,0.0,0.6,0.0,0.0,emotion,5,1,1.0,400,0.0,1.0,0.0,1.0,17.881,0.208,0.225,0.0,0.925,0.0,0.0,0.05,0.0,0.025,0.0
"[[1, 0], [0, 1]]","[[(0, 1), (0, 1)], [(0, 1), (1, 1)]]",40,1600,1.0,0.01,0.01,0.0,0.6,0.0,0.0,emotion,5,1,1.0,400,0.0,1.0,0.0,1.0,12.062,0.135,0.45,1.0,0.0,0.0,0.0,0.0,0.0,0.0,0.0
"[[1, 0], [0, 1]]","[[(0, 1), (0, 1)], [(0, 1), (1, 1)]]",40,1600,1.0,0.01,0.01,0.0,0.6,0.0,0.0,emotion,5,1,1.0,400,0.0,1.0,0.0,1.0,23.231,0.934,0.975,0.0,0.0,0.0,0.675,0.025,0.075,0.225,0.0
"[[1, 0], [0, 1]]","[[(0, 1), (0, 1)], [(0, 1), (1, 1)]]",40,1600,1.0,0.01,0.01,0.0,0.6,0.0,0.0,emotion,5,1,1.0,400,0.0,1.0,0.0,1.0,21.317,0.237,0.65,0.75,0.0,0.0,0.225,0.0,0.0,0.0,0.025
"[[1, 0], [0, 1]]","[[(0, 1), (0, 1)], [(0, 1), (1, 1)]]",40,1600,1.0,0.01,0.01,0.0,0.6,0.0,0.0,emotion,5,1,1.0,400,0.0,1.0,0.0,1.0,29.843,0.999,1.0,0.0,0.0,0.0,0.825,0.0,0.0,0.175,0.0
"[[1, 0], [0, 1]]","[[(0, 1), (0, 1)], [(0, 1), (1, 1)]]",40,1600,1.0,0.01,0.01,0.0,0.6,0.0,0.0,emotion,5,1,1.0,400,0.0,1.0,0.0,1.0,38.618,0.994,0.0,0.0,0.0,0.0,0.0,1.0,0.0,0.0,0.0
"[[1, 0], [0, 1]]","[[(0, 1), (0, 1)], [(0, 1), (1, 1)]]",40,1600,1.0,0.01,0.01,0.0,0.6,0.0,0.0,emotion,5,1,1.0,400,0.0,1.0,0.0,1.0,32.212,0.164,0.375,0.0,0.975,0.025,0.0,0.0,0.0,0.0,0.0
"[[1, 0], [0, 1]]","[[(0, 1), (0, 1)], [(0, 1), (1, 1)]]",40,1600,1.0,0.01,0.01,0.0,0.6,0.0,0.0,emotion,5,1,1.0,400,0.0,1.0,0.0,1.0,42.864,0.806,0.025,0.0,0.025,0.0,0.0,0.975,0.0,0.0,0.0
"[[1, 0], [0, 1]]","[[(0, 1), (0, 1)], [(0, 1), (1, 1)]]",40,1600,1.0,0.01,0.01,0.0,0.6,0.0,0.0,emotion,5,1,1.0,400,0.0,1.0,0.0,1.0,23.328,0.185,0.6,0.95,0.0,0.0,0.0,0.0,0.025,0.0,0.025
"[[1, 0], [0, 1]]","[[(0, 1), (0, 1)], [(0, 1), (1, 1)]]",40,1600,1.0,0.01,0.01,0.0,0.6,0.0,0.0,emotion,5,1,1.0,400,0.0,1.0,0.0,1.0,91.16,0.945,0.025,0.0,0.0,0.0,0.025,0.95,0.0,0.0,0.025
"[[1, 0], [0, 1]]","[[(0, 1), (0, 1)], [(0, 1), (1, 1)]]",40,1600,1.0,0.01,0.01,0.0,0.8,0.0,0.0,emotion,5,1,1.0,400,0.0,1.0,0.0,0.5,6.274,0.239,0.575,0.0,0.8,0.175,0.0,0.025,0.0,0.0,0.0
"[[1, 0], [0, 1]]","[[(0, 1), (0, 1)], [(0, 1), (1, 1)]]",40,1600,1.0,0.01,0.01,0.0,0.8,0.0,0.0,emotion,5,1,1.0,400,0.0,1.0,0.0,0.5,6.422,0.214,0.5,0.725,0.0,0.0,0.125,0.0,0.025,0.0,0.125
"[[1, 0], [0, 1]]","[[(0, 1), (0, 1)], [(0, 1), (1, 1)]]",40,1600,1.0,0.01,0.01,0.0,0.8,0.0,0.0,emotion,5,1,1.0,400,0.0,1.0,0.0,0.5,5.819,0.149,0.3,0.0,0.925,0.075,0.0,0.0,0.0,0.0,0.0
"[[1, 0], [0, 1]]","[[(0, 1), (0, 1)], [(0, 1), (1, 1)]]",40,1600,1.0,0.01,0.01,0.0,0.8,0.0,0.0,emotion,5,1,1.0,400,0.0,1.0,0.0,0.5,6.288,0.179,0.45,0.0,0.975,0.025,0.0,0.0,0.0,0.0,0.0
"[[1, 0], [0, 1]]","[[(0, 1), (0, 1)], [(0, 1), (1, 1)]]",40,1600,1.0,0.01,0.01,0.0,0.8,0.0,0.0,emotion,5,1,1.0,400,0.0,1.0,0.0,0.5,5.474,0.21,0.5,0.0,0.85,0.075,0.0,0.025,0.0,0.05,0.0
"[[1, 0], [0, 1]]","[[(0, 1), (0, 1)], [(0, 1), (1, 1)]]",40,1600,1.0,0.01,0.01,0.0,0.8,0.0,0.0,emotion,5,1,1.0,400,0.0,1.0,0.0,0.5,7.746,0.141,0.475,0.95,0.0,0.0,0.05,0.0,0.0,0.0,0.0
"[[1, 0], [0, 1]]","[[(0, 1), (0, 1)], [(0, 1), (1, 1)]]",40,1600,1.0,0.01,0.01,0.0,0.8,0.0,0.0,emotion,5,1,1.0,400,0.0,1.0,0.0,0.5,6.524,0.256,0.45,0.0,0.75,0.0,0.0,0.25,0.0,0.0,0.0
"[[1, 0], [0, 1]]","[[(0, 1), (0, 1)], [(0, 1), (1, 1)]]",40,1600,1.0,0.01,0.01,0.0,0.8,0.0,0.0,emotion,5,1,1.0,400,0.0,1.0,0.0,0.5,13.039,0.161,0.4,0.95,0.0,0.0,0.05,0.0,0.0,0.0,0.0
"[[1, 0], [0, 1]]","[[(0, 1), (0, 1)], [(0, 1), (1, 1)]]",40,1600,1.0,0.01,0.01,0.0,0.8,0.0,0.0,emotion,5,1,1.0,400,0.0,1.0,0.0,0.5,8.012,0.214,0.175,0.0,0.9,0.0,0.0,0.1,0.0,0.0,0.0
"[[1, 0], [0, 1]]","[[(0, 1), (0, 1)], [(0, 1), (1, 1)]]",40,1600,1.0,0.01,0.01,0.0,0.8,0.0,0.0,emotion,5,1,1.0,400,0.0,1.0,0.0,0.5,5.955,0.851,0.95,0.0,0.0,0.05,0.95,0.0,0.0,0.0,0.0
"[[1, 0], [0, 1]]","[[(0, 1), (0, 1)], [(0, 1), (1, 1)]]",40,1600,1.0,0.01,0.01,0.0,0.8,0.0,0.0,emotion,5,1,1.0,400,0.0,1.0,0.0,0.5,6.005,0.134,0.425,0.0,1.0,0.0,0.0,0.0,0.0,0.0,0.0
"[[1, 0], [0, 1]]","[[(0, 1), (0, 1)], [(0, 1), (1, 1)]]",40,1600,1.0,0.01,0.01,0.0,0.8,0.0,0.0,emotion,5,1,1.0,400,0.0,1.0,0.0,0.5,6.409,0.153,0.375,0.0,0.9,0.025,0.0,0.025,0.0,0.05,0.0
"[[1, 0], [0, 1]]","[[(0, 1), (0, 1)], [(0, 1), (1, 1)]]",40,1600,1.0,0.01,0.01,0.0,0.8,0.0,0.0,emotion,5,1,1.0,400,0.0,1.0,0.0,0.5,6.158,0.259,0.55,0.0,0.775,0.225,0.0,0.0,0.0,0.0,0.0
"[[1, 0], [0, 1]]","[[(0, 1), (0, 1)], [(0, 1), (1, 1)]]",40,1600,1.0,0.01,0.01,0.0,0.8,0.0,0.0,emotion,5,1,1.0,400,0.0,1.0,0.0,0.5,12.8,0.864,0.95,0.0,0.0,0.0,0.8,0.025,0.025,0.15,0.0
"[[1, 0], [0, 1]]","[[(0, 1), (0, 1)], [(0, 1), (1, 1)]]",40,1600,1.0,0.01,0.01,0.0,0.8,0.0,0.0,emotion,5,1,1.0,400,0.0,1.0,0.0,0.5,22.523,0.366,0.3,0.025,0.2,0.0,0.025,0.75,0.0,0.0,0.0
"[[1, 0], [0, 1]]","[[(0, 1), (0, 1)], [(0, 1), (1, 1)]]",40,1600,1.0,0.01,0.01,0.0,0.8,0.0,0.0,emotion,5,1,1.0,400,0.0,1.0,0.0,0.5,21.572,0.166,0.325,0.0,0.825,0.0,0.0,0.15,0.0,0.025,0.0
"[[1, 0], [0, 1]]","[[(0, 1), (0, 1)], [(0, 1), (1, 1)]]",40,1600,1.0,0.01,0.01,0.0,0.8,0.0,0.0,emotion,5,1,1.0,400,0.0,1.0,0.0,0.5,13.856,0.171,0.7,0.0,0.9,0.05,0.0,0.05,0.0,0.0,0.0
"[[1, 0], [0, 1]]","[[(0, 1), (0, 1)], [(0, 1), (1, 1)]]",40,1600,1.0,0.01,0.01,0.0,0.8,0.0,0.0,emotion,5,1,1.0,400,0.0,1.0,0.0,0.5,5.922,0.195,0.675,0.0,0.95,0.025,0.0,0.025,0.0,0.0,0.0
"[[1, 0], [0, 1]]","[[(0, 1), (0, 1)], [(0, 1), (1, 1)]]",40,1600,1.0,0.01,0.01,0.0,0.8,0.0,0.0,emotion,5,1,1.0,400,0.0,1.0,0.0,0.5,21.329,0.135,0.4,0.0,0.9,0.1,0.0,0.0,0.0,0.0,0.0
"[[1, 0], [0, 1]]","[[(0, 1), (0, 1)], [(0, 1), (1, 1)]]",40,1600,1.0,0.01,0.01,0.0,0.8,0.0,0.0,emotion,5,1,1.0,400,0.0,1.0,0.0,0.5,65.244,0.165,0.4,0.95,0.0,0.0,0.0,0.0,0.05,0.0,0.0
"[[1, 0], [0, 1]]","[[(0, 1), (0, 1)], [(0, 1), (1, 1)]]",40,1600,1.0,0.01,0.01,0.0,0.8,0.0,0.0,emotion,5,1,1.0,400,0.0,1.0,0.0,1.0,5.907,0.371,0.45,0.0,0.8,0.075,0.0,0.1,0.0,0.025,0.0
"[[1, 0], [0, 1]]","[[(0, 1), (0, 1)], [(0, 1), (1, 1)]]",40,1600,1.0,0.01,0.01,0.0,0.8,0.0,0.0,emotion,5,1,1.0,400,0.0,1.0,0.0,1.0,5.887,0.148,0.3,1.0,0.0,0.0,0.0,0.0,0.0,0.0,0.0
"[[1, 0], [0, 1]]","[[(0, 1), (0, 1)], [(0, 1), (1, 1)]]",40,1600,1.0,0.01,0.01,0.0,0.8,0.0,0.0,emotion,5,1,1.0,400,0.0,1.0,0.0,1.0,10.845,0.276,0.4,0.0,0.825,0.0,0.0,0.175,0.0,0.0,0.0
"[[1, 0], [0, 1]]","[[(0, 1), (0, 1)], [(0, 1), (1, 1)]]",40,1600,1.0,0.01,0.01,0.0,0.8,0.0,0.0,emotion,5,1,1.0,400,0.0,1.0,0.0,1.0,16.325,0.295,0.15,0.0,0.925,0.0,0.0,0.025,0.0,0.05,0.0
"[[1, 0], [0, 1]]","[[(0, 1), (0, 1)], [(0, 1), (1, 1)]]",40,1600,1.0,0.01,0.01,0.0,0.8,0.0,0.0,emotion,5,1,1.0,400,0.0,1.0,0.0,1.0,26.176,0.973,0.0,0.0,0.0,0.0,0.0,1.0,0.0,0.0,0.0
"[[1, 0], [0, 1]]","[[(0, 1), (0, 1)], [(0, 1), (1, 1)]]",40,1600,1.0,0.01,0.01,0.0,0.8,0.0,0.0,emotion,5,1,1.0,400,0.0,1.0,0.0,1.0,24.073,0.105,0.225,0.0,0.975,0.0,0.0,0.025,0.0,0.0,0.0
"[[1, 0], [0, 1]]","[[(0, 1), (0, 1)], [(0, 1), (1, 1)]]",40,1600,1.0,0.01,0.01,0.0,0.8,0.0,0.0,emotion,5,1,1.0,400,0.0,1.0,0.0,1.0,13.988,0.166,0.5,0.975,0.0,0.0,0.025,0.0,0.0,0.0,0.0
"[[1, 0], [0, 1]]","[[(0, 1), (0, 1)], [(0, 1), (1, 1)]]",40,1600,1.0,0.01,0.01,0.0,0.8,0.0,0.0,emotion,5,1,1.0,400,0.0,1.0,0.0,1.0,33.546,0.997,0.025,0.0,0.025,0.025,0.0,0.95,0.0,0.0,0.0
"[[1, 0], [0, 1]]","[[(0, 1), (0, 1)], [(0, 1), (1, 1)]]",40,1600,1.0,0.01,0.01,0.0,0.8,0.0,0.0,emotion,5,1,1.0,400,0.0,1.0,0.0,1.0,54.914,0.893,0.025,0.0,0.0,0.0,0.0,0.925,0.0,0.0,0.075
"[[1, 0], [0, 1]]","[[(0, 1), (0, 1)], [(0, 1), (1, 1)]]",40,1600,1.0,0.01,0.01,0.0,0.8,0.0,0.0,emotion,5,1,1.0,400,0.0,1.0,0.0,1.0,57.638,0.226,0.25,0.75,0.2,0.0,0.0,0.0,0.05,0.0,0.0
"[[1, 0], [0, 1]]","[[(0, 1), (0, 1)], [(0, 1), (1, 1)]]",40,1600,1.0,0.01,0.01,0.0,0.8,0.0,0.0,emotion,5,1,1.0,400,0.0,1.0,0.0,1.0,69.213,0.985,0.0,0.0,0.0,0.0,0.0,1.0,0.0,0.0,0.0
"[[1, 0], [0, 1]]","[[(0, 1), (0, 1)], [(0, 1), (1, 1)]]",40,1600,1.0,0.01,0.01,0.0,0.8,0.0,0.0,emotion,5,1,1.0,400,0.0,1.0,0.0,1.0,71.098,0.925,0.025,0.0,0.0,0.0,0.025,0.975,0.0,0.0,0.0
"[[1, 0], [0, 1]]","[[(0, 1), (0, 1)], [(0, 1), (1, 1)]]",40,1600,1.0,0.01,0.01,0.0,0.8,0.0,0.0,emotion,5,1,1.0,400,0.0,1.0,0.0,1.0,46.344,0.963,0.05,0.0,0.0,0.0,0.025,0.95,0.0,0.0,0.025
"[[1, 0], [0, 1]]","[[(0, 1), (0, 1)], [(0, 1), (1, 1)]]",40,1600,1.0,0.01,0.01,0.0,0.8,0.0,0.0,emotion,5,1,1.0,400,0.0,1.0,0.0,1.0,60.411,0.997,0.0,0.0,0.0,0.0,0.0,0.975,0.0,0.0,0.025
"[[1, 0], [0, 1]]","[[(0, 1), (0, 1)], [(0, 1), (1, 1)]]",40,1600,1.0,0.01,0.01,0.0,0.8,0.0,0.0,emotion,5,1,1.0,400,0.0,1.0,0.0,1.0,85.283,1.0,0.0,0.0,0.0,0.0,0.0,1.0,0.0,0.0,0.0
"[[1, 0], [0, 1]]","[[(0, 1), (0, 1)], [(0, 1), (1, 1)]]",40,1600,1.0,0.01,0.01,0.0,0.8,0.0,0.0,emotion,5,1,1.0,400,0.0,1.0,0.0,1.0,76.456,0.185,0.55,0.975,0.0,0.0,0.0,0.0,0.025,0.0,0.0
"[[1, 0], [0, 1]]","[[(0, 1), (0, 1)], [(0, 1), (1, 1)]]",40,1600,1.0,0.01,0.01,0.0,0.8,0.0,0.0,emotion,5,1,1.0,400,0.0,1.0,0.0,1.0,91.711,0.981,0.0,0.0,0.0,0.0,0.0,1.0,0.0,0.0,0.0
"[[1, 0], [0, 1]]","[[(0, 1), (0, 1)], [(0, 1), (1, 1)]]",40,1600,1.0,0.01,0.01,0.0,0.8,0.0,0.0,emotion,5,1,1.0,400,0.0,1.0,0.0,1.0,92.316,0.993,0.0,0.0,0.0,0.0,0.0,1.0,0.0,0.0,0.0
"[[1, 0], [0, 1]]","[[(0, 1), (0, 1)], [(0, 1), (1, 1)]]",40,1600,1.0,0.01,0.01,0.0,0.8,0.0,0.0,emotion,5,1,1.0,400,0.0,1.0,0.0,1.0,92.076,0.973,0.025,0.0,0.025,0.0,0.0,0.975,0.0,0.0,0.0
"[[1, 0], [0, 1]]","[[(0, 1), (0, 1)], [(0, 1), (1, 1)]]",40,1600,1.0,0.01,0.01,0.0,0.8,0.0,0.0,emotion,5,1,1.0,400,0.0,1.0,0.0,1.0,92.528,0.86,0.025,0.025,0.0,0.0,0.0,0.85,0.0,0.075,0.05
"[[1, 0], [0, 1]]","[[(1, 1), (0, 1)], [(0, 0), (1, 1)]]",40,1600,1.0,0.01,0.01,0.0,0.4,0.0,0.0,emotion,5,1,1.0,400,0.0,1.0,0.0,0.5,5.819,0.115,0.45,0.8,0.0,0.0,0.0,0.0,0.2,0.0,0.0
"[[1, 0], [0, 1]]","[[(1, 1), (0, 1)], [(0, 0), (1, 1)]]",40,1600,1.0,0.01,0.01,0.0,0.4,0.0,0.0,emotion,5,1,1.0,400,0.0,1.0,0.0,0.5,6.251,0.123,0.375,0.925,0.0,0.0,0.0,0.0,0.05,0.0,0.025
"[[1, 0], [0, 1]]","[[(1, 1), (0, 1)], [(0, 0), (1, 1)]]",40,1600,1.0,0.01,0.01,0.0,0.4,0.0,0.0,emotion,5,1,1.0,400,0.0,1.0,0.0,0.5,5.713,0.12,0.525,0.8,0.0,0.0,0.15,0.0,0.025,0.0,0.025
"[[1, 0], [0, 1]]","[[(1, 1), (0, 1)], [(0, 0), (1, 1)]]",40,1600,1.0,0.01,0.01,0.0,0.4,0.0,0.0,emotion,5,1,1.0,400,0.0,1.0,0.0,0.5,6.179,0.129,0.5,0.0,0.925,0.0,0.0,0.075,0.0,0.0,0.0
"[[1, 0], [0, 1]]","[[(1, 1), (0, 1)], [(0, 0), (1, 1)]]",40,1600,1.0,0.01,0.01,0.0,0.4,0.0,0.0,emotion,5,1,1.0,400,0.0,1.0,0.0,0.5,6.105,0.16,0.55,0.0,0.875,0.05,0.0,0.0,0.0,0.075,0.0
"[[1, 0], [0, 1]]","[[(1, 1), (0, 1)], [(0, 0), (1, 1)]]",40,1600,1.0,0.01,0.01,0.0,0.4,0.0,0.0,emotion,5,1,1.0,400,0.0,1.0,0.0,0.5,6.195,0.12,0.4,0.0,0.925,0.05,0.0,0.025,0.0,0.0,0.0
"[[1, 0], [0, 1]]","[[(1, 1), (0, 1)], [(0, 0), (1, 1)]]",40,1600,1.0,0.01,0.01,0.0,0.4,0.0,0.0,emotion,5,1,1.0,400,0.0,1.0,0.0,0.5,6.298,0.159,0.4,0.0,0.975,0.0,0.0,0.025,0.0,0.0,0.0
"[[1, 0], [0, 1]]","[[(1, 1), (0, 1)], [(0, 0), (1, 1)]]",40,1600,1.0,0.01,0.01,0.0,0.4,0.0,0.0,emotion,5,1,1.0,400,0.0,1.0,0.0,0.5,5.743,0.148,0.625,0.0,0.95,0.025,0.0,0.025,0.0,0.0,0.0
"[[1, 0], [0, 1]]","[[(1, 1), (0, 1)], [(0, 0), (1, 1)]]",40,1600,1.0,0.01,0.01,0.0,0.4,0.0,0.0,emotion,5,1,1.0,400,0.0,1.0,0.0,0.5,6.216,0.128,0.225,0.0,0.9,0.0,0.0,0.075,0.0,0.025,0.0
"[[1, 0], [0, 1]]","[[(1, 1), (0, 1)], [(0, 0), (1, 1)]]",40,1600,1.0,0.01,0.01,0.0,0.4,0.0,0.0,emotion,5,1,1.0,400,0.0,1.0,0.0,0.5,6.454,0.136,0.525,0.0,0.9,0.025,0.0,0.05,0.0,0.025,0.0
"[[1, 0], [0, 1]]","[[(1, 1), (0, 1)], [(0, 0), (1, 1)]]",40,1600,1.0,0.01,0.01,0.0,0.4,0.0,0.0,emotion,5,1,1.0,400,0.0,1.0,0.0,0.5,5.882,0.121,0.5,0.0,0.825,0.0,0.075,0.1,0.0,0.0,0.0
"[[1, 0], [0, 1]]","[[(1, 1), (0, 1)], [(0, 0), (1, 1)]]",40,1600,1.0,0.01,0.01,0.0,0.4,0.0,0.0,emotion,5,1,1.0,400,0.0,1.0,0.0,0.5,5.819,0.136,0.35,0.0,0.85,0.0,0.0,0.15,0.0,0.0,0.0
"[[1, 0], [0, 1]]","[[(1, 1), (0, 1)], [(0, 0), (1, 1)]]",40,1600,1.0,0.01,0.01,0.0,0.4,0.0,0.0,emotion,5,1,1.0,400,0.0,1.0,0.0,0.5,5.809,0.124,0.375,0.0,0.9,0.0,0.025,0.075,0.0,0.0,0.0
"[[1, 0], [0, 1]]","[[(1, 1), (0, 1)], [(0, 0), (1, 1)]]",40,1600,1.0,0.01,0.01,0.0,0.4,0.0,0.0,emotion,5,1,1.0,400,0.0,1.0,0.0,0.5,5.609,0.155,0.5,0.0,0.875,0.025,0.0,0.1,0.0,0.0,0.0
"[[1, 0], [0, 1]]","[[(1, 1), (0, 1)], [(0, 0), (1, 1)]]",40,1600,1.0,0.01,0.01,0.0,0.4,0.0,0.0,emotion,5,1,1.0,400,0.0,1.0,0.0,0.5,6.507,0.118,0.425,0.875,0.0,0.0,0.1,0.0,0.025,0.0,0.0
"[[1, 0], [0, 1]]","[[(1, 1), (0, 1)], [(0, 0), (1, 1)]]",40,1600,1.0,0.01,0.01,0.0,0.4,0.0,0.0,emotion,5,1,1.0,400,0.0,1.0,0.0,0.5,6.142,0.124,0.575,0.0,1.0,0.0,0.0,0.0,0.0,0.0,0.0
"[[1, 0], [0, 1]]","[[(1, 1), (0, 1)], [(0, 0), (1, 1)]]",40,1600,1.0,0.01,0.01,0.0,0.4,0.0,0.0,emotion,5,1,1.0,400,0.0,1.0,0.0,0.5,5.986,0.125,0.55,0.0,0.925,0.0,0.0,0.075,0.0,0.0,0.0
"[[1, 0], [0, 1]]","[[(1, 1), (0, 1)], [(0, 0), (1, 1)]]",40,1600,1.0,0.01,0.01,0.0,0.4,0.0,0.0,emotion,5,1,1.0,400,0.0,1.0,0.0,0.5,6.054,0.165,0.45,0.0,0.9,0.05,0.0,0.025,0.025,0.0,0.0
"[[1, 0], [0, 1]]","[[(1, 1), (0, 1)], [(0, 0), (1, 1)]]",40,1600,1.0,0.01,0.01,0.0,0.4,0.0,0.0,emotion,5,1,1.0,400,0.0,1.0,0.0,0.5,6.047,0.104,0.35,0.975,0.0,0.0,0.025,0.0,0.0,0.0,0.0
"[[1, 0], [0, 1]]","[[(1, 1), (0, 1)], [(0, 0), (1, 1)]]",40,1600,1.0,0.01,0.01,0.0,0.4,0.0,0.0,emotion,5,1,1.0,400,0.0,1.0,0.0,0.5,6.19,0.113,0.475,0.95,0.0,0.0,0.0,0.0,0.025,0.0,0.025
"[[1, 0], [0, 1]]","[[(1, 1), (0, 1)], [(0, 0), (1, 1)]]",40,1600,1.0,0.01,0.01,0.0,0.4,0.0,0.0,emotion,5,1,1.0,400,0.0,1.0,0.0,1.0,5.933,0.245,0.775,0.0,0.95,0.0,0.0,0.05,0.0,0.0,0.0
"[[1, 0], [0, 1]]","[[(1, 1), (0, 1)], [(0, 0), (1, 1)]]",40,1600,1.0,0.01,0.01,0.0,0.4,0.0,0.0,emotion,5,1,1.0,400,0.0,1.0,0.0,1.0,6.08,0.101,0.425,0.9,0.0,0.0,0.1,0.0,0.0,0.0,0.0
"[[1, 0], [0, 1]]","[[(1, 1), (0, 1)], [(0, 0), (1, 1)]]",40,1600,1.0,0.01,0.01,0.0,0.4,0.0,0.0,emotion,5,1,1.0,400,0.0,1.0,0.0,1.0,5.947,0.131,0.35,0.975,0.0,0.0,0.025,0.0,0.0,0.0,0.0
"[[1, 0], [0, 1]]","[[(1, 1), (0, 1)], [(0, 0), (1, 1)]]",40,1600,1.0,0.01,0.01,0.0,0.4,0.0,0.0,emotion,5,1,1.0,400,0.0,1.0,0.0,1.0,6.409,0.143,0.5,0.9,0.0,0.0,0.1,0.0,0.0,0.0,0.0
"[[1, 0], [0, 1]]","[[(1, 1), (0, 1)], [(0, 0), (1, 1)]]",40,1600,1.0,0.01,0.01,0.0,0.4,0.0,0.0,emotion,5,1,1.0,400,0.0,1.0,0.0,1.0,6.078,0.099,0.3,0.95,0.0,0.0,0.025,0.0,0.0,0.0,0.025
"[[1, 0], [0, 1]]","[[(1, 1), (0, 1)], [(0, 0), (1, 1)]]",40,1600,1.0,0.01,0.01,0.0,0.4,0.0,0.0,emotion,5,1,1.0,400,0.0,1.0,0.0,1.0,6.221,0.175,0.525,0.85,0.0,0.0,0.125,0.0,0.0,0.0,0.025
"[[1, 0], [0, 1]]","[[(1, 1), (0, 1)], [(0, 0), (1, 1)]]",40,1600,1.0,0.01,0.01,0.0,0.4,0.0,0.0,emotion,5,1,1.0,400,0.0,1.0,0.0,1.0,6.241,0.103,0.35,0.0,0.825,0.0,0.0,0.175,0.0,0.0,0.0
"[[1, 0], [0, 1]]","[[(1, 1), (0, 1)], [(0, 0), (1, 1)]]",40,1600,1.0,0.01,0.01,0.0,0.4,0.0,0.0,emotion,5,1,1.0,400,0.0,1.0,0.0,1.0,6.045,0.16,0.425,0.0,0.95,0.0,0.0,0.0,0.0,0.05,0.0
"[[1, 0], [0, 1]]","[[(1, 1), (0, 1)], [(0, 0), (1, 1)]]",40,1600,1.0,0.01,0.01,0.0,0.4,0.0,0.0,emotion,5,1,1.0,400,0.0,1.0,0.0,1.0,6.18,0.141,0.4,0.0,0.95,0.05,0.0,0.0,0.0,0.0,0.0
"[[1, 0], [0, 1]]","[[(1, 1), (0, 1)], [(0, 0), (1, 1)]]",40,1600,1.0,0.01,0.01,0.0,0.4,0.0,0.0,emotion,5,1,1.0,400,0.0,1.0,0.0,1.0,6.667,0.18,0.275,0.0,0.875,0.1,0.0,0.0,0.0,0.025,0.0
"[[1, 0], [0, 1]]","[[(1, 1), (0, 1)], [(0, 0), (1, 1)]]",40,1600,1.0,0.01,0.01,0.0,0.4,0.0,0.0,emotion,5,1,1.0,400,0.0,1.0,0.0,1.0,6.151,0.12,0.35,0.9,0.0,0.0,0.025,0.0,0.025,0.0,0.05
"[[1, 0], [0, 1]]","[[(1, 1), (0, 1)], [(0, 0), (1, 1)]]",40,1600,1.0,0.01,0.01,0.0,0.4,0.0,0.0,emotion,5,1,1.0,400,0.0,1.0,0.0,1.0,6.301,0.114,0.45,0.975,0.0,0.0,0.0,0.0,0.025,0.0,0.0
"[[1, 0], [0, 1]]","[[(1, 1), (0, 1)], [(0, 0), (1, 1)]]",40,1600,1.0,0.01,0.01,0.0,0.4,0.0,0.0,emotion,5,1,1.0,400,0.0,1.0,0.0,1.0,6.434,0.12,0.525,0.875,0.0,0.0,0.0,0.0,0.05,0.0,0.075
"[[1, 0], [0, 1]]","[[(1, 1), (0, 1)], [(0, 0), (1, 1)]]",40,1600,1.0,0.01,0.01,0.0,0.4,0.0,0.0,emotion,5,1,1.0,400,0.0,1.0,0.0,1.0,6.097,0.184,0.675,0.0,0.95,0.025,0.0,0.025,0.0,0.0,0.0
"[[1, 0], [0, 1]]","[[(1, 1), (0, 1)], [(0, 0), (1, 1)]]",40,1600,1.0,0.01,0.01,0.0,0.4,0.0,0.0,emotion,5,1,1.0,400,0.0,1.0,0.0,1.0,6.167,0.15,0.375,0.975,0.0,0.0,0.0,0.0,0.0,0.0,0.025
"[[1, 0], [0, 1]]","[[(1, 1), (0, 1)], [(0, 0), (1, 1)]]",40,1600,1.0,0.01,0.01,0.0,0.4,0.0,0.0,emotion,5,1,1.0,400,0.0,1.0,0.0,1.0,5.859,0.141,0.45,0.85,0.0,0.0,0.0,0.0,0.05,0.025,0.075
"[[1, 0], [0, 1]]","[[(1, 1), (0, 1)], [(0, 0), (1, 1)]]",40,1600,1.0,0.01,0.01,0.0,0.4,0.0,0.0,emotion,5,1,1.0,400,0.0,1.0,0.0,1.0,6.009,0.158,0.575,0.9,0.0,0.0,0.1,0.0,0.0,0.0,0.0
"[[1, 0], [0, 1]]","[[(1, 1), (0, 1)], [(0, 0), (1, 1)]]",40,1600,1.0,0.01,0.01,0.0,0.4,0.0,0.0,emotion,5,1,1.0,400,0.0,1.0,0.0,1.0,6.267,0.159,0.475,1.0,0.0,0.0,0.0,0.0,0.0,0.0,0.0
"[[1, 0], [0, 1]]","[[(1, 1), (0, 1)], [(0, 0), (1, 1)]]",40,1600,1.0,0.01,0.01,0.0,0.4,0.0,0.0,emotion,5,1,1.0,400,0.0,1.0,0.0,1.0,5.714,0.251,0.525,0.0,0.775,0.15,0.0,0.075,0.0,0.0,0.0
"[[1, 0], [0, 1]]","[[(1, 1), (0, 1)], [(0, 0), (1, 1)]]",40,1600,1.0,0.01,0.01,0.0,0.4,0.0,0.0,emotion,5,1,1.0,400,0.0,1.0,0.0,1.0,6.001,0.144,0.5,0.95,0.0,0.0,0.0,0.0,0.05,0.0,0.0
"[[1, 0], [0, 1]]","[[(1, 1), (0, 1)], [(0, 0), (1, 1)]]",40,1600,1.0,0.01,0.01,0.0,0.6,0.0,0.0,emotion,5,1,1.0,400,0.0,1.0,0.0,0.5,6.456,0.168,0.55,0.65,0.0,0.05,0.175,0.0,0.05,0.025,0.05
"[[1, 0], [0, 1]]","[[(1, 1), (0, 1)], [(0, 0), (1, 1)]]",40,1600,1.0,0.01,0.01,0.0,0.6,0.0,0.0,emotion,5,1,1.0,400,0.0,1.0,0.0,0.5,6.013,0.13,0.425,0.975,0.0,0.0,0.0,0.0,0.025,0.0,0.0
"[[1, 0], [0, 1]]","[[(1, 1), (0, 1)], [(0, 0), (1, 1)]]",40,1600,1.0,0.01,0.01,0.0,0.6,0.0,0.0,emotion,5,1,1.0,400,0.0,1.0,0.0,0.5,6.44,0.151,0.375,0.0,0.925,0.05,0.0,0.025,0.0,0.0,0.0
"[[1, 0], [0, 1]]","[[(1, 1), (0, 1)], [(0, 0), (1, 1)]]",40,1600,1.0,0.01,0.01,0.0,0.6,0.0,0.0,emotion,5,1,1.0,400,0.0,1.0,0.0,0.5,6.316,0.128,0.45,0.95,0.0,0.0,0.025,0.0,0.025,0.0,0.0
"[[1, 0], [0, 1]]","[[(1, 1), (0, 1)], [(0, 0), (1, 1)]]",40,1600,1.0,0.01,0.01,0.0,0.6,0.0,0.0,emotion,5,1,1.0,400,0.0,1.0,0.0,0.5,5.636,0.118,0.5,0.95,0.0,0.0,0.05,0.0,0.0,0.0,0.0
"[[1, 0], [0, 1]]","[[(1, 1), (0, 1)], [(0, 0), (1, 1)]]",40,1600,1.0,0.01,0.01,0.0,0.6,0.0,0.0,emotion,5,1,1.0,400,0.0,1.0,0.0,0.5,5.739,0.136,0.6,0.625,0.0,0.0,0.25,0.0,0.075,0.0,0.05
"[[1, 0], [0, 1]]","[[(1, 1), (0, 1)], [(0, 0), (1, 1)]]",40,1600,1.0,0.01,0.01,0.0,0.6,0.0,0.0,emotion,5,1,1.0,400,0.0,1.0,0.0,0.5,6.224,0.11,0.3,0.9,0.0,0.0,0.05,0.0,0.05,0.0,0.0
"[[1, 0], [0, 1]]","[[(1, 1), (0, 1)], [(0, 0), (1, 1)]]",40,1600,1.0,0.01,0.01,0.0,0.6,0.0,0.0,emotion,5,1,1.0,400,0.0,1.0,0.0,0.5,5.694,0.189,0.45,0.0,0.725,0.15,0.0,0.125,0.0,0.0,0.0
"[[1, 0], [0, 1]]","[[(1, 1), (0, 1)], [(0, 0), (1, 1)]]",40,1600,1.0,0.01,0.01,0.0,0.6,0.0,0.0,emotion,5,1,1.0,400,0.0,1.0,0.0,0.5,6.098,0.161,0.35,0.0,0.85,0.125,0.0,0.025,0.0,0.0,0.0
"[[1, 0], [0, 1]]","[[(1, 1), (0, 1)], [(0, 0), (1, 1)]]",40,1600,1.0,0.01,0.01,0.0,0.6,0.0,0.0,emotion,5,1,1.0,400,0.0,1.0,0.0,0.5,6.0,0.105,0.375,0.9,0.0,0.0,0.075,0.0,0.025,0.0,0.0
"[[1, 0], [0, 1]]","[[(1, 1), (0, 1)], [(0, 0), (1, 1)]]",40,1600,1.0,0.01,0.01,0.0,0.6,0.0,0.0,emotion,5,1,1.0,400,0.0,1.0,0.0,0.5,5.705,0.115,0.5,0.9,0.0,0.0,0.075,0.0,0.0,0.0,0.025
"[[1, 0], [0, 1]]","[[(1, 1), (0, 1)], [(0, 0), (1, 1)]]",40,1600,1.0,0.01,0.01,0.0,0.6,0.0,0.0,emotion,5,1,1.0,400,0.0,1.0,0.0,0.5,6.175,0.166,0.225,0.0,0.75,0.075,0.0,0.15,0.0,0.0,0.025
"[[1, 0], [0, 1]]","[[(1, 1), (0, 1)], [(0, 0), (1, 1)]]",40,1600,1.0,0.01,0.01,0.0,0.6,0.0,0.0,emotion,5,1,1.0,400,0.0,1.0,0.0,0.5,6.454,0.21,0.575,0.0,0.9,0.05,0.0,0.05,0.0,0.0,0.0
"[[1, 0], [0, 1]]","[[(1, 1), (0, 1)], [(0, 0), (1, 1)]]",40,1600,1.0,0.01,0.01,0.0,0.6,0.0,0.0,emotion,5,1,1.0,400,0.0,1.0,0.0,0.5,6.301,0.136,0.45,0.0,0.975,0.0,0.0,0.025,0.0,0.0,0.0
"[[1, 0], [0, 1]]","[[(1, 1), (0, 1)], [(0, 0), (1, 1)]]",40,1600,1.0,0.01,0.01,0.0,0.6,0.0,0.0,emotion,5,1,1.0,400,0.0,1.0,0.0,0.5,6.047,0.215,0.55,0.0,0.825,0.05,0.0,0.125,0.0,0.0,0.0
"[[1, 0], [0, 1]]","[[(1, 1), (0, 1)], [(0, 0), (1, 1)]]",40,1600,1.0,0.01,0.01,0.0,0.6,0.0,0.0,emotion,5,1,1.0,400,0.0,1.0,0.0,0.5,6.104,0.125,0.4,0.75,0.0,0.0,0.025,0.0,0.225,0.0,0.0
"[[1, 0], [0, 1]]","[[(1, 1), (0, 1)], [(0, 0), (1, 1)]]",40,1600,1.0,0.01,0.01,0.0,0.6,0.0,0.0,emotion,5,1,1.0,400,0.0,1.0,0.0,0.5,5.785,0.179,0.35,0.0,0.75,0.1,0.0,0.125,0.0,0.025,0.0
"[[1, 0], [0, 1]]","[[(1, 1), (0, 1)], [(0, 0), (1, 1)]]",40,1600,1.0,0.01,0.01,0.0,0.6,0.0,0.0,emotion,5,1,1.0,400,0.0,1.0,0.0,0.5,6.151,0.173,0.7,0.0,0.825,0.1,0.0,0.0,0.075,0.0,0.0
"[[1, 0], [0, 1]]","[[(1, 1), (0, 1)], [(0, 0), (1, 1)]]",40,1600,1.0,0.01,0.01,0.0,0.6,0.0,0.0,emotion,5,1,1.0,400,0.0,1.0,0.0,0.5,6.065,0.166,0.675,0.0,0.975,0.0,0.0,0.025,0.0,0.0,0.0
"[[1, 0], [0, 1]]","[[(1, 1), (0, 1)], [(0, 0), (1, 1)]]",40,1600,1.0,0.01,0.01,0.0,0.6,0.0,0.0,emotion,5,1,1.0,400,0.0,1.0,0.0,0.5,6.168,0.149,0.525,0.0,0.925,0.0,0.0,0.025,0.0,0.05,0.0
"[[1, 0], [0, 1]]","[[(1, 1), (0, 1)], [(0, 0), (1, 1)]]",40,1600,1.0,0.01,0.01,0.0,0.6,0.0,0.0,emotion,5,1,1.0,400,0.0,1.0,0.0,1.0,5.981,0.152,0.2,0.95,0.0,0.0,0.0,0.0,0.025,0.0,0.025
"[[1, 0], [0, 1]]","[[(1, 1), (0, 1)], [(0, 0), (1, 1)]]",40,1600,1.0,0.01,0.01,0.0,0.6,0.0,0.0,emotion,5,1,1.0,400,0.0,1.0,0.0,1.0,6.006,0.138,0.475,1.0,0.0,0.0,0.0,0.0,0.0,0.0,0.0
"[[1, 0], [0, 1]]","[[(1, 1), (0, 1)], [(0, 0), (1, 1)]]",40,1600,1.0,0.01,0.01,0.0,0.6,0.0,0.0,emotion,5,1,1.0,400,0.0,1.0,0.0,1.0,6.072,0.151,0.5,0.95,0.0,0.0,0.025,0.0,0.025,0.0,0.0
"[[1, 0], [0, 1]]","[[(1, 1), (0, 1)], [(0, 0), (1, 1)]]",40,1600,1.0,0.01,0.01,0.0,0.6,0.0,0.0,emotion,5,1,1.0,400,0.0,1.0,0.0,1.0,6.349,0.104,0.475,0.925,0.0,0.0,0.0,0.0,0.075,0.0,0.0
"[[1, 0], [0, 1]]","[[(1, 1), (0, 1)], [(0, 0), (1, 1)]]",40,1600,1.0,0.01,0.01,0.0,0.6,0.0,0.0,emotion,5,1,1.0,400,0.0,1.0,0.0,1.0,5.744,0.141,0.525,0.875,0.0,0.0,0.0,0.025,0.025,0.0,0.075
"[[1, 0], [0, 1]]","[[(1, 1), (0, 1)], [(0, 0), (1, 1)]]",40,1600,1.0,0.01,0.01,0.0,0.6,0.0,0.0,emotion,5,1,1.0,400,0.0,1.0,0.0,1.0,6.238,0.245,0.4,0.0,0.85,0.15,0.0,0.0,0.0,0.0,0.0
"[[1, 0], [0, 1]]","[[(1, 1), (0, 1)], [(0, 0), (1, 1)]]",40,1600,1.0,0.01,0.01,0.0,0.6,0.0,0.0,emotion,5,1,1.0,400,0.0,1.0,0.0,1.0,6.216,0.121,0.4,0.2,0.725,0.0,0.0,0.0,0.075,0.0,0.0
"[[1, 0], [0, 1]]","[[(1, 1), (0, 1)], [(0, 0), (1, 1)]]",40,1600,1.0,0.01,0.01,0.0,0.6,0.0,0.0,emotion,5,1,1.0,400,0.0,1.0,0.0,1.0,6.436,0.189,0.1,0.0,0.85,0.0,0.0,0.125,0.0,0.025,0.0
"[[1, 0], [0, 1]]","[[(1, 1), (0, 1)], [(0, 0), (1, 1)]]",40,1600,1.0,0.01,0.01,0.0,0.6,0.0,0.0,emotion,5,1,1.0,400,0.0,1.0,0.0,1.0,5.888,0.133,0.325,0.0,0.975,0.0,0.0,0.025,0.0,0.0,0.0
"[[1, 0], [0, 1]]","[[(1, 1), (0, 1)], [(0, 0), (1, 1)]]",40,1600,1.0,0.01,0.01,0.0,0.6,0.0,0.0,emotion,5,1,1.0,400,0.0,1.0,0.0,1.0,5.891,0.166,0.25,0.0,0.9,0.075,0.0,0.025,0.0,0.0,0.0
"[[1, 0], [0, 1]]","[[(1, 1), (0, 1)], [(0, 0), (1, 1)]]",40,1600,1.0,0.01,0.01,0.0,0.6,0.0,0.0,emotion,5,1,1.0,400,0.0,1.0,0.0,1.0,5.994,0.134,0.45,0.975,0.0,0.0,0.0,0.0,0.0,0.0,0.025
"[[1, 0], [0, 1]]","[[(1, 1), (0, 1)], [(0, 0), (1, 1)]]",40,1600,1.0,0.01,0.01,0.0,0.6,0.0,0.0,emotion,5,1,1.0,400,0.0,1.0,0.0,1.0,6.178,0.134,0.325,0.9,0.0,0.0,0.025,0.0,0.05,0.0,0.025
"[[1, 0], [0, 1]]","[[(1, 1), (0, 1)], [(0, 0), (1, 1)]]",40,1600,1.0,0.01,0.01,0.0,0.6,0.0,0.0,emotion,5,1,1.0,400,0.0,1.0,0.0,1.0,6.252,0.216,0.725,0.0,0.9,0.025,0.0,0.075,0.0,0.0,0.0
"[[1, 0], [0, 1]]","[[(1, 1), (0, 1)], [(0, 0), (1, 1)]]",40,1600,1.0,0.01,0.01,0.0,0.6,0.0,0.0,emotion,5,1,1.0,400,0.0,1.0,0.0,1.0,6.094,0.166,0.25,0.0,0.975,0.0,0.0,0.0,0.0,0.0,0.025
"[[1, 0], [0, 1]]","[[(1, 1), (0, 1)], [(0, 0), (1, 1)]]",40,1600,1.0,0.01,0.01,0.0,0.6,0.0,0.0,emotion,5,1,1.0,400,0.0,1.0,0.0,1.0,5.879,0.151,0.5,0.725,0.0,0.025,0.05,0.0,0.2,0.0,0.0
"[[1, 0], [0, 1]]","[[(1, 1), (0, 1)], [(0, 0), (1, 1)]]",40,1600,1.0,0.01,0.01,0.0,0.6,0.0,0.0,emotion,5,1,1.0,400,0.0,1.0,0.0,1.0,5.904,0.176,0.425,0.0,0.85,0.1,0.0,0.0,0.0,0.05,0.0
"[[1, 0], [0, 1]]","[[(1, 1), (0, 1)], [(0, 0), (1, 1)]]",40,1600,1.0,0.01,0.01,0.0,0.6,0.0,0.0,emotion,5,1,1.0,400,0.0,1.0,0.0,1.0,6.025,0.126,0.375,0.85,0.0,0.0,0.075,0.0,0.05,0.0,0.025
"[[1, 0], [0, 1]]","[[(1, 1), (0, 1)], [(0, 0), (1, 1)]]",40,1600,1.0,0.01,0.01,0.0,0.6,0.0,0.0,emotion,5,1,1.0,400,0.0,1.0,0.0,1.0,5.701,0.211,0.425,0.0,0.9,0.0,0.0,0.1,0.0,0.0,0.0
"[[1, 0], [0, 1]]","[[(1, 1), (0, 1)], [(0, 0), (1, 1)]]",40,1600,1.0,0.01,0.01,0.0,0.6,0.0,0.0,emotion,5,1,1.0,400,0.0,1.0,0.0,1.0,5.916,0.175,0.575,0.0,0.925,0.0,0.05,0.025,0.0,0.0,0.0
"[[1, 0], [0, 1]]","[[(1, 1), (0, 1)], [(0, 0), (1, 1)]]",40,1600,1.0,0.01,0.01,0.0,0.6,0.0,0.0,emotion,5,1,1.0,400,0.0,1.0,0.0,1.0,12.755,0.169,0.2,0.0,0.9,0.0,0.0,0.1,0.0,0.0,0.0
"[[1, 0], [0, 1]]","[[(1, 1), (0, 1)], [(0, 0), (1, 1)]]",40,1600,1.0,0.01,0.01,0.0,0.8,0.0,0.0,emotion,5,1,1.0,400,0.0,1.0,0.0,0.5,5.634,0.283,0.625,0.0,0.825,0.075,0.0,0.1,0.0,0.0,0.0
"[[1, 0], [0, 1]]","[[(1, 1), (0, 1)], [(0, 0), (1, 1)]]",40,1600,1.0,0.01,0.01,0.0,0.8,0.0,0.0,emotion,5,1,1.0,400,0.0,1.0,0.0,0.5,6.33,0.11,0.45,0.95,0.0,0.0,0.05,0.0,0.0,0.0,0.0
"[[1, 0], [0, 1]]","[[(1, 1), (0, 1)], [(0, 0), (1, 1)]]",40,1600,1.0,0.01,0.01,0.0,0.8,0.0,0.0,emotion,5,1,1.0,400,0.0,1.0,0.0,0.5,6.112,0.155,0.35,0.0,0.975,0.0,0.0,0.025,0.0,0.0,0.0
"[[1, 0], [0, 1]]","[[(1, 1), (0, 1)], [(0, 0), (1, 1)]]",40,1600,1.0,0.01,0.01,0.0,0.8,0.0,0.0,emotion,5,1,1.0,400,0.0,1.0,0.0,0.5,6.265,0.146,0.45,0.0,0.95,0.0,0.0,0.025,0.0,0.025,0.0
"[[1, 0], [0, 1]]","[[(1, 1), (0, 1)], [(0, 0), (1, 1)]]",40,1600,1.0,0.01,0.01,0.0,0.8,0.0,0.0,emotion,5,1,1.0,400,0.0,1.0,0.0,0.5,5.796,0.146,0.475,0.0,0.925,0.0,0.0,0.075,0.0,0.0,0.0
"[[1, 0], [0, 1]]","[[(1, 1), (0, 1)], [(0, 0), (1, 1)]]",40,1600,1.0,0.01,0.01,0.0,0.8,0.0,0.0,emotion,5,1,1.0,400,0.0,1.0,0.0,0.5,5.915,0.123,0.45,0.925,0.0,0.0,0.05,0.0,0.0,0.0,0.025
"[[1, 0], [0, 1]]","[[(1, 1), (0, 1)], [(0, 0), (1, 1)]]",40,1600,1.0,0.01,0.01,0.0,0.8,0.0,0.0,emotion,5,1,1.0,400,0.0,1.0,0.0,0.5,5.856,0.109,0.4,0.925,0.0,0.025,0.05,0.0,0.0,0.0,0.0
"[[1, 0], [0, 1]]","[[(1, 1), (0, 1)], [(0, 0), (1, 1)]]",40,1600,1.0,0.01,0.01,0.0,0.8,0.0,0.0,emotion,5,1,1.0,400,0.0,1.0,0.0,0.5,5.798,0.109,0.55,0.9,0.0,0.0,0.0,0.0,0.1,0.0,0.0
"[[1, 0], [0, 1]]","[[(1, 1), (0, 1)], [(0, 0), (1, 1)]]",40,1600,1.0,0.01,0.01,0.0,0.8,0.0,0.0,emotion,5,1,1.0,400,0.0,1.0,0.0,0.5,6.086,0.161,0.325,0.0,0.9,0.1,0.0,0.0,0.0,0.0,0.0
"[[1, 0], [0, 1]]","[[(1, 1), (0, 1)], [(0, 0), (1, 1)]]",40,1600,1.0,0.01,0.01,0.0,0.8,0.0,0.0,emotion,5,1,1.0,400,0.0,1.0,0.0,0.5,6.388,0.181,0.55,0.0,0.875,0.1,0.0,0.0,0.0,0.025,0.0
"[[1, 0], [0, 1]]","[[(1, 1), (0, 1)], [(0, 0), (1, 1)]]",40,1600,1.0,0.01,0.01,0.0,0.8,0.0,0.0,emotion,5,1,1.0,400,0.0,1.0,0.0,0.5,6.234,0.118,0.475,0.925,0.0,0.0,0.025,0.0,0.05,0.0,0.0
"[[1, 0], [0, 1]]","[[(1, 1), (0, 1)], [(0, 0), (1, 1)]]",40,1600,1.0,0.01,0.01,0.0,0.8,0.0,0.0,emotion,5,1,1.0,400,0.0,1.0,0.0,0.5,6.274,0.114,0.45,0.9,0.0,0.0,0.025,0.025,0.025,0.0,0.025
"[[1, 0], [0, 1]]","[[(1, 1), (0, 1)], [(0, 0), (1, 1)]]",40,1600,1.0,0.01,0.01,0.0,0.8,0.0,0.0,emotion,5,1,1.0,400,0.0,1.0,0.0,0.5,6.447,0.14,0.5,0.9,0.0,0.0,0.025,0.0,0.075,0.0,0.0
"[[1, 0], [0, 1]]","[[(1, 1), (0, 1)], [(0, 0), (1, 1)]]",40,1600,1.0,0.01,0.01,0.0,0.8,0.0,0.0,emotion,5,1,1.0,400,0.0,1.0,0.0,0.5,5.833,0.114,0.4,0.925,0.0,0.0,0.0,0.0,0.0,0.0,0.075
"[[1, 0], [0, 1]]","[[(1, 1), (0, 1)], [(0, 0), (1, 1)]]",40,1600,1.0,0.01,0.01,0.0,0.8,0.0,0.0,emotion,5,1,1.0,400,0.0,1.0,0.0,0.5,6.367,0.138,0.425,0.0,1.0,0.0,0.0,0.0,0.0,0.0,0.0
"[[1, 0], [0, 1]]","[[(1, 1), (0, 1)], [(0, 0), (1, 1)]]",40,1600,1.0,0.01,0.01,0.0,0.8,0.0,0.0,emotion,5,1,1.0,400,0.0,1.0,0.0,0.5,5.911,0.134,0.325,0.0,0.975,0.0,0.0,0.025,0.0,0.0,0.0
"[[1, 0], [0, 1]]","[[(1, 1), (0, 1)], [(0, 0), (1, 1)]]",40,1600,1.0,0.01,0.01,0.0,0.8,0.0,0.0,emotion,5,1,1.0,400,0.0,1.0,0.0,0.5,5.786,0.205,0.5,0.0,0.7,0.2,0.0,0.025,0.0,0.025,0.05
"[[1, 0], [0, 1]]","[[(1, 1), (0, 1)], [(0, 0), (1, 1)]]",40,1600,1.0,0.01,0.01,0.0,0.8,0.0,0.0,emotion,5,1,1.0,400,0.0,1.0,0.0,0.5,6.998,0.134,0.6,0.875,0.0,0.0,0.0,0.0,0.075,0.0,0.05
"[[1, 0], [0, 1]]","[[(1, 1), (0, 1)], [(0, 0), (1, 1)]]",40,1600,1.0,0.01,0.01,0.0,0.8,0.0,0.0,emotion,5,1,1.0,400,0.0,1.0,0.0,0.5,5.705,0.182,0.475,0.0,0.95,0.025,0.0,0.0,0.0,0.0,0.025
"[[1, 0], [0, 1]]","[[(1, 1), (0, 1)], [(0, 0), (1, 1)]]",40,1600,1.0,0.01,0.01,0.0,0.8,0.0,0.0,emotion,5,1,1.0,400,0.0,1.0,0.0,0.5,6.241,0.121,0.55,0.95,0.0,0.0,0.0,0.0,0.05,0.0,0.0
"[[1, 0], [0, 1]]","[[(1, 1), (0, 1)], [(0, 0), (1, 1)]]",40,1600,1.0,0.01,0.01,0.0,0.8,0.0,0.0,emotion,5,1,1.0,400,0.0,1.0,0.0,1.0,5.843,0.322,0.575,0.0,0.925,0.0,0.0,0.075,0.0,0.0,0.0
"[[1, 0], [0, 1]]","[[(1, 1), (0, 1)], [(0, 0), (1, 1)]]",40,1600,1.0,0.01,0.01,0.0,0.8,0.0,0.0,emotion,5,1,1.0,400,0.0,1.0,0.0,1.0,5.82,0.202,0.35,0.025,0.9,0.075,0.0,0.0,0.0,0.0,0.0
"[[1, 0], [0, 1]]","[[(1, 1), (0, 1)], [(0, 0), (1, 1)]]",40,1600,1.0,0.01,0.01,0.0,0.8,0.0,0.0,emotion,5,1,1.0,400,0.0,1.0,0.0,1.0,6.439,0.111,0.475,0.925,0.0,0.0,0.05,0.0,0.025,0.0,0.0
"[[1, 0], [0, 1]]","[[(1, 1), (0, 1)], [(0, 0), (1, 1)]]",40,1600,1.0,0.01,0.01,0.0,0.8,0.0,0.0,emotion,5,1,1.0,400,0.0,1.0,0.0,1.0,5.815,0.123,0.475,0.95,0.0,0.0,0.05,0.0,0.0,0.0,0.0
"[[1, 0], [0, 1]]","[[(1, 1), (0, 1)], [(0, 0), (1, 1)]]",40,1600,1.0,0.01,0.01,0.0,0.8,0.0,0.0,emotion,5,1,1.0,400,0.0,1.0,0.0,1.0,6.349,0.399,0.4,0.0,0.65,0.0,0.05,0.275,0.0,0.025,0.0
"[[1, 0], [0, 1]]","[[(1, 1), (0, 1)], [(0, 0), (1, 1)]]",40,1600,1.0,0.01,0.01,0.0,0.8,0.0,0.0,emotion,5,1,1.0,400,0.0,1.0,0.0,1.0,6.363,0.215,0.175,0.0,0.9,0.05,0.0,0.0,0.025,0.025,0.0
"[[1, 0], [0, 1]]","[[(1, 1), (0, 1)], [(0, 0), (1, 1)]]",40,1600,1.0,0.01,0.01,0.0,0.8,0.0,0.0,emotion,5,1,1.0,400,0.0,1.0,0.0,1.0,5.803,0.13,0.3,0.975,0.0,0.0,0.025,0.0,0.0,0.0,0.0
"[[1, 0], [0, 1]]","[[(1, 1), (0, 1)], [(0, 0), (1, 1)]]",40,1600,1.0,0.01,0.01,0.0,0.8,0.0,0.0,emotion,5,1,1.0,400,0.0,1.0,0.0,1.0,8.139,0.159,0.325,0.725,0.0,0.025,0.075,0.0,0.175,0.0,0.0
"[[1, 0], [0, 1]]","[[(1, 1), (0, 1)], [(0, 0), (1, 1)]]",40,1600,1.0,0.01,0.01,0.0,0.8,0.0,0.0,emotion,5,1,1.0,400,0.0,1.0,0.0,1.0,6.818,0.131,0.4,0.975,0.0,0.0,0.0,0.0,0.0,0.0,0.025
"[[1, 0], [0, 1]]","[[(1, 1), (0, 1)], [(0, 0), (1, 1)]]",40,1600,1.0,0.01,0.01,0.0,0.8,0.0,0.0,emotion,5,1,1.0,400,0.0,1.0,0.0,1.0,7.134,0.141,0.4,0.0,1.0,0.0,0.0,0.0,0.0,0.0,0.0
"[[1, 0], [0, 1]]","[[(1, 1), (0, 1)], [(0, 0), (1, 1)]]",40,1600,1.0,0.01,0.01,0.0,0.8,0.0,0.0,emotion,5,1,1.0,400,0.0,1.0,0.0,1.0,5.948,0.134,0.45,0.85,0.0,0.0,0.125,0.0,0.0,0.0,0.025
"[[1, 0], [0, 1]]","[[(1, 1), (0, 1)], [(0, 0), (1, 1)]]",40,1600,1.0,0.01,0.01,0.0,0.8,0.0,0.0,emotion,5,1,1.0,400,0.0,1.0,0.0,1.0,6.032,0.746,0.9,0.0,0.8,0.125,0.0,0.0,0.0,0.075,0.0
"[[1, 0], [0, 1]]","[[(1, 1), (0, 1)], [(0, 0), (1, 1)]]",40,1600,1.0,0.01,0.01,0.0,0.8,0.0,0.0,emotion,5,1,1.0,400,0.0,1.0,0.0,1.0,6.438,0.176,0.5,0.925,0.0,0.0,0.075,0.0,0.0,0.0,0.0
"[[1, 0], [0, 1]]","[[(1, 1), (0, 1)], [(0, 0), (1, 1)]]",40,1600,1.0,0.01,0.01,0.0,0.8,0.0,0.0,emotion,5,1,1.0,400,0.0,1.0,0.0,1.0,10.104,0.356,0.675,0.05,0.775,0.0,0.0,0.175,0.0,0.0,0.0
"[[1, 0], [0, 1]]","[[(1, 1), (0, 1)], [(0, 0), (1, 1)]]",40,1600,1.0,0.01,0.01,0.0,0.8,0.0,0.0,emotion,5,1,1.0,400,0.0,1.0,0.0,1.0,16.68,0.174,0.375,0.95,0.0,0.0,0.05,0.0,0.0,0.0,0.0
"[[1, 0], [0, 1]]","[[(1, 1), (0, 1)], [(0, 0), (1, 1)]]",40,1600,1.0,0.01,0.01,0.0,0.8,0.0,0.0,emotion,5,1,1.0,400,0.0,1.0,0.0,1.0,12.56,0.15,0.475,0.85,0.0,0.0,0.15,0.0,0.0,0.0,0.0
"[[1, 0], [0, 1]]","[[(1, 1), (0, 1)], [(0, 0), (1, 1)]]",40,1600,1.0,0.01,0.01,0.0,0.8,0.0,0.0,emotion,5,1,1.0,400,0.0,1.0,0.0,1.0,6.166,0.552,0.675,0.275,0.475,0.2,0.025,0.0,0.0,0.0,0.025
"[[1, 0], [0, 1]]","[[(1, 1), (0, 1)], [(0, 0), (1, 1)]]",40,1600,1.0,0.01,0.01,0.0,0.8,0.0,0.0,emotion,5,1,1.0,400,0.0,1.0,0.0,1.0,6.044,0.345,0.4,0.0,0.85,0.0,0.0,0.1,0.0,0.025,0.025
"[[1, 0], [0, 1]]","[[(1, 1), (0, 1)], [(0, 0), (1, 1)]]",40,1600,1.0,0.01,0.01,0.0,0.8,0.0,0.0,emotion,5,1,1.0,400,0.0,1.0,0.0,1.0,18.163,0.115,0.4,1.0,0.0,0.0,0.0,0.0,0.0,0.0,0.0
"[[1, 0], [0, 1]]","[[(1, 1), (0, 1)], [(0, 0), (1, 1)]]",40,1600,1.0,0.01,0.01,0.0,0.8,0.0,0.0,emotion,5,1,1.0,400,0.0,1.0,0.0,1.0,15.752,0.16,0.425,0.7,0.0,0.0,0.25,0.0,0.05,0.0,0.0
"[[1, 0], [0, 1]]","[[(1, 1), (0, 1)], [(0, 1), (1, 1)]]",40,1600,1.0,0.01,0.01,0.0,0.4,0.0,0.0,emotion,5,1,1.0,400,0.0,1.0,0.0,0.5,5.887,0.134,0.4,0.0,0.925,0.05,0.0,0.025,0.0,0.0,0.0
"[[1, 0], [0, 1]]","[[(1, 1), (0, 1)], [(0, 1), (1, 1)]]",40,1600,1.0,0.01,0.01,0.0,0.4,0.0,0.0,emotion,5,1,1.0,400,0.0,1.0,0.0,0.5,6.362,0.125,0.475,0.85,0.0,0.0,0.1,0.0,0.0,0.0,0.05
"[[1, 0], [0, 1]]","[[(1, 1), (0, 1)], [(0, 1), (1, 1)]]",40,1600,1.0,0.01,0.01,0.0,0.4,0.0,0.0,emotion,5,1,1.0,400,0.0,1.0,0.0,0.5,5.99,0.139,0.45,0.95,0.0,0.0,0.05,0.0,0.0,0.0,0.0
"[[1, 0], [0, 1]]","[[(1, 1), (0, 1)], [(0, 1), (1, 1)]]",40,1600,1.0,0.01,0.01,0.0,0.4,0.0,0.0,emotion,5,1,1.0,400,0.0,1.0,0.0,0.5,6.091,0.121,0.35,0.0,1.0,0.0,0.0,0.0,0.0,0.0,0.0
"[[1, 0], [0, 1]]","[[(1, 1), (0, 1)], [(0, 1), (1, 1)]]",40,1600,1.0,0.01,0.01,0.0,0.4,0.0,0.0,emotion,5,1,1.0,400,0.0,1.0,0.0,0.5,6.301,0.12,0.5,1.0,0.0,0.0,0.0,0.0,0.0,0.0,0.0
"[[1, 0], [0, 1]]","[[(1, 1), (0, 1)], [(0, 1), (1, 1)]]",40,1600,1.0,0.01,0.01,0.0,0.4,0.0,0.0,emotion,5,1,1.0,400,0.0,1.0,0.0,0.5,6.101,0.161,0.425,0.75,0.0,0.0,0.25,0.0,0.0,0.0,0.0
"[[1, 0], [0, 1]]","[[(1, 1), (0, 1)], [(0, 1), (1, 1)]]",40,1600,1.0,0.01,0.01,0.0,0.4,0.0,0.0,emotion,5,1,1.0,400,0.0,1.0,0.0,0.5,5.835,0.121,0.475,0.925,0.0,0.0,0.025,0.0,0.0,0.0,0.05
"[[1, 0], [0, 1]]","[[(1, 1), (0, 1)], [(0, 1), (1, 1)]]",40,1600,1.0,0.01,0.01,0.0,0.4,0.0,0.0,emotion,5,1,1.0,400,0.0,1.0,0.0,0.5,6.502,0.141,0.5,0.0,0.9,0.1,0.0,0.0,0.0,0.0,0.0
"[[1, 0], [0, 1]]","[[(1, 1), (0, 1)], [(0, 1), (1, 1)]]",40,1600,1.0,0.01,0.01,0.0,0.4,0.0,0.0,emotion,5,1,1.0,400,0.0,1.0,0.0,0.5,5.922,0.16,0.4,0.0,0.925,0.05,0.0,0.025,0.0,0.0,0.0
"[[1, 0], [0, 1]]","[[(1, 1), (0, 1)], [(0, 1), (1, 1)]]",40,1600,1.0,0.01,0.01,0.0,0.4,0.0,0.0,emotion,5,1,1.0,400,0.0,1.0,0.0,0.5,6.279,0.134,0.475,0.875,0.0,0.05,0.05,0.0,0.025,0.0,0.0
"[[1, 0], [0, 1]]","[[(1, 1), (0, 1)], [(0, 1), (1, 1)]]",40,1600,1.0,0.01,0.01,0.0,0.4,0.0,0.0,emotion,5,1,1.0,400,0.0,1.0,0.0,0.5,5.884,0.15,0.5,0.0,0.975,0.0,0.0,0.025,0.0,0.0,0.0
"[[1, 0], [0, 1]]","[[(1, 1), (0, 1)], [(0, 1), (1, 1)]]",40,1600,1.0,0.01,0.01,0.0,0.4,0.0,0.0,emotion,5,1,1.0,400,0.0,1.0,0.0,0.5,6.15,0.15,0.525,0.0,0.925,0.0,0.0,0.05,0.0,0.025,0.0
"[[1, 0], [0, 1]]","[[(1, 1), (0, 1)], [(0, 1), (1, 1)]]",40,1600,1.0,0.01,0.01,0.0,0.4,0.0,0.0,emotion,5,1,1.0,400,0.0,1.0,0.0,0.5,6.201,0.133,0.45,0.9,0.0,0.0,0.05,0.0,0.0,0.0,0.05
"[[1, 0], [0, 1]]","[[(1, 1), (0, 1)], [(0, 1), (1, 1)]]",40,1600,1.0,0.01,0.01,0.0,0.4,0.0,0.0,emotion,5,1,1.0,400,0.0,1.0,0.0,0.5,6.533,0.133,0.6,0.975,0.0,0.0,0.025,0.0,0.0,0.0,0.0
"[[1, 0], [0, 1]]","[[(1, 1), (0, 1)], [(0, 1), (1, 1)]]",40,1600,1.0,0.01,0.01,0.0,0.4,0.0,0.0,emotion,5,1,1.0,400,0.0,1.0,0.0,0.5,5.562,0.17,0.6,0.0,0.95,0.0,0.0,0.025,0.0,0.025,0.0
"[[1, 0], [0, 1]]","[[(1, 1), (0, 1)], [(0, 1), (1, 1)]]",40,1600,1.0,0.01,0.01,0.0,0.4,0.0,0.0,emotion,5,1,1.0,400,0.0,1.0,0.0,0.5,6.141,0.123,0.5,0.825,0.025,0.0,0.05,0.1,0.0,0.0,0.0
"[[1, 0], [0, 1]]","[[(1, 1), (0, 1)], [(0, 1), (1, 1)]]",40,1600,1.0,0.01,0.01,0.0,0.4,0.0,0.0,emotion,5,1,1.0,400,0.0,1.0,0.0,0.5,5.845,0.136,0.45,0.875,0.0,0.0,0.1,0.0,0.0,0.0,0.025
"[[1, 0], [0, 1]]","[[(1, 1), (0, 1)], [(0, 1), (1, 1)]]",40,1600,1.0,0.01,0.01,0.0,0.4,0.0,0.0,emotion,5,1,1.0,400,0.0,1.0,0.0,0.5,14.495,0.12,0.275,0.0,0.975,0.0,0.0,0.0,0.0,0.025,0.0
"[[1, 0], [0, 1]]","[[(1, 1), (0, 1)], [(0, 1), (1, 1)]]",40,1600,1.0,0.01,0.01,0.0,0.4,0.0,0.0,emotion,5,1,1.0,400,0.0,1.0,0.0,0.5,5.48,0.119,0.45,1.0,0.0,0.0,0.0,0.0,0.0,0.0,0.0
"[[1, 0], [0, 1]]","[[(1, 1), (0, 1)], [(0, 1), (1, 1)]]",40,1600,1.0,0.01,0.01,0.0,0.4,0.0,0.0,emotion,5,1,1.0,400,0.0,1.0,0.0,0.5,6.157,0.136,0.45,0.0,0.8,0.1,0.05,0.05,0.0,0.0,0.0
"[[1, 0], [0, 1]]","[[(1, 1), (0, 1)], [(0, 1), (1, 1)]]",40,1600,1.0,0.01,0.01,0.0,0.4,0.0,0.0,emotion,5,1,1.0,400,0.0,1.0,0.0,1.0,6.527,0.121,0.5,0.8,0.0,0.0,0.0,0.0,0.175,0.0,0.025
"[[1, 0], [0, 1]]","[[(1, 1), (0, 1)], [(0, 1), (1, 1)]]",40,1600,1.0,0.01,0.01,0.0,0.4,0.0,0.0,emotion,5,1,1.0,400,0.0,1.0,0.0,1.0,6.149,0.348,0.3,0.0,0.775,0.125,0.0,0.025,0.0,0.075,0.0
"[[1, 0], [0, 1]]","[[(1, 1), (0, 1)], [(0, 1), (1, 1)]]",40,1600,1.0,0.01,0.01,0.0,0.4,0.0,0.0,emotion,5,1,1.0,400,0.0,1.0,0.0,1.0,5.846,0.155,0.45,0.0,0.9,0.0,0.0,0.1,0.0,0.0,0.0
"[[1, 0], [0, 1]]","[[(1, 1), (0, 1)], [(0, 1), (1, 1)]]",40,1600,1.0,0.01,0.01,0.0,0.4,0.0,0.0,emotion,5,1,1.0,400,0.0,1.0,0.0,1.0,6.031,0.384,0.725,0.0,0.925,0.0,0.0,0.025,0.0,0.05,0.0
"[[1, 0], [0, 1]]","[[(1, 1), (0, 1)], [(0, 1), (1, 1)]]",40,1600,1.0,0.01,0.01,0.0,0.4,0.0,0.0,emotion,5,1,1.0,400,0.0,1.0,0.0,1.0,6.284,0.173,0.2,0.0,0.85,0.0,0.025,0.075,0.0,0.05,0.0
"[[1, 0], [0, 1]]","[[(1, 1), (0, 1)], [(0, 1), (1, 1)]]",40,1600,1.0,0.01,0.01,0.0,0.4,0.0,0.0,emotion,5,1,1.0,400,0.0,1.0,0.0,1.0,5.684,0.135,0.4,1.0,0.0,0.0,0.0,0.0,0.0,0.0,0.0
"[[1, 0], [0, 1]]","[[(1, 1), (0, 1)], [(0, 1), (1, 1)]]",40,1600,1.0,0.01,0.01,0.0,0.4,0.0,0.0,emotion,5,1,1.0,400,0.0,1.0,0.0,1.0,6.17,0.117,0.3,0.975,0.0,0.0,0.025,0.0,0.0,0.0,0.0
"[[1, 0], [0, 1]]","[[(1, 1), (0, 1)], [(0, 1), (1, 1)]]",40,1600,1.0,0.01,0.01,0.0,0.4,0.0,0.0,emotion,5,1,1.0,400,0.0,1.0,0.0,1.0,6.126,0.123,0.475,0.0,0.95,0.05,0.0,0.0,0.0,0.0,0.0
"[[1, 0], [0, 1]]","[[(1, 1), (0, 1)], [(0, 1), (1, 1)]]",40,1600,1.0,0.01,0.01,0.0,0.4,0.0,0.0,emotion,5,1,1.0,400,0.0,1.0,0.0,1.0,5.741,0.139,0.2,0.0,0.8,0.0,0.0,0.2,0.0,0.0,0.0
"[[1, 0], [0, 1]]","[[(1, 1), (0, 1)], [(0, 1), (1, 1)]]",40,1600,1.0,0.01,0.01,0.0,0.4,0.0,0.0,emotion,5,1,1.0,400,0.0,1.0,0.0,1.0,6.0,0.116,0.525,0.0,0.975,0.0,0.0,0.025,0.0,0.0,0.0
"[[1, 0], [0, 1]]","[[(1, 1), (0, 1)], [(0, 1), (1, 1)]]",40,1600,1.0,0.01,0.01,0.0,0.4,0.0,0.0,emotion,5,1,1.0,400,0.0,1.0,0.0,1.0,6.294,0.105,0.35,0.0,1.0,0.0,0.0,0.0,0.0,0.0,0.0
"[[1, 0], [0, 1]]","[[(1, 1), (0, 1)], [(0, 1), (1, 1)]]",40,1600,1.0,0.01,0.01,0.0,0.4,0.0,0.0,emotion,5,1,1.0,400,0.0,1.0,0.0,1.0,5.933,0.13,0.3,0.0,0.95,0.0,0.0,0.05,0.0,0.0,0.0
"[[1, 0], [0, 1]]","[[(1, 1), (0, 1)], [(0, 1), (1, 1)]]",40,1600,1.0,0.01,0.01,0.0,0.4,0.0,0.0,emotion,5,1,1.0,400,0.0,1.0,0.0,1.0,7.768,0.143,0.425,0.0,0.9,0.05,0.0,0.05,0.0,0.0,0.0
"[[1, 0], [0, 1]]","[[(1, 1), (0, 1)], [(0, 1), (1, 1)]]",40,1600,1.0,0.01,0.01,0.0,0.4,0.0,0.0,emotion,5,1,1.0,400,0.0,1.0,0.0,1.0,5.822,0.318,0.45,0.0,0.975,0.025,0.0,0.0,0.0,0.0,0.0
"[[1, 0], [0, 1]]","[[(1, 1), (0, 1)], [(0, 1), (1, 1)]]",40,1600,1.0,0.01,0.01,0.0,0.4,0.0,0.0,emotion,5,1,1.0,400,0.0,1.0,0.0,1.0,5.684,0.209,0.6,0.0,0.8,0.15,0.0,0.025,0.025,0.0,0.0
"[[1, 0], [0, 1]]","[[(1, 1), (0, 1)], [(0, 1), (1, 1)]]",40,1600,1.0,0.01,0.01,0.0,0.4,0.0,0.0,emotion,5,1,1.0,400,0.0,1.0,0.0,1.0,5.952,0.115,0.4,0.95,0.0,0.0,0.05,0.0,0.0,0.0,0.0
"[[1, 0], [0, 1]]","[[(1, 1), (0, 1)], [(0, 1), (1, 1)]]",40,1600,1.0,0.01,0.01,0.0,0.4,0.0,0.0,emotion,5,1,1.0,400,0.0,1.0,0.0,1.0,13.577,0.135,0.5,0.85,0.0,0.0,0.125,0.0,0.0,0.0,0.025
"[[1, 0], [0, 1]]","[[(1, 1), (0, 1)], [(0, 1), (1, 1)]]",40,1600,1.0,0.01,0.01,0.0,0.4,0.0,0.0,emotion,5,1,1.0,400,0.0,1.0,0.0,1.0,10.215,0.14,0.35,0.0,0.975,0.0,0.0,0.025,0.0,0.0,0.0
"[[1, 0], [0, 1]]","[[(1, 1), (0, 1)], [(0, 1), (1, 1)]]",40,1600,1.0,0.01,0.01,0.0,0.4,0.0,0.0,emotion,5,1,1.0,400,0.0,1.0,0.0,1.0,9.046,0.123,0.675,0.0,1.0,0.0,0.0,0.0,0.0,0.0,0.0
"[[1, 0], [0, 1]]","[[(1, 1), (0, 1)], [(0, 1), (1, 1)]]",40,1600,1.0,0.01,0.01,0.0,0.4,0.0,0.0,emotion,5,1,1.0,400,0.0,1.0,0.0,1.0,27.69,0.438,0.9,0.0,0.925,0.0,0.0,0.025,0.0,0.05,0.0
"[[1, 0], [0, 1]]","[[(1, 1), (0, 1)], [(0, 1), (1, 1)]]",40,1600,1.0,0.01,0.01,0.0,0.6,0.0,0.0,emotion,5,1,1.0,400,0.0,1.0,0.0,0.5,6.261,0.125,0.45,0.875,0.0,0.0,0.0,0.0,0.075,0.025,0.025
"[[1, 0], [0, 1]]","[[(1, 1), (0, 1)], [(0, 1), (1, 1)]]",40,1600,1.0,0.01,0.01,0.0,0.6,0.0,0.0,emotion,5,1,1.0,400,0.0,1.0,0.0,0.5,6.396,0.117,0.475,0.925,0.0,0.0,0.0,0.0,0.05,0.0,0.025
"[[1, 0], [0, 1]]","[[(1, 1), (0, 1)], [(0, 1), (1, 1)]]",40,1600,1.0,0.01,0.01,0.0,0.6,0.0,0.0,emotion,5,1,1.0,400,0.0,1.0,0.0,0.5,5.447,0.1,0.45,0.0,0.975,0.025,0.0,0.0,0.0,0.0,0.0
"[[1, 0], [0, 1]]","[[(1, 1), (0, 1)], [(0, 1), (1, 1)]]",40,1600,1.0,0.01,0.01,0.0,0.6,0.0,0.0,emotion,5,1,1.0,400,0.0,1.0,0.0,0.5,6.39,0.211,0.25,0.0,0.75,0.175,0.0,0.025,0.025,0.025,0.0
"[[1, 0], [0, 1]]","[[(1, 1), (0, 1)], [(0, 1), (1, 1)]]",40,1600,1.0,0.01,0.01,0.0,0.6,0.0,0.0,emotion,5,1,1.0,400,0.0,1.0,0.0,0.5,6.178,0.111,0.5,0.95,0.0,0.0,0.05,0.0,0.0,0.0,0.0
"[[1, 0], [0, 1]]","[[(1, 1), (0, 1)], [(0, 1), (1, 1)]]",40,1600,1.0,0.01,0.01,0.0,0.6,0.0,0.0,emotion,5,1,1.0,400,0.0,1.0,0.0,0.5,6.091,0.108,0.525,0.9,0.0,0.075,0.0,0.0,0.025,0.0,0.0
"[[1, 0], [0, 1]]","[[(1, 1), (0, 1)], [(0, 1), (1, 1)]]",40,1600,1.0,0.01,0.01,0.0,0.6,0.0,0.0,emotion,5,1,1.0,400,0.0,1.0,0.0,0.5,5.906,0.118,0.3,0.0,0.975,0.0,0.0,0.0,0.0,0.025,0.0
"[[1, 0], [0, 1]]","[[(1, 1), (0, 1)], [(0, 1), (1, 1)]]",40,1600,1.0,0.01,0.01,0.0,0.6,0.0,0.0,emotion,5,1,1.0,400,0.0,1.0,0.0,0.5,6.336,0.13,0.25,0.0,0.975,0.0,0.0,0.0,0.0,0.025,0.0
"[[1, 0], [0, 1]]","[[(1, 1), (0, 1)], [(0, 1), (1, 1)]]",40,1600,1.0,0.01,0.01,0.0,0.6,0.0,0.0,emotion,5,1,1.0,400,0.0,1.0,0.0,0.5,6.299,0.135,0.225,0.0,0.875,0.0,0.0,0.075,0.05,0.0,0.0
"[[1, 0], [0, 1]]","[[(1, 1), (0, 1)], [(0, 1), (1, 1)]]",40,1600,1.0,0.01,0.01,0.0,0.6,0.0,0.0,emotion,5,1,1.0,400,0.0,1.0,0.0,0.5,6.382,0.143,0.45,0.85,0.0,0.0,0.05,0.0,0.075,0.0,0.025
"[[1, 0], [0, 1]]","[[(1, 1), (0, 1)], [(0, 1), (1, 1)]]",40,1600,1.0,0.01,0.01,0.0,0.6,0.0,0.0,emotion,5,1,1.0,400,0.0,1.0,0.0,0.5,5.762,0.116,0.4,0.9,0.0,0.0,0.0,0.0,0.1,0.0,0.0
"[[1, 0], [0, 1]]","[[(1, 1), (0, 1)], [(0, 1), (1, 1)]]",40,1600,1.0,0.01,0.01,0.0,0.6,0.0,0.0,emotion,5,1,1.0,400,0.0,1.0,0.0,0.5,6.127,0.163,0.375,0.0,0.825,0.05,0.0,0.075,0.0,0.05,0.0
"[[1, 0], [0, 1]]","[[(1, 1), (0, 1)], [(0, 1), (1, 1)]]",40,1600,1.0,0.01,0.01,0.0,0.6,0.0,0.0,emotion,5,1,1.0,400,0.0,1.0,0.0,0.5,5.952,0.11,0.55,0.0,0.95,0.0,0.0,0.025,0.0,0.025,0.0
"[[1, 0], [0, 1]]","[[(1, 1), (0, 1)], [(0, 1), (1, 1)]]",40,1600,1.0,0.01,0.01,0.0,0.6,0.0,0.0,emotion,5,1,1.0,400,0.0,1.0,0.0,0.5,6.365,0.129,0.45,0.0,0.875,0.0,0.0,0.075,0.0,0.05,0.0
"[[1, 0], [0, 1]]","[[(1, 1), (0, 1)], [(0, 1), (1, 1)]]",40,1600,1.0,0.01,0.01,0.0,0.6,0.0,0.0,emotion,5,1,1.0,400,0.0,1.0,0.0,0.5,5.685,0.129,0.575,0.0,0.95,0.0,0.0,0.05,0.0,0.0,0.0
"[[1, 0], [0, 1]]","[[(1, 1), (0, 1)], [(0, 1), (1, 1)]]",40,1600,1.0,0.01,0.01,0.0,0.6,0.0,0.0,emotion,5,1,1.0,400,0.0,1.0,0.0,0.5,5.997,0.126,0.175,0.0,0.975,0.0,0.0,0.0,0.0,0.0,0.025
"[[1, 0], [0, 1]]","[[(1, 1), (0, 1)], [(0, 1), (1, 1)]]",40,1600,1.0,0.01,0.01,0.0,0.6,0.0,0.0,emotion,5,1,1.0,400,0.0,1.0,0.0,0.5,5.991,0.17,0.25,0.0,0.925,0.025,0.0,0.0,0.0,0.05,0.0
"[[1, 0], [0, 1]]","[[(1, 1), (0, 1)], [(0, 1), (1, 1)]]",40,1600,1.0,0.01,0.01,0.0,0.6,0.0,0.0,emotion,5,1,1.0,400,0.0,1.0,0.0,0.5,6.135,0.118,0.45,0.0,1.0,0.0,0.0,0.0,0.0,0.0,0.0
"[[1, 0], [0, 1]]","[[(1, 1), (0, 1)], [(0, 1), (1, 1)]]",40,1600,1.0,0.01,0.01,0.0,0.6,0.0,0.0,emotion,5,1,1.0,400,0.0,1.0,0.0,0.5,6.024,0.123,0.475,0.925,0.0,0.0,0.0,0.0,0.075,0.0,0.0
"[[1, 0], [0, 1]]","[[(1, 1), (0, 1)], [(0, 1), (1, 1)]]",40,1600,1.0,0.01,0.01,0.0,0.6,0.0,0.0,emotion,5,1,1.0,400,0.0,1.0,0.0,0.5,18.53,0.895,0.975,0.0,0.0,0.0,0.95,0.025,0.0,0.025,0.0
"[[1, 0], [0, 1]]","[[(1, 1), (0, 1)], [(0, 1), (1, 1)]]",40,1600,1.0,0.01,0.01,0.0,0.6,0.0,0.0,emotion,5,1,1.0,400,0.0,1.0,0.0,1.0,6.144,0.277,0.5,0.0,0.8,0.125,0.0,0.0,0.025,0.05,0.0
"[[1, 0], [0, 1]]","[[(1, 1), (0, 1)], [(0, 1), (1, 1)]]",40,1600,1.0,0.01,0.01,0.0,0.6,0.0,0.0,emotion,5,1,1.0,400,0.0,1.0,0.0,1.0,6.118,0.123,0.375,0.975,0.0,0.0,0.025,0.0,0.0,0.0,0.0
"[[1, 0], [0, 1]]","[[(1, 1), (0, 1)], [(0, 1), (1, 1)]]",40,1600,1.0,0.01,0.01,0.0,0.6,0.0,0.0,emotion,5,1,1.0,400,0.0,1.0,0.0,1.0,6.224,0.211,0.4,0.0,0.925,0.05,0.0,0.0,0.0,0.025,0.0
"[[1, 0], [0, 1]]","[[(1, 1), (0, 1)], [(0, 1), (1, 1)]]",40,1600,1.0,0.01,0.01,0.0,0.6,0.0,0.0,emotion,5,1,1.0,400,0.0,1.0,0.0,1.0,6.374,0.166,0.35,0.0,0.875,0.0,0.0,0.1,0.0,0.025,0.0
"[[1, 0], [0, 1]]","[[(1, 1), (0, 1)], [(0, 1), (1, 1)]]",40,1600,1.0,0.01,0.01,0.0,0.6,0.0,0.0,emotion,5,1,1.0,400,0.0,1.0,0.0,1.0,5.988,0.195,0.675,0.0,0.875,0.125,0.0,0.0,0.0,0.0,0.0
"[[1, 0], [0, 1]]","[[(1, 1), (0, 1)], [(0, 1), (1, 1)]]",40,1600,1.0,0.01,0.01,0.0,0.6,0.0,0.0,emotion,5,1,1.0,400,0.0,1.0,0.0,1.0,5.733,0.349,0.6,0.0,0.825,0.0,0.0,0.1,0.0,0.075,0.0
"[[1, 0], [0, 1]]","[[(1, 1), (0, 1)], [(0, 1), (1, 1)]]",40,1600,1.0,0.01,0.01,0.0,0.6,0.0,0.0,emotion,5,1,1.0,400,0.0,1.0,0.0,1.0,6.524,0.13,0.4,0.875,0.0,0.0,0.05,0.0,0.025,0.0,0.05
"[[1, 0], [0, 1]]","[[(1, 1), (0, 1)], [(0, 1), (1, 1)]]",40,1600,1.0,0.01,0.01,0.0,0.6,0.0,0.0,emotion,5,1,1.0,400,0.0,1.0,0.0,1.0,6.283,0.124,0.325,0.95,0.0,0.0,0.025,0.0,0.025,0.0,0.0
"[[1, 0], [0, 1]]","[[(1, 1), (0, 1)], [(0, 1), (1, 1)]]",40,1600,1.0,0.01,0.01,0.0,0.6,0.0,0.0,emotion,5,1,1.0,400,0.0,1.0,0.0,1.0,5.793,0.253,0.375,0.0,0.85,0.1,0.0,0.025,0.0,0.025,0.0
"[[1, 0], [0, 1]]","[[(1, 1), (0, 1)], [(0, 1), (1, 1)]]",40,1600,1.0,0.01,0.01,0.0,0.6,0.0,0.0,emotion,5,1,1.0,400,0.0,1.0,0.0,1.0,5.89,0.136,0.325,0.975,0.0,0.0,0.0,0.0,0.025,0.0,0.0
"[[1, 0], [0, 1]]","[[(1, 1), (0, 1)], [(0, 1), (1, 1)]]",40,1600,1.0,0.01,0.01,0.0,0.6,0.0,0.0,emotion,5,1,1.0,400,0.0,1.0,0.0,1.0,5.845,0.289,0.75,0.0,0.825,0.15,0.0,0.025,0.0,0.0,0.0
"[[1, 0], [0, 1]]","[[(1, 1), (0, 1)], [(0, 1), (1, 1)]]",40,1600,1.0,0.01,0.01,0.0,0.6,0.0,0.0,emotion,5,1,1.0,400,0.0,1.0,0.0,1.0,6.224,0.15,0.4,0.0,1.0,0.0,0.0,0.0,0.0,0.0,0.0
"[[1, 0], [0, 1]]","[[(1, 1), (0, 1)], [(0, 1), (1, 1)]]",40,1600,1.0,0.01,0.01,0.0,0.6,0.0,0.0,emotion,5,1,1.0,400,0.0,1.0,0.0,1.0,6.135,0.329,0.2,0.0,0.9,0.025,0.0,0.025,0.0,0.05,0.0
"[[1, 0], [0, 1]]","[[(1, 1), (0, 1)], [(0, 1), (1, 1)]]",40,1600,1.0,0.01,0.01,0.0,0.6,0.0,0.0,emotion,5,1,1.0,400,0.0,1.0,0.0,1.0,5.938,0.139,0.575,0.875,0.0,0.0,0.1,0.0,0.025,0.0,0.0
"[[1, 0], [0, 1]]","[[(1, 1), (0, 1)], [(0, 1), (1, 1)]]",40,1600,1.0,0.01,0.01,0.0,0.6,0.0,0.0,emotion,5,1,1.0,400,0.0,1.0,0.0,1.0,10.133,0.188,0.475,0.825,0.0,0.0,0.1,0.0,0.05,0.0,0.025
"[[1, 0], [0, 1]]","[[(1, 1), (0, 1)], [(0, 1), (1, 1)]]",40,1600,1.0,0.01,0.01,0.0,0.6,0.0,0.0,emotion,5,1,1.0,400,0.0,1.0,0.0,1.0,12.725,0.269,0.475,0.0,0.825,0.0,0.0,0.125,0.0,0.05,0.0
"[[1, 0], [0, 1]]","[[(1, 1), (0, 1)], [(0, 1), (1, 1)]]",40,1600,1.0,0.01,0.01,0.0,0.6,0.0,0.0,emotion,5,1,1.0,400,0.0,1.0,0.0,1.0,11.296,0.395,0.425,0.0,0.625,0.325,0.0,0.025,0.0,0.025,0.0
"[[1, 0], [0, 1]]","[[(1, 1), (0, 1)], [(0, 1), (1, 1)]]",40,1600,1.0,0.01,0.01,0.0,0.6,0.0,0.0,emotion,5,1,1.0,400,0.0,1.0,0.0,1.0,13.743,0.159,0.475,0.0,0.925,0.05,0.0,0.025,0.0,0.0,0.0
"[[1, 0], [0, 1]]","[[(1, 1), (0, 1)], [(0, 1), (1, 1)]]",40,1600,1.0,0.01,0.01,0.0,0.6,0.0,0.0,emotion,5,1,1.0,400,0.0,1.0,0.0,1.0,14.16,0.177,0.5,0.0,0.875,0.075,0.0,0.025,0.0,0.025,0.0
"[[1, 0], [0, 1]]","[[(1, 1), (0, 1)], [(0, 1), (1, 1)]]",40,1600,1.0,0.01,0.01,0.0,0.6,0.0,0.0,emotion,5,1,1.0,400,0.0,1.0,0.0,1.0,12.862,0.434,0.75,0.0,0.8,0.1,0.0,0.075,0.0,0.025,0.0
"[[1, 0], [0, 1]]","[[(1, 1), (0, 1)], [(0, 1), (1, 1)]]",40,1600,1.0,0.01,0.01,0.0,0.8,0.0,0.0,emotion,5,1,1.0,400,0.0,1.0,0.0,0.5,6.337,0.104,0.425,0.0,0.975,0.025,0.0,0.0,0.0,0.0,0.0
"[[1, 0], [0, 1]]","[[(1, 1), (0, 1)], [(0, 1), (1, 1)]]",40,1600,1.0,0.01,0.01,0.0,0.8,0.0,0.0,emotion,5,1,1.0,400,0.0,1.0,0.0,0.5,6.239,0.128,0.475,0.775,0.0,0.0,0.1,0.05,0.075,0.0,0.0
"[[1, 0], [0, 1]]","[[(1, 1), (0, 1)], [(0, 1), (1, 1)]]",40,1600,1.0,0.01,0.01,0.0,0.8,0.0,0.0,emotion,5,1,1.0,400,0.0,1.0,0.0,0.5,6.142,0.158,0.3,0.0,0.95,0.025,0.0,0.025,0.0,0.0,0.0
"[[1, 0], [0, 1]]","[[(1, 1), (0, 1)], [(0, 1), (1, 1)]]",40,1600,1.0,0.01,0.01,0.0,0.8,0.0,0.0,emotion,5,1,1.0,400,0.0,1.0,0.0,0.5,6.03,0.202,0.275,0.775,0.0,0.0,0.075,0.0,0.0,0.0,0.15
"[[1, 0], [0, 1]]","[[(1, 1), (0, 1)], [(0, 1), (1, 1)]]",40,1600,1.0,0.01,0.01,0.0,0.8,0.0,0.0,emotion,5,1,1.0,400,0.0,1.0,0.0,0.5,5.94,0.13,0.3,0.95,0.0,0.0,0.0,0.0,0.05,0.0,0.0
"[[1, 0], [0, 1]]","[[(1, 1), (0, 1)], [(0, 1), (1, 1)]]",40,1600,1.0,0.01,0.01,0.0,0.8,0.0,0.0,emotion,5,1,1.0,400,0.0,1.0,0.0,0.5,5.644,0.167,0.525,0.0,0.85,0.1,0.0,0.05,0.0,0.0,0.0
"[[1, 0], [0, 1]]","[[(1, 1), (0, 1)], [(0, 1), (1, 1)]]",40,1600,1.0,0.01,0.01,0.0,0.8,0.0,0.0,emotion,5,1,1.0,400,0.0,1.0,0.0,0.5,6.356,0.151,0.475,0.0,1.0,0.0,0.0,0.0,0.0,0.0,0.0
"[[1, 0], [0, 1]]","[[(1, 1), (0, 1)], [(0, 1), (1, 1)]]",40,1600,1.0,0.01,0.01,0.0,0.8,0.0,0.0,emotion,5,1,1.0,400,0.0,1.0,0.0,0.5,6.181,0.161,0.275,0.0,0.925,0.025,0.0,0.05,0.0,0.0,0.0
"[[1, 0], [0, 1]]","[[(1, 1), (0, 1)], [(0, 1), (1, 1)]]",40,1600,1.0,0.01,0.01,0.0,0.8,0.0,0.0,emotion,5,1,1.0,400,0.0,1.0,0.0,0.5,6.082,0.176,0.575,0.0,0.875,0.1,0.0,0.0,0.0,0.025,0.0
"[[1, 0], [0, 1]]","[[(1, 1), (0, 1)], [(0, 1), (1, 1)]]",40,1600,1.0,0.01,0.01,0.0,0.8,0.0,0.0,emotion,5,1,1.0,400,0.0,1.0,0.0,0.5,6.325,0.237,0.75,0.0,0.975,0.025,0.0,0.0,0.0,0.0,0.0
"[[1, 0], [0, 1]]","[[(1, 1), (0, 1)], [(0, 1), (1, 1)]]",40,1600,1.0,0.01,0.01,0.0,0.8,0.0,0.0,emotion,5,1,1.0,400,0.0,1.0,0.0,0.5,6.468,0.114,0.5,0.925,0.0,0.025,0.025,0.0,0.025,0.0,0.0
"[[1, 0], [0, 1]]","[[(1, 1), (0, 1)], [(0, 1), (1, 1)]]",40,1600,1.0,0.01,0.01,0.0,0.8,0.0,0.0,emotion,5,1,1.0,400,0.0,1.0,0.0,0.5,6.1,0.124,0.525,0.8,0.0,0.0,0.15,0.0,0.025,0.0,0.025
"[[1, 0], [0, 1]]","[[(1, 1), (0, 1)], [(0, 1), (1, 1)]]",40,1600,1.0,0.01,0.01,0.0,0.8,0.0,0.0,emotion,5,1,1.0,400,0.0,1.0,0.0,0.5,5.486,0.241,0.65,0.0,0.95,0.025,0.0,0.025,0.0,0.0,0.0
"[[1, 0], [0, 1]]","[[(1, 1), (0, 1)], [(0, 1), (1, 1)]]",40,1600,1.0,0.01,0.01,0.0,0.8,0.0,0.0,emotion,5,1,1.0,400,0.0,1.0,0.0,0.5,5.999,0.141,0.375,0.0,0.925,0.05,0.0,0.025,0.0,0.0,0.0
"[[1, 0], [0, 1]]","[[(1, 1), (0, 1)], [(0, 1), (1, 1)]]",40,1600,1.0,0.01,0.01,0.0,0.8,0.0,0.0,emotion,5,1,1.0,400,0.0,1.0,0.0,0.5,6.595,0.148,0.425,0.0,0.95,0.0,0.0,0.05,0.0,0.0,0.0
"[[1, 0], [0, 1]]","[[(1, 1), (0, 1)], [(0, 1), (1, 1)]]",40,1600,1.0,0.01,0.01,0.0,0.8,0.0,0.0,emotion,5,1,1.0,400,0.0,1.0,0.0,0.5,6.14,0.126,0.35,0.825,0.0,0.0,0.05,0.0,0.125,0.0,0.0
"[[1, 0], [0, 1]]","[[(1, 1), (0, 1)], [(0, 1), (1, 1)]]",40,1600,1.0,0.01,0.01,0.0,0.8,0.0,0.0,emotion,5,1,1.0,400,0.0,1.0,0.0,0.5,5.866,0.151,0.475,0.0,0.925,0.025,0.0,0.05,0.0,0.0,0.0
"[[1, 0], [0, 1]]","[[(1, 1), (0, 1)], [(0, 1), (1, 1)]]",40,1600,1.0,0.01,0.01,0.0,0.8,0.0,0.0,emotion,5,1,1.0,400,0.0,1.0,0.0,0.5,6.351,0.194,0.45,0.0,0.7,0.15,0.025,0.075,0.025,0.025,0.0
"[[1, 0], [0, 1]]","[[(1, 1), (0, 1)], [(0, 1), (1, 1)]]",40,1600,1.0,0.01,0.01,0.0,0.8,0.0,0.0,emotion,5,1,1.0,400,0.0,1.0,0.0,0.5,6.891,0.115,0.45,0.925,0.0,0.0,0.0,0.0,0.0,0.0,0.075
"[[1, 0], [0, 1]]","[[(1, 1), (0, 1)], [(0, 1), (1, 1)]]",40,1600,1.0,0.01,0.01,0.0,0.8,0.0,0.0,emotion,5,1,1.0,400,0.0,1.0,0.0,0.5,62.022,0.911,0.875,0.05,0.0,0.0,0.9,0.05,0.0,0.0,0.0
"[[1, 0], [0, 1]]","[[(1, 1), (0, 1)], [(0, 1), (1, 1)]]",40,1600,1.0,0.01,0.01,0.0,0.8,0.0,0.0,emotion,5,1,1.0,400,0.0,1.0,0.0,1.0,5.805,0.569,0.225,0.0,0.875,0.0,0.0,0.025,0.0,0.1,0.0
"[[1, 0], [0, 1]]","[[(1, 1), (0, 1)], [(0, 1), (1, 1)]]",40,1600,1.0,0.01,0.01,0.0,0.8,0.0,0.0,emotion,5,1,1.0,400,0.0,1.0,0.0,1.0,5.938,0.321,0.475,0.0,0.9,0.05,0.0,0.025,0.0,0.025,0.0
"[[1, 0], [0, 1]]","[[(1, 1), (0, 1)], [(0, 1), (1, 1)]]",40,1600,1.0,0.01,0.01,0.0,0.8,0.0,0.0,emotion,5,1,1.0,400,0.0,1.0,0.0,1.0,6.124,0.185,0.475,0.85,0.0,0.0,0.0,0.0,0.15,0.0,0.0
"[[1, 0], [0, 1]]","[[(1, 1), (0, 1)], [(0, 1), (1, 1)]]",40,1600,1.0,0.01,0.01,0.0,0.8,0.0,0.0,emotion,5,1,1.0,400,0.0,1.0,0.0,1.0,6.223,0.144,0.475,0.85,0.0,0.0,0.1,0.0,0.025,0.0,0.025
"[[1, 0], [0, 1]]","[[(1, 1), (0, 1)], [(0, 1), (1, 1)]]",40,1600,1.0,0.01,0.01,0.0,0.8,0.0,0.0,emotion,5,1,1.0,400,0.0,1.0,0.0,1.0,10.963,0.51,0.65,0.0,0.9,0.1,0.0,0.0,0.0,0.0,0.0
"[[1, 0], [0, 1]]","[[(1, 1), (0, 1)], [(0, 1), (1, 1)]]",40,1600,1.0,0.01,0.01,0.0,0.8,0.0,0.0,emotion,5,1,1.0,400,0.0,1.0,0.0,1.0,8.152,0.314,0.175,0.0,0.925,0.0,0.0,0.025,0.0,0.05,0.0
"[[1, 0], [0, 1]]","[[(1, 1), (0, 1)], [(0, 1), (1, 1)]]",40,1600,1.0,0.01,0.01,0.0,0.8,0.0,0.0,emotion,5,1,1.0,400,0.0,1.0,0.0,1.0,6.843,0.249,0.15,0.0,0.875,0.05,0.0,0.05,0.0,0.025,0.0
"[[1, 0], [0, 1]]","[[(1, 1), (0, 1)], [(0, 1), (1, 1)]]",40,1600,1.0,0.01,0.01,0.0,0.8,0.0,0.0,emotion,5,1,1.0,400,0.0,1.0,0.0,1.0,8.231,0.431,0.5,0.6,0.0,0.0,0.225,0.0,0.175,0.0,0.0
"[[1, 0], [0, 1]]","[[(1, 1), (0, 1)], [(0, 1), (1, 1)]]",40,1600,1.0,0.01,0.01,0.0,0.8,0.0,0.0,emotion,5,1,1.0,400,0.0,1.0,0.0,1.0,6.539,0.125,0.425,0.925,0.0,0.0,0.025,0.0,0.05,0.0,0.0
"[[1, 0], [0, 1]]","[[(1, 1), (0, 1)], [(0, 1), (1, 1)]]",40,1600,1.0,0.01,0.01,0.0,0.8,0.0,0.0,emotion,5,1,1.0,400,0.0,1.0,0.0,1.0,10.211,0.151,0.6,0.0,1.0,0.0,0.0,0.0,0.0,0.0,0.0
"[[1, 0], [0, 1]]","[[(1, 1), (0, 1)], [(0, 1), (1, 1)]]",40,1600,1.0,0.01,0.01,0.0,0.8,0.0,0.0,emotion,5,1,1.0,400,0.0,1.0,0.0,1.0,8.472,0.23,0.75,0.0,1.0,0.0,0.0,0.0,0.0,0.0,0.0
"[[1, 0], [0, 1]]","[[(1, 1), (0, 1)], [(0, 1), (1, 1)]]",40,1600,1.0,0.01,0.01,0.0,0.8,0.0,0.0,emotion,5,1,1.0,400,0.0,1.0,0.0,1.0,11.157,0.22,0.3,0.0,0.95,0.025,0.0,0.0,0.0,0.025,0.0
"[[1, 0], [0, 1]]","[[(1, 1), (0, 1)], [(0, 1), (1, 1)]]",40,1600,1.0,0.01,0.01,0.0,0.8,0.0,0.0,emotion,5,1,1.0,400,0.0,1.0,0.0,1.0,12.773,0.515,0.5,0.0,0.675,0.15,0.0,0.175,0.0,0.0,0.0
"[[1, 0], [0, 1]]","[[(1, 1), (0, 1)], [(0, 1), (1, 1)]]",40,1600,1.0,0.01,0.01,0.0,0.8,0.0,0.0,emotion,5,1,1.0,400,0.0,1.0,0.0,1.0,6.255,0.395,0.475,0.0,0.725,0.0,0.075,0.2,0.0,0.0,0.0
"[[1, 0], [0, 1]]","[[(1, 1), (0, 1)], [(0, 1), (1, 1)]]",40,1600,1.0,0.01,0.01,0.0,0.8,0.0,0.0,emotion,5,1,1.0,400,0.0,1.0,0.0,1.0,12.325,0.374,0.675,0.0,0.85,0.075,0.0,0.0,0.0,0.075,0.0
"[[1, 0], [0, 1]]","[[(1, 1), (0, 1)], [(0, 1), (1, 1)]]",40,1600,1.0,0.01,0.01,0.0,0.8,0.0,0.0,emotion,5,1,1.0,400,0.0,1.0,0.0,1.0,15.941,0.103,0.325,1.0,0.0,0.0,0.0,0.0,0.0,0.0,0.0
"[[1, 0], [0, 1]]","[[(1, 1), (0, 1)], [(0, 1), (1, 1)]]",40,1600,1.0,0.01,0.01,0.0,0.8,0.0,0.0,emotion,5,1,1.0,400,0.0,1.0,0.0,1.0,20.813,0.31,0.25,0.0,0.925,0.0,0.05,0.0,0.0,0.025,0.0
"[[1, 0], [0, 1]]","[[(1, 1), (0, 1)], [(0, 1), (1, 1)]]",40,1600,1.0,0.01,0.01,0.0,0.8,0.0,0.0,emotion,5,1,1.0,400,0.0,1.0,0.0,1.0,27.871,0.111,0.45,0.975,0.025,0.0,0.0,0.0,0.0,0.0,0.0
"[[1, 0], [0, 1]]","[[(1, 1), (0, 1)], [(0, 1), (1, 1)]]",40,1600,1.0,0.01,0.01,0.0,0.8,0.0,0.0,emotion,5,1,1.0,400,0.0,1.0,0.0,1.0,18.666,0.19,0.575,0.0,0.125,0.0,0.0,0.875,0.0,0.0,0.0
"[[1, 0], [0, 1]]","[[(1, 1), (0, 1)], [(0, 1), (1, 1)]]",40,1600,1.0,0.01,0.01,0.0,0.8,0.0,0.0,emotion,5,1,1.0,400,0.0,1.0,0.0,1.0,41.716,0.15,0.525,0.875,0.0,0.0,0.0,0.0,0.025,0.0,0.1
"[[1, 0], [0, 1]]","[[(0, 1), (0, 1)], [(0, 1), (0, 1)]]",40,1600,1.0,0.01,0.01,0.0,0.4,0.0,0.0,emotion,5,1,1.0,400,0.0,1.0,0.0,0.5,6.006,0.138,0.45,0.0,0.85,0.0,0.0,0.15,0.0,0.0,0.0
"[[1, 0], [0, 1]]","[[(0, 1), (0, 1)], [(0, 1), (0, 1)]]",40,1600,1.0,0.01,0.01,0.0,0.4,0.0,0.0,emotion,5,1,1.0,400,0.0,1.0,0.0,0.5,6.017,0.106,0.425,0.0,1.0,0.0,0.0,0.0,0.0,0.0,0.0
"[[1, 0], [0, 1]]","[[(0, 1), (0, 1)], [(0, 1), (0, 1)]]",40,1600,1.0,0.01,0.01,0.0,0.4,0.0,0.0,emotion,5,1,1.0,400,0.0,1.0,0.0,0.5,5.937,0.151,0.3,0.0,0.775,0.175,0.0,0.0,0.0,0.025,0.025
"[[1, 0], [0, 1]]","[[(0, 1), (0, 1)], [(0, 1), (0, 1)]]",40,1600,1.0,0.01,0.01,0.0,0.4,0.0,0.0,emotion,5,1,1.0,400,0.0,1.0,0.0,0.5,6.042,0.156,0.45,0.0,0.8,0.025,0.0,0.175,0.0,0.0,0.0
"[[1, 0], [0, 1]]","[[(0, 1), (0, 1)], [(0, 1), (0, 1)]]",40,1600,1.0,0.01,0.01,0.0,0.4,0.0,0.0,emotion,5,1,1.0,400,0.0,1.0,0.0,0.5,6.02,0.142,0.5,0.0,0.875,0.075,0.0,0.0,0.0,0.05,0.0
"[[1, 0], [0, 1]]","[[(0, 1), (0, 1)], [(0, 1), (0, 1)]]",40,1600,1.0,0.01,0.01,0.0,0.4,0.0,0.0,emotion,5,1,1.0,400,0.0,1.0,0.0,0.5,6.115,0.158,0.4,0.825,0.0,0.0,0.05,0.0,0.1,0.0,0.025
"[[1, 0], [0, 1]]","[[(0, 1), (0, 1)], [(0, 1), (0, 1)]]",40,1600,1.0,0.01,0.01,0.0,0.4,0.0,0.0,emotion,5,1,1.0,400,0.0,1.0,0.0,0.5,6.257,0.15,0.35,0.0,0.9,0.025,0.0,0.05,0.025,0.0,0.0
"[[1, 0], [0, 1]]","[[(0, 1), (0, 1)], [(0, 1), (0, 1)]]",40,1600,1.0,0.01,0.01,0.0,0.4,0.0,0.0,emotion,5,1,1.0,400,0.0,1.0,0.0,0.5,5.854,0.148,0.425,0.0,1.0,0.0,0.0,0.0,0.0,0.0,0.0
"[[1, 0], [0, 1]]","[[(0, 1), (0, 1)], [(0, 1), (0, 1)]]",40,1600,1.0,0.01,0.01,0.0,0.4,0.0,0.0,emotion,5,1,1.0,400,0.0,1.0,0.0,0.5,5.112,0.155,0.4,0.925,0.0,0.0,0.05,0.0,0.0,0.0,0.025
"[[1, 0], [0, 1]]","[[(0, 1), (0, 1)], [(0, 1), (0, 1)]]",40,1600,1.0,0.01,0.01,0.0,0.4,0.0,0.0,emotion,5,1,1.0,400,0.0,1.0,0.0,0.5,6.373,0.135,0.625,0.875,0.0,0.0,0.05,0.0,0.025,0.0,0.05
"[[1, 0], [0, 1]]","[[(0, 1), (0, 1)], [(0, 1), (0, 1)]]",40,1600,1.0,0.01,0.01,0.0,0.4,0.0,0.0,emotion,5,1,1.0,400,0.0,1.0,0.0,0.5,6.213,0.156,0.35,0.0,0.9,0.0,0.0,0.1,0.0,0.0,0.0
"[[1, 0], [0, 1]]","[[(0, 1), (0, 1)], [(0, 1), (0, 1)]]",40,1600,1.0,0.01,0.01,0.0,0.4,0.0,0.0,emotion,5,1,1.0,400,0.0,1.0,0.0,0.5,6.436,0.141,0.625,0.9,0.0,0.0,0.0,0.0,0.025,0.075,0.0
"[[1, 0], [0, 1]]","[[(0, 1), (0, 1)], [(0, 1), (0, 1)]]",40,1600,1.0,0.01,0.01,0.0,0.4,0.0,0.0,emotion,5,1,1.0,400,0.0,1.0,0.0,0.5,5.736,0.118,0.4,0.0,0.95,0.0,0.0,0.0,0.0,0.05,0.0
"[[1, 0], [0, 1]]","[[(0, 1), (0, 1)], [(0, 1), (0, 1)]]",40,1600,1.0,0.01,0.01,0.0,0.4,0.0,0.0,emotion,5,1,1.0,400,0.0,1.0,0.0,0.5,7.449,0.796,1.0,0.0,0.0,0.0,0.975,0.0,0.0,0.025,0.0
"[[1, 0], [0, 1]]","[[(0, 1), (0, 1)], [(0, 1), (0, 1)]]",40,1600,1.0,0.01,0.01,0.0,0.4,0.0,0.0,emotion,5,1,1.0,400,0.0,1.0,0.0,0.5,5.829,0.123,0.3,0.925,0.0,0.0,0.025,0.0,0.0,0.0,0.05
"[[1, 0], [0, 1]]","[[(0, 1), (0, 1)], [(0, 1), (0, 1)]]",40,1600,1.0,0.01,0.01,0.0,0.4,0.0,0.0,emotion,5,1,1.0,400,0.0,1.0,0.0,0.5,41.813,0.815,0.975,0.025,0.0,0.0,0.95,0.0,0.0,0.025,0.0
"[[1, 0], [0, 1]]","[[(0, 1), (0, 1)], [(0, 1), (0, 1)]]",40,1600,1.0,0.01,0.01,0.0,0.4,0.0,0.0,emotion,5,1,1.0,400,0.0,1.0,0.0,0.5,35.253,0.824,0.025,0.0,0.0,0.0,0.0,1.0,0.0,0.0,0.0
"[[1, 0], [0, 1]]","[[(0, 1), (0, 1)], [(0, 1), (0, 1)]]",40,1600,1.0,0.01,0.01,0.0,0.4,0.0,0.0,emotion,5,1,1.0,400,0.0,1.0,0.0,0.5,57.346,0.866,0.0,0.0,0.0,0.0,0.0,1.0,0.0,0.0,0.0
"[[1, 0], [0, 1]]","[[(0, 1), (0, 1)], [(0, 1), (0, 1)]]",40,1600,1.0,0.01,0.01,0.0,0.4,0.0,0.0,emotion,5,1,1.0,400,0.0,1.0,0.0,0.5,63.882,0.721,0.05,0.0,0.0,0.0,0.025,0.975,0.0,0.0,0.0
"[[1, 0], [0, 1]]","[[(0, 1), (0, 1)], [(0, 1), (0, 1)]]",40,1600,1.0,0.01,0.01,0.0,0.4,0.0,0.0,emotion,5,1,1.0,400,0.0,1.0,0.0,0.5,83.782,0.694,0.025,0.0,0.0,0.0,0.0,0.975,0.0,0.0,0.025
"[[1, 0], [0, 1]]","[[(0, 1), (0, 1)], [(0, 1), (0, 1)]]",40,1600,1.0,0.01,0.01,0.0,0.4,0.0,0.0,emotion,5,1,1.0,400,0.0,1.0,0.0,1.0,7.429,0.169,0.3,0.8,0.0,0.0,0.075,0.0,0.05,0.025,0.05
"[[1, 0], [0, 1]]","[[(0, 1), (0, 1)], [(0, 1), (0, 1)]]",40,1600,1.0,0.01,0.01,0.0,0.4,0.0,0.0,emotion,5,1,1.0,400,0.0,1.0,0.0,1.0,6.34,0.306,0.65,0.0,0.85,0.025,0.0,0.025,0.0,0.1,0.0
"[[1, 0], [0, 1]]","[[(0, 1), (0, 1)], [(0, 1), (0, 1)]]",40,1600,1.0,0.01,0.01,0.0,0.4,0.0,0.0,emotion,5,1,1.0,400,0.0,1.0,0.0,1.0,6.389,0.175,0.3,0.0,0.95,0.0,0.0,0.0,0.0,0.05,0.0
"[[1, 0], [0, 1]]","[[(0, 1), (0, 1)], [(0, 1), (0, 1)]]",40,1600,1.0,0.01,0.01,0.0,0.4,0.0,0.0,emotion,5,1,1.0,400,0.0,1.0,0.0,1.0,6.044,0.158,0.425,0.825,0.0,0.0,0.125,0.0,0.0,0.0,0.05
"[[1, 0], [0, 1]]","[[(0, 1), (0, 1)], [(0, 1), (0, 1)]]",40,1600,1.0,0.01,0.01,0.0,0.4,0.0,0.0,emotion,5,1,1.0,400,0.0,1.0,0.0,1.0,13.889,0.997,0.05,0.0,0.05,0.0,0.0,0.95,0.0,0.0,0.0
"[[1, 0], [0, 1]]","[[(0, 1), (0, 1)], [(0, 1), (0, 1)]]",40,1600,1.0,0.01,0.01,0.0,0.4,0.0,0.0,emotion,5,1,1.0,400,0.0,1.0,0.0,1.0,5.503,0.177,0.275,0.0,0.9,0.0,0.0,0.075,0.0,0.025,0.0
"[[1, 0], [0, 1]]","[[(0, 1), (0, 1)], [(0, 1), (0, 1)]]",40,1600,1.0,0.01,0.01,0.0,0.4,0.0,0.0,emotion,5,1,1.0,400,0.0,1.0,0.0,1.0,12.228,1.0,0.0,0.0,0.0,0.0,0.0,1.0,0.0,0.0,0.0
"[[1, 0], [0, 1]]","[[(0, 1), (0, 1)], [(0, 1), (0, 1)]]",40,1600,1.0,0.01,0.01,0.0,0.4,0.0,0.0,emotion,5,1,1.0,400,0.0,1.0,0.0,1.0,16.245,0.988,0.95,0.0,0.0,0.0,0.95,0.025,0.0,0.025,0.0
"[[1, 0], [0, 1]]","[[(0, 1), (0, 1)], [(0, 1), (0, 1)]]",40,1600,1.0,0.01,0.01,0.0,0.4,0.0,0.0,emotion,5,1,1.0,400,0.0,1.0,0.0,1.0,12.723,0.995,0.95,0.025,0.0,0.0,0.95,0.025,0.0,0.0,0.0
"[[1, 0], [0, 1]]","[[(0, 1), (0, 1)], [(0, 1), (0, 1)]]",40,1600,1.0,0.01,0.01,0.0,0.4,0.0,0.0,emotion,5,1,1.0,400,0.0,1.0,0.0,1.0,37.208,0.138,0.675,0.0,1.0,0.0,0.0,0.0,0.0,0.0,0.0
"[[1, 0], [0, 1]]","[[(0, 1), (0, 1)], [(0, 1), (0, 1)]]",40,1600,1.0,0.01,0.01,0.0,0.4,0.0,0.0,emotion,5,1,1.0,400,0.0,1.0,0.0,1.0,45.483,1.0,0.025,0.0,0.025,0.0,0.0,0.975,0.0,0.0,0.0
"[[1, 0], [0, 1]]","[[(0, 1), (0, 1)], [(0, 1), (0, 1)]]",40,1600,1.0,0.01,0.01,0.0,0.4,0.0,0.0,emotion,5,1,1.0,400,0.0,1.0,0.0,1.0,55.853,1.0,0.025,0.0,0.025,0.0,0.0,0.975,0.0,0.0,0.0
"[[1, 0], [0, 1]]","[[(0, 1), (0, 1)], [(0, 1), (0, 1)]]",40,1600,1.0,0.01,0.01,0.0,0.4,0.0,0.0,emotion,5,1,1.0,400,0.0,1.0,0.0,1.0,66.844,0.988,0.025,0.0,0.025,0.0,0.0,0.975,0.0,0.0,0.0
"[[1, 0], [0, 1]]","[[(0, 1), (0, 1)], [(0, 1), (0, 1)]]",40,1600,1.0,0.01,0.01,0.0,0.4,0.0,0.0,emotion,5,1,1.0,400,0.0,1.0,0.0,1.0,76.317,0.981,0.925,0.05,0.0,0.0,0.9,0.025,0.0,0.025,0.0
"[[1, 0], [0, 1]]","[[(0, 1), (0, 1)], [(0, 1), (0, 1)]]",40,1600,1.0,0.01,0.01,0.0,0.4,0.0,0.0,emotion,5,1,1.0,400,0.0,1.0,0.0,1.0,53.821,0.978,0.0,0.0,0.0,0.0,0.0,0.975,0.0,0.0,0.025
"[[1, 0], [0, 1]]","[[(0, 1), (0, 1)], [(0, 1), (0, 1)]]",40,1600,1.0,0.01,0.01,0.0,0.4,0.0,0.0,emotion,5,1,1.0,400,0.0,1.0,0.0,1.0,80.348,0.804,0.975,0.0,0.1,0.0,0.9,0.0,0.0,0.0,0.0
"[[1, 0], [0, 1]]","[[(0, 1), (0, 1)], [(0, 1), (0, 1)]]",40,1600,1.0,0.01,0.01,0.0,0.4,0.0,0.0,emotion,5,1,1.0,400,0.0,1.0,0.0,1.0,93.757,1.0,1.0,0.0,0.0,0.0,1.0,0.0,0.0,0.0,0.0
"[[1, 0], [0, 1]]","[[(0, 1), (0, 1)], [(0, 1), (0, 1)]]",40,1600,1.0,0.01,0.01,0.0,0.4,0.0,0.0,emotion,5,1,1.0,400,0.0,1.0,0.0,1.0,93.356,0.954,0.95,0.0,0.0,0.0,0.95,0.025,0.0,0.025,0.0
"[[1, 0], [0, 1]]","[[(0, 1), (0, 1)], [(0, 1), (0, 1)]]",40,1600,1.0,0.01,0.01,0.0,0.4,0.0,0.0,emotion,5,1,1.0,400,0.0,1.0,0.0,1.0,93.927,1.0,0.0,0.0,0.0,0.0,0.025,0.9,0.0,0.075,0.0
"[[1, 0], [0, 1]]","[[(0, 1), (0, 1)], [(0, 1), (0, 1)]]",40,1600,1.0,0.01,0.01,0.0,0.4,0.0,0.0,emotion,5,1,1.0,400,0.0,1.0,0.0,1.0,93.234,0.97,0.075,0.025,0.025,0.0,0.025,0.9,0.0,0.0,0.025
"[[1, 0], [0, 1]]","[[(0, 1), (0, 1)], [(0, 1), (0, 1)]]",40,1600,1.0,0.01,0.01,0.0,0.6,0.0,0.0,emotion,5,1,1.0,400,0.0,1.0,0.0,0.5,6.147,0.124,0.325,0.0,0.9,0.025,0.0,0.075,0.0,0.0,0.0
"[[1, 0], [0, 1]]","[[(0, 1), (0, 1)], [(0, 1), (0, 1)]]",40,1600,1.0,0.01,0.01,0.0,0.6,0.0,0.0,emotion,5,1,1.0,400,0.0,1.0,0.0,0.5,5.514,0.109,0.4,0.0,0.95,0.0,0.0,0.025,0.0,0.025,0.0
"[[1, 0], [0, 1]]","[[(0, 1), (0, 1)], [(0, 1), (0, 1)]]",40,1600,1.0,0.01,0.01,0.0,0.6,0.0,0.0,emotion,5,1,1.0,400,0.0,1.0,0.0,0.5,6.225,0.133,0.525,0.925,0.0,0.0,0.0,0.0,0.05,0.0,0.025
"[[1, 0], [0, 1]]","[[(0, 1), (0, 1)], [(0, 1), (0, 1)]]",40,1600,1.0,0.01,0.01,0.0,0.6,0.0,0.0,emotion,5,1,1.0,400,0.0,1.0,0.0,0.5,6.329,0.179,0.425,0.8,0.0,0.0,0.15,0.0,0.025,0.0,0.025
"[[1, 0], [0, 1]]","[[(0, 1), (0, 1)], [(0, 1), (0, 1)]]",40,1600,1.0,0.01,0.01,0.0,0.6,0.0,0.0,emotion,5,1,1.0,400,0.0,1.0,0.0,0.5,5.851,0.166,0.5,0.85,0.05,0.0,0.025,0.0,0.025,0.025,0.025
"[[1, 0], [0, 1]]","[[(0, 1), (0, 1)], [(0, 1), (0, 1)]]",40,1600,1.0,0.01,0.01,0.0,0.6,0.0,0.0,emotion,5,1,1.0,400,0.0,1.0,0.0,0.5,6.291,0.135,0.5,0.0,0.9,0.025,0.0,0.025,0.0,0.05,0.0
"[[1, 0], [0, 1]]","[[(0, 1), (0, 1)], [(0, 1), (0, 1)]]",40,1600,1.0,0.01,0.01,0.0,0.6,0.0,0.0,emotion,5,1,1.0,400,0.0,1.0,0.0,0.5,5.872,0.124,0.6,0.95,0.0,0.0,0.0,0.0,0.025,0.0,0.025
"[[1, 0], [0, 1]]","[[(0, 1), (0, 1)], [(0, 1), (0, 1)]]",40,1600,1.0,0.01,0.01,0.0,0.6,0.0,0.0,emotion,5,1,1.0,400,0.0,1.0,0.0,0.5,5.943,0.138,0.65,0.925,0.0,0.0,0.05,0.0,0.0,0.0,0.025
"[[1, 0], [0, 1]]","[[(0, 1), (0, 1)], [(0, 1), (0, 1)]]",40,1600,1.0,0.01,0.01,0.0,0.6,0.0,0.0,emotion,5,1,1.0,400,0.0,1.0,0.0,0.5,5.742,0.156,0.55,0.975,0.0,0.0,0.0,0.025,0.0,0.0,0.0
"[[1, 0], [0, 1]]","[[(0, 1), (0, 1)], [(0, 1), (0, 1)]]",40,1600,1.0,0.01,0.01,0.0,0.6,0.0,0.0,emotion,5,1,1.0,400,0.0,1.0,0.0,0.5,6.346,0.123,0.6,0.0,0.975,0.025,0.0,0.0,0.0,0.0,0.0
"[[1, 0], [0, 1]]","[[(0, 1), (0, 1)], [(0, 1), (0, 1)]]",40,1600,1.0,0.01,0.01,0.0,0.6,0.0,0.0,emotion,5,1,1.0,400,0.0,1.0,0.0,0.5,8.775,0.099,0.325,0.0,1.0,0.0,0.0,0.0,0.0,0.0,0.0
"[[1, 0], [0, 1]]","[[(0, 1), (0, 1)], [(0, 1), (0, 1)]]",40,1600,1.0,0.01,0.01,0.0,0.6,0.0,0.0,emotion,5,1,1.0,400,0.0,1.0,0.0,0.5,14.693,0.121,0.475,1.0,0.0,0.0,0.0,0.0,0.0,0.0,0.0
"[[1, 0], [0, 1]]","[[(0, 1), (0, 1)], [(0, 1), (0, 1)]]",40,1600,1.0,0.01,0.01,0.0,0.6,0.0,0.0,emotion,5,1,1.0,400,0.0,1.0,0.0,0.5,6.195,0.153,0.3,0.0,0.925,0.0,0.0,0.0,0.025,0.05,0.0
"[[1, 0], [0, 1]]","[[(0, 1), (0, 1)], [(0, 1), (0, 1)]]",40,1600,1.0,0.01,0.01,0.0,0.6,0.0,0.0,emotion,5,1,1.0,400,0.0,1.0,0.0,0.5,6.728,0.111,0.625,0.85,0.0,0.0,0.05,0.0,0.1,0.0,0.0
"[[1, 0], [0, 1]]","[[(0, 1), (0, 1)], [(0, 1), (0, 1)]]",40,1600,1.0,0.01,0.01,0.0,0.6,0.0,0.0,emotion,5,1,1.0,400,0.0,1.0,0.0,0.5,16.616,0.853,0.975,0.025,0.0,0.0,0.975,0.0,0.0,0.0,0.0
"[[1, 0], [0, 1]]","[[(0, 1), (0, 1)], [(0, 1), (0, 1)]]",40,1600,1.0,0.01,0.01,0.0,0.6,0.0,0.0,emotion,5,1,1.0,400,0.0,1.0,0.0,0.5,53.801,0.889,0.975,0.0,0.0,0.0,0.975,0.025,0.0,0.0,0.0
"[[1, 0], [0, 1]]","[[(0, 1), (0, 1)], [(0, 1), (0, 1)]]",40,1600,1.0,0.01,0.01,0.0,0.6,0.0,0.0,emotion,5,1,1.0,400,0.0,1.0,0.0,0.5,74.513,0.158,0.525,0.975,0.0,0.0,0.0,0.0,0.0,0.0,0.025
"[[1, 0], [0, 1]]","[[(0, 1), (0, 1)], [(0, 1), (0, 1)]]",40,1600,1.0,0.01,0.01,0.0,0.6,0.0,0.0,emotion,5,1,1.0,400,0.0,1.0,0.0,0.5,86.339,0.835,0.025,0.0,0.0,0.0,0.0,0.95,0.0,0.0,0.05
"[[1, 0], [0, 1]]","[[(0, 1), (0, 1)], [(0, 1), (0, 1)]]",40,1600,1.0,0.01,0.01,0.0,0.6,0.0,0.0,emotion,5,1,1.0,400,0.0,1.0,0.0,0.5,86.837,0.811,0.025,0.0,0.0,0.0,0.0,0.975,0.0,0.0,0.025
"[[1, 0], [0, 1]]","[[(0, 1), (0, 1)], [(0, 1), (0, 1)]]",40,1600,1.0,0.01,0.01,0.0,0.6,0.0,0.0,emotion,5,1,1.0,400,0.0,1.0,0.0,0.5,87.124,0.851,0.0,0.0,0.0,0.0,0.0,1.0,0.0,0.0,0.0
"[[1, 0], [0, 1]]","[[(0, 1), (0, 1)], [(0, 1), (0, 1)]]",40,1600,1.0,0.01,0.01,0.0,0.6,0.0,0.0,emotion,5,1,1.0,400,0.0,1.0,0.0,1.0,5.981,0.206,0.35,0.0,0.95,0.025,0.0,0.0,0.0,0.025,0.0
"[[1, 0], [0, 1]]","[[(0, 1), (0, 1)], [(0, 1), (0, 1)]]",40,1600,1.0,0.01,0.01,0.0,0.6,0.0,0.0,emotion,5,1,1.0,400,0.0,1.0,0.0,1.0,5.979,0.105,0.525,0.0,1.0,0.0,0.0,0.0,0.0,0.0,0.0
"[[1, 0], [0, 1]]","[[(0, 1), (0, 1)], [(0, 1), (0, 1)]]",40,1600,1.0,0.01,0.01,0.0,0.6,0.0,0.0,emotion,5,1,1.0,400,0.0,1.0,0.0,1.0,26.822,1.0,0.025,0.0,0.0,0.0,0.025,0.975,0.0,0.0,0.0
"[[1, 0], [0, 1]]","[[(0, 1), (0, 1)], [(0, 1), (0, 1)]]",40,1600,1.0,0.01,0.01,0.0,0.6,0.0,0.0,emotion,5,1,1.0,400,0.0,1.0,0.0,1.0,29.646,0.228,0.2,0.0,0.9,0.0,0.0,0.025,0.0,0.075,0.0
"[[1, 0], [0, 1]]","[[(0, 1), (0, 1)], [(0, 1), (0, 1)]]",40,1600,1.0,0.01,0.01,0.0,0.6,0.0,0.0,emotion,5,1,1.0,400,0.0,1.0,0.0,1.0,40.221,0.995,1.0,0.0,0.0,0.0,1.0,0.0,0.0,0.0,0.0
"[[1, 0], [0, 1]]","[[(0, 1), (0, 1)], [(0, 1), (0, 1)]]",40,1600,1.0,0.01,0.01,0.0,0.6,0.0,0.0,emotion,5,1,1.0,400,0.0,1.0,0.0,1.0,70.192,0.988,0.975,0.0,0.0,0.0,0.975,0.025,0.0,0.0,0.0
"[[1, 0], [0, 1]]","[[(0, 1), (0, 1)], [(0, 1), (0, 1)]]",40,1600,1.0,0.01,0.01,0.0,0.6,0.0,0.0,emotion,5,1,1.0,400,0.0,1.0,0.0,1.0,66.454,0.999,0.025,0.0,0.025,0.0,0.0,0.975,0.0,0.0,0.0
"[[1, 0], [0, 1]]","[[(0, 1), (0, 1)], [(0, 1), (0, 1)]]",40,1600,1.0,0.01,0.01,0.0,0.6,0.0,0.0,emotion,5,1,1.0,400,0.0,1.0,0.0,1.0,60.783,0.171,0.425,0.0,0.925,0.05,0.0,0.0,0.0,0.025,0.0
"[[1, 0], [0, 1]]","[[(0, 1), (0, 1)], [(0, 1), (0, 1)]]",40,1600,1.0,0.01,0.01,0.0,0.6,0.0,0.0,emotion,5,1,1.0,400,0.0,1.0,0.0,1.0,91.039,1.0,0.975,0.0,0.0,0.0,0.975,0.025,0.0,0.0,0.0
"[[1, 0], [0, 1]]","[[(0, 1), (0, 1)], [(0, 1), (0, 1)]]",40,1600,1.0,0.01,0.01,0.0,0.6,0.0,0.0,emotion,5,1,1.0,400,0.0,1.0,0.0,1.0,93.162,0.99,1.0,0.0,0.0,0.0,0.975,0.0,0.0,0.025,0.0
"[[1, 0], [0, 1]]","[[(0, 1), (0, 1)], [(0, 1), (0, 1)]]",40,1600,1.0,0.01,0.01,0.0,0.6,0.0,0.0,emotion,5,1,1.0,400,0.0,1.0,0.0,1.0,94.151,0.98,1.0,0.0,0.0,0.0,1.0,0.0,0.0,0.0,0.0
"[[1, 0], [0, 1]]","[[(0, 1), (0, 1)], [(0, 1), (0, 1)]]",40,1600,1.0,0.01,0.01,0.0,0.6,0.0,0.0,emotion,5,1,1.0,400,0.0,1.0,0.0,1.0,92.376,1.0,1.0,0.0,0.0,0.0,1.0,0.0,0.0,0.0,0.0
"[[1, 0], [0, 1]]","[[(0, 1), (0, 1)], [(0, 1), (0, 1)]]",40,1600,1.0,0.01,0.01,0.0,0.6,0.0,0.0,emotion,5,1,1.0,400,0.0,1.0,0.0,1.0,93.701,0.985,0.975,0.0,0.0,0.0,0.975,0.025,0.0,0.0,0.0
"[[1, 0], [0, 1]]","[[(0, 1), (0, 1)], [(0, 1), (0, 1)]]",40,1600,1.0,0.01,0.01,0.0,0.6,0.0,0.0,emotion,5,1,1.0,400,0.0,1.0,0.0,1.0,74.874,1.0,0.975,0.025,0.0,0.0,0.975,0.0,0.0,0.0,0.0
"[[1, 0], [0, 1]]","[[(0, 1), (0, 1)], [(0, 1), (0, 1)]]",40,1600,1.0,0.01,0.01,0.0,0.6,0.0,0.0,emotion,5,1,1.0,400,0.0,1.0,0.0,1.0,94.091,0.841,0.875,0.025,0.0,0.0,0.925,0.05,0.0,0.0,0.0
"[[1, 0], [0, 1]]","[[(0, 1), (0, 1)], [(0, 1), (0, 1)]]",40,1600,1.0,0.01,0.01,0.0,0.6,0.0,0.0,emotion,5,1,1.0,400,0.0,1.0,0.0,1.0,94.304,1.0,0.025,0.0,0.0,0.0,0.025,0.975,0.0,0.0,0.0
"[[1, 0], [0, 1]]","[[(0, 1), (0, 1)], [(0, 1), (0, 1)]]",40,1600,1.0,0.01,0.01,0.0,0.6,0.0,0.0,emotion,5,1,1.0,400,0.0,1.0,0.0,1.0,94.06,1.0,0.0,0.0,0.0,0.0,0.0,1.0,0.0,0.0,0.0
"[[1, 0], [0, 1]]","[[(0, 1), (0, 1)], [(0, 1), (0, 1)]]",40,1600,1.0,0.01,0.01,0.0,0.6,0.0,0.0,emotion,5,1,1.0,400,0.0,1.0,0.0,1.0,93.562,1.0,1.0,0.0,0.0,0.0,1.0,0.0,0.0,0.0,0.0
"[[1, 0], [0, 1]]","[[(0, 1), (0, 1)], [(0, 1), (0, 1)]]",40,1600,1.0,0.01,0.01,0.0,0.6,0.0,0.0,emotion,5,1,1.0,400,0.0,1.0,0.0,1.0,93.367,1.0,0.0,0.0,0.0,0.0,0.0,1.0,0.0,0.0,0.0
"[[1, 0], [0, 1]]","[[(0, 1), (0, 1)], [(0, 1), (0, 1)]]",40,1600,1.0,0.01,0.01,0.0,0.6,0.0,0.0,emotion,5,1,1.0,400,0.0,1.0,0.0,1.0,94.079,0.999,0.975,0.025,0.0,0.0,0.975,0.0,0.0,0.0,0.0
"[[1, 0], [0, 1]]","[[(0, 1), (0, 1)], [(0, 1), (0, 1)]]",40,1600,1.0,0.01,0.01,0.0,0.8,0.0,0.0,emotion,5,1,1.0,400,0.0,1.0,0.0,0.5,6.175,0.175,0.55,0.975,0.0,0.0,0.0,0.0,0.025,0.0,0.0
"[[1, 0], [0, 1]]","[[(0, 1), (0, 1)], [(0, 1), (0, 1)]]",40,1600,1.0,0.01,0.01,0.0,0.8,0.0,0.0,emotion,5,1,1.0,400,0.0,1.0,0.0,0.5,6.485,0.144,0.525,0.975,0.0,0.0,0.025,0.0,0.0,0.0,0.0
"[[1, 0], [0, 1]]","[[(0, 1), (0, 1)], [(0, 1), (0, 1)]]",40,1600,1.0,0.01,0.01,0.0,0.8,0.0,0.0,emotion,5,1,1.0,400,0.0,1.0,0.0,0.5,6.042,0.191,0.55,0.9,0.0,0.0,0.025,0.0,0.0,0.0,0.075
"[[1, 0], [0, 1]]","[[(0, 1), (0, 1)], [(0, 1), (0, 1)]]",40,1600,1.0,0.01,0.01,0.0,0.8,0.0,0.0,emotion,5,1,1.0,400,0.0,1.0,0.0,0.5,5.526,0.145,0.375,0.0,0.975,0.0,0.0,0.0,0.025,0.0,0.0
"[[1, 0], [0, 1]]","[[(0, 1), (0, 1)], [(0, 1), (0, 1)]]",40,1600,1.0,0.01,0.01,0.0,0.8,0.0,0.0,emotion,5,1,1.0,400,0.0,1.0,0.0,0.5,5.847,0.256,0.175,0.95,0.0,0.0,0.0,0.0,0.0,0.0,0.05
"[[1, 0], [0, 1]]","[[(0, 1), (0, 1)], [(0, 1), (0, 1)]]",40,1600,1.0,0.01,0.01,0.0,0.8,0.0,0.0,emotion,5,1,1.0,400,0.0,1.0,0.0,0.5,6.078,0.166,0.55,0.0,1.0,0.0,0.0,0.0,0.0,0.0,0.0
"[[1, 0], [0, 1]]","[[(0, 1), (0, 1)], [(0, 1), (0, 1)]]",40,1600,1.0,0.01,0.01,0.0,0.8,0.0,0.0,emotion,5,1,1.0,400,0.0,1.0,0.0,0.5,5.686,0.144,0.35,0.975,0.0,0.0,0.025,0.0,0.0,0.0,0.0
"[[1, 0], [0, 1]]","[[(0, 1), (0, 1)], [(0, 1), (0, 1)]]",40,1600,1.0,0.01,0.01,0.0,0.8,0.0,0.0,emotion,5,1,1.0,400,0.0,1.0,0.0,0.5,6.067,0.149,0.4,0.0,0.9,0.0,0.0,0.1,0.0,0.0,0.0
"[[1, 0], [0, 1]]","[[(0, 1), (0, 1)], [(0, 1), (0, 1)]]",40,1600,1.0,0.01,0.01,0.0,0.8,0.0,0.0,emotion,5,1,1.0,400,0.0,1.0,0.0,0.5,6.41,0.156,0.425,1.0,0.0,0.0,0.0,0.0,0.0,0.0,0.0
"[[1, 0], [0, 1]]","[[(0, 1), (0, 1)], [(0, 1), (0, 1)]]",40,1600,1.0,0.01,0.01,0.0,0.8,0.0,0.0,emotion,5,1,1.0,400,0.0,1.0,0.0,0.5,5.52,0.235,0.35,0.9,0.0,0.0,0.0,0.0,0.1,0.0,0.0
"[[1, 0], [0, 1]]","[[(0, 1), (0, 1)], [(0, 1), (0, 1)]]",40,1600,1.0,0.01,0.01,0.0,0.8,0.0,0.0,emotion,5,1,1.0,400,0.0,1.0,0.0,0.5,6.545,0.216,0.525,0.0,0.8,0.025,0.0,0.125,0.0,0.05,0.0
"[[1, 0], [0, 1]]","[[(0, 1), (0, 1)], [(0, 1), (0, 1)]]",40,1600,1.0,0.01,0.01,0.0,0.8,0.0,0.0,emotion,5,1,1.0,400,0.0,1.0,0.0,0.5,23.68,0.904,1.0,0.0,0.0,0.0,1.0,0.0,0.0,0.0,0.0
"[[1, 0], [0, 1]]","[[(0, 1), (0, 1)], [(0, 1), (0, 1)]]",40,1600,1.0,0.01,0.01,0.0,0.8,0.0,0.0,emotion,5,1,1.0,400,0.0,1.0,0.0,0.5,65.042,0.861,0.95,0.025,0.0,0.0,0.925,0.025,0.0,0.025,0.0
"[[1, 0], [0, 1]]","[[(0, 1), (0, 1)], [(0, 1), (0, 1)]]",40,1600,1.0,0.01,0.01,0.0,0.8,0.0,0.0,emotion,5,1,1.0,400,0.0,1.0,0.0,0.5,79.072,0.934,0.0,0.0,0.0,0.0,0.0,1.0,0.0,0.0,0.0
"[[1, 0], [0, 1]]","[[(0, 1), (0, 1)], [(0, 1), (0, 1)]]",40,1600,1.0,0.01,0.01,0.0,0.8,0.0,0.0,emotion,5,1,1.0,400,0.0,1.0,0.0,0.5,83.104,0.784,0.975,0.0,0.0,0.0,0.925,0.0,0.0,0.075,0.0
"[[1, 0], [0, 1]]","[[(0, 1), (0, 1)], [(0, 1), (0, 1)]]",40,1600,1.0,0.01,0.01,0.0,0.8,0.0,0.0,emotion,5,1,1.0,400,0.0,1.0,0.0,0.5,89.72,0.93,0.025,0.0,0.0,0.0,0.025,0.975,0.0,0.0,0.0
"[[1, 0], [0, 1]]","[[(0, 1), (0, 1)], [(0, 1), (0, 1)]]",40,1600,1.0,0.01,0.01,0.0,0.8,0.0,0.0,emotion,5,1,1.0,400,0.0,1.0,0.0,0.5,88.989,0.87,0.0,0.0,0.0,0.0,0.0,0.975,0.0,0.0,0.025
"[[1, 0], [0, 1]]","[[(0, 1), (0, 1)], [(0, 1), (0, 1)]]",40,1600,1.0,0.01,0.01,0.0,0.8,0.0,0.0,emotion,5,1,1.0,400,0.0,1.0,0.0,0.5,89.313,0.911,0.025,0.0,0.0,0.0,0.025,0.975,0.0,0.0,0.0
"[[1, 0], [0, 1]]","[[(0, 1), (0, 1)], [(0, 1), (0, 1)]]",40,1600,1.0,0.01,0.01,0.0,0.8,0.0,0.0,emotion,5,1,1.0,400,0.0,1.0,0.0,0.5,89.116,0.711,0.025,0.0,0.0,0.0,0.0,0.95,0.0,0.0,0.05
"[[1, 0], [0, 1]]","[[(0, 1), (0, 1)], [(0, 1), (0, 1)]]",40,1600,1.0,0.01,0.01,0.0,0.8,0.0,0.0,emotion,5,1,1.0,400,0.0,1.0,0.0,0.5,89.685,0.874,1.0,0.0,0.0,0.0,0.95,0.0,0.0,0.05,0.0
"[[1, 0], [0, 1]]","[[(0, 1), (0, 1)], [(0, 1), (0, 1)]]",40,1600,1.0,0.01,0.01,0.0,0.8,0.0,0.0,emotion,5,1,1.0,400,0.0,1.0,0.0,1.0,29.467,1.0,0.0,0.0,0.0,0.0,0.0,1.0,0.0,0.0,0.0
"[[1, 0], [0, 1]]","[[(0, 1), (0, 1)], [(0, 1), (0, 1)]]",40,1600,1.0,0.01,0.01,0.0,0.8,0.0,0.0,emotion,5,1,1.0,400,0.0,1.0,0.0,1.0,61.82,0.99,0.025,0.0,0.0,0.0,0.0,0.975,0.0,0.0,0.025
"[[1, 0], [0, 1]]","[[(0, 1), (0, 1)], [(0, 1), (0, 1)]]",40,1600,1.0,0.01,0.01,0.0,0.8,0.0,0.0,emotion,5,1,1.0,400,0.0,1.0,0.0,1.0,66.956,1.0,1.0,0.0,0.0,0.0,1.0,0.0,0.0,0.0,0.0
"[[1, 0], [0, 1]]","[[(0, 1), (0, 1)], [(0, 1), (0, 1)]]",40,1600,1.0,0.01,0.01,0.0,0.8,0.0,0.0,emotion,5,1,1.0,400,0.0,1.0,0.0,1.0,85.242,0.991,0.05,0.0,0.025,0.0,0.0,0.95,0.0,0.0,0.025
"[[1, 0], [0, 1]]","[[(0, 1), (0, 1)], [(0, 1), (0, 1)]]",40,1600,1.0,0.01,0.01,0.0,0.8,0.0,0.0,emotion,5,1,1.0,400,0.0,1.0,0.0,1.0,87.19,0.99,1.0,0.0,0.0,0.0,0.975,0.0,0.0,0.025,0.0
"[[1, 0], [0, 1]]","[[(0, 1), (0, 1)], [(0, 1), (0, 1)]]",40,1600,1.0,0.01,0.01,0.0,0.8,0.0,0.0,emotion,5,1,1.0,400,0.0,1.0,0.0,1.0,83.297,0.98,0.05,0.0,0.0,0.0,0.0,0.95,0.0,0.0,0.05
"[[1, 0], [0, 1]]","[[(0, 1), (0, 1)], [(0, 1), (0, 1)]]",40,1600,1.0,0.01,0.01,0.0,0.8,0.0,0.0,emotion,5,1,1.0,400,0.0,1.0,0.0,1.0,93.323,0.999,0.975,0.0,0.0,0.0,0.975,0.025,0.0,0.0,0.0
"[[1, 0], [0, 1]]","[[(0, 1), (0, 1)], [(0, 1), (0, 1)]]",40,1600,1.0,0.01,0.01,0.0,0.8,0.0,0.0,emotion,5,1,1.0,400,0.0,1.0,0.0,1.0,94.035,0.99,1.0,0.0,0.0,0.0,0.975,0.0,0.0,0.025,0.0
"[[1, 0], [0, 1]]","[[(0, 1), (0, 1)], [(0, 1), (0, 1)]]",40,1600,1.0,0.01,0.01,0.0,0.8,0.0,0.0,emotion,5,1,1.0,400,0.0,1.0,0.0,1.0,93.8,1.0,0.975,0.0,0.0,0.0,0.975,0.025,0.0,0.0,0.0
"[[1, 0], [0, 1]]","[[(0, 1), (0, 1)], [(0, 1), (0, 1)]]",40,1600,1.0,0.01,0.01,0.0,0.8,0.0,0.0,emotion,5,1,1.0,400,0.0,1.0,0.0,1.0,94.032,0.994,0.025,0.0,0.025,0.0,0.0,0.95,0.0,0.0,0.025
"[[1, 0], [0, 1]]","[[(0, 1), (0, 1)], [(0, 1), (0, 1)]]",40,1600,1.0,0.01,0.01,0.0,0.8,0.0,0.0,emotion,5,1,1.0,400,0.0,1.0,0.0,1.0,93.74,1.0,0.025,0.0,0.0,0.025,0.0,0.975,0.0,0.0,0.0
"[[1, 0], [0, 1]]","[[(0, 1), (0, 1)], [(0, 1), (0, 1)]]",40,1600,1.0,0.01,0.01,0.0,0.8,0.0,0.0,emotion,5,1,1.0,400,0.0,1.0,0.0,1.0,93.764,0.988,0.05,0.0,0.05,0.0,0.025,0.925,0.0,0.0,0.0
"[[1, 0], [0, 1]]","[[(0, 1), (0, 1)], [(0, 1), (0, 1)]]",40,1600,1.0,0.01,0.01,0.0,0.8,0.0,0.0,emotion,5,1,1.0,400,0.0,1.0,0.0,1.0,93.927,1.0,0.025,0.0,0.0,0.0,0.025,0.975,0.0,0.0,0.0
"[[1, 0], [0, 1]]","[[(0, 1), (0, 1)], [(0, 1), (0, 1)]]",40,1600,1.0,0.01,0.01,0.0,0.8,0.0,0.0,emotion,5,1,1.0,400,0.0,1.0,0.0,1.0,94.039,0.999,0.025,0.0,0.025,0.0,0.0,0.975,0.0,0.0,0.0
"[[1, 0], [0, 1]]","[[(0, 1), (0, 1)], [(0, 1), (0, 1)]]",40,1600,1.0,0.01,0.01,0.0,0.8,0.0,0.0,emotion,5,1,1.0,400,0.0,1.0,0.0,1.0,93.976,0.991,0.025,0.0,0.0,0.0,0.0,0.975,0.0,0.0,0.025
"[[1, 0], [0, 1]]","[[(0, 1), (0, 1)], [(0, 1), (0, 1)]]",40,1600,1.0,0.01,0.01,0.0,0.8,0.0,0.0,emotion,5,1,1.0,400,0.0,1.0,0.0,1.0,93.854,1.0,0.0,0.0,0.0,0.0,0.0,1.0,0.0,0.0,0.0
"[[1, 0], [0, 1]]","[[(0, 1), (0, 1)], [(0, 1), (0, 1)]]",40,1600,1.0,0.01,0.01,0.0,0.8,0.0,0.0,emotion,5,1,1.0,400,0.0,1.0,0.0,1.0,93.69,1.0,1.0,0.0,0.0,0.0,1.0,0.0,0.0,0.0,0.0
"[[1, 0], [0, 1]]","[[(0, 1), (0, 1)], [(0, 1), (0, 1)]]",40,1600,1.0,0.01,0.01,0.0,0.8,0.0,0.0,emotion,5,1,1.0,400,0.0,1.0,0.0,1.0,93.83,1.0,1.0,0.0,0.0,0.0,1.0,0.0,0.0,0.0,0.0
"[[1, 0], [0, 1]]","[[(0, 1), (0, 1)], [(0, 1), (0, 1)]]",40,1600,1.0,0.01,0.01,0.0,0.8,0.0,0.0,emotion,5,1,1.0,400,0.0,1.0,0.0,1.0,94.065,0.997,0.025,0.0,0.0,0.0,0.025,0.95,0.0,0.025,0.0
"[[1, 0], [0, 1]]","[[(0, 1), (0, 1)], [(0, 1), (0, 1)]]",40,1600,1.0,0.01,0.01,0.0,0.8,0.0,0.0,emotion,5,1,1.0,400,0.0,1.0,0.0,1.0,94.153,0.99,0.1,0.0,0.025,0.05,0.025,0.9,0.0,0.0,0.0
"[[1, 0], [0, 1]]","[[(0, 1), (0, 0)], [(0, 1), (1, 1)]]",40,1600,1.0,0.01,0.01,0.0,0.4,0.0,0.0,emotion,5,1,1.0,400,0.0,1.0,0.0,0.5,5.822,0.139,0.625,0.925,0.0,0.0,0.0,0.0,0.05,0.0,0.025
"[[1, 0], [0, 1]]","[[(0, 1), (0, 0)], [(0, 1), (1, 1)]]",40,1600,1.0,0.01,0.01,0.0,0.4,0.0,0.0,emotion,5,1,1.0,400,0.0,1.0,0.0,0.5,6.159,0.146,0.425,0.85,0.0,0.0,0.1,0.0,0.05,0.0,0.0
"[[1, 0], [0, 1]]","[[(0, 1), (0, 0)], [(0, 1), (1, 1)]]",40,1600,1.0,0.01,0.01,0.0,0.4,0.0,0.0,emotion,5,1,1.0,400,0.0,1.0,0.0,0.5,5.597,0.129,0.475,0.0,0.85,0.0,0.0,0.125,0.0,0.025,0.0
"[[1, 0], [0, 1]]","[[(0, 1), (0, 0)], [(0, 1), (1, 1)]]",40,1600,1.0,0.01,0.01,0.0,0.4,0.0,0.0,emotion,5,1,1.0,400,0.0,1.0,0.0,0.5,5.818,0.125,0.375,0.0,0.975,0.0,0.0,0.025,0.0,0.0,0.0
"[[1, 0], [0, 1]]","[[(0, 1), (0, 0)], [(0, 1), (1, 1)]]",40,1600,1.0,0.01,0.01,0.0,0.4,0.0,0.0,emotion,5,1,1.0,400,0.0,1.0,0.0,0.5,6.093,0.106,0.5,0.0,1.0,0.0,0.0,0.0,0.0,0.0,0.0
"[[1, 0], [0, 1]]","[[(0, 1), (0, 0)], [(0, 1), (1, 1)]]",40,1600,1.0,0.01,0.01,0.0,0.4,0.0,0.0,emotion,5,1,1.0,400,0.0,1.0,0.0,0.5,6.298,0.113,0.55,0.975,0.0,0.0,0.0,0.0,0.025,0.0,0.0
"[[1, 0], [0, 1]]","[[(0, 1), (0, 0)], [(0, 1), (1, 1)]]",40,1600,1.0,0.01,0.01,0.0,0.4,0.0,0.0,emotion,5,1,1.0,400,0.0,1.0,0.0,0.5,5.358,0.104,0.35,1.0,0.0,0.0,0.0,0.0,0.0,0.0,0.0
"[[1, 0], [0, 1]]","[[(0, 1), (0, 0)], [(0, 1), (1, 1)]]",40,1600,1.0,0.01,0.01,0.0,0.4,0.0,0.0,emotion,5,1,1.0,400,0.0,1.0,0.0,0.5,5.591,0.118,0.35,0.0,0.775,0.025,0.0,0.175,0.0,0.025,0.0
"[[1, 0], [0, 1]]","[[(0, 1), (0, 0)], [(0, 1), (1, 1)]]",40,1600,1.0,0.01,0.01,0.0,0.4,0.0,0.0,emotion,5,1,1.0,400,0.0,1.0,0.0,0.5,6.387,0.116,0.5,0.0,0.95,0.025,0.0,0.025,0.0,0.0,0.0
"[[1, 0], [0, 1]]","[[(0, 1), (0, 0)], [(0, 1), (1, 1)]]",40,1600,1.0,0.01,0.01,0.0,0.4,0.0,0.0,emotion,5,1,1.0,400,0.0,1.0,0.0,0.5,5.791,0.121,0.35,0.0,0.975,0.0,0.0,0.025,0.0,0.0,0.0
"[[1, 0], [0, 1]]","[[(0, 1), (0, 0)], [(0, 1), (1, 1)]]",40,1600,1.0,0.01,0.01,0.0,0.4,0.0,0.0,emotion,5,1,1.0,400,0.0,1.0,0.0,0.5,5.952,0.128,0.3,1.0,0.0,0.0,0.0,0.0,0.0,0.0,0.0
"[[1, 0], [0, 1]]","[[(0, 1), (0, 0)], [(0, 1), (1, 1)]]",40,1600,1.0,0.01,0.01,0.0,0.4,0.0,0.0,emotion,5,1,1.0,400,0.0,1.0,0.0,0.5,6.05,0.17,0.525,0.75,0.05,0.1,0.0,0.075,0.025,0.0,0.0
"[[1, 0], [0, 1]]","[[(0, 1), (0, 0)], [(0, 1), (1, 1)]]",40,1600,1.0,0.01,0.01,0.0,0.4,0.0,0.0,emotion,5,1,1.0,400,0.0,1.0,0.0,0.5,6.147,0.115,0.475,0.0,0.95,0.0,0.025,0.0,0.0,0.025,0.0
"[[1, 0], [0, 1]]","[[(0, 1), (0, 0)], [(0, 1), (1, 1)]]",40,1600,1.0,0.01,0.01,0.0,0.4,0.0,0.0,emotion,5,1,1.0,400,0.0,1.0,0.0,0.5,6.375,0.13,0.55,0.925,0.0,0.025,0.0,0.0,0.025,0.0,0.025
"[[1, 0], [0, 1]]","[[(0, 1), (0, 0)], [(0, 1), (1, 1)]]",40,1600,1.0,0.01,0.01,0.0,0.4,0.0,0.0,emotion,5,1,1.0,400,0.0,1.0,0.0,0.5,5.936,0.18,0.375,0.975,0.0,0.0,0.0,0.0,0.025,0.0,0.0
"[[1, 0], [0, 1]]","[[(0, 1), (0, 0)], [(0, 1), (1, 1)]]",40,1600,1.0,0.01,0.01,0.0,0.4,0.0,0.0,emotion,5,1,1.0,400,0.0,1.0,0.0,0.5,5.999,0.133,0.425,0.0,0.975,0.0,0.0,0.025,0.0,0.0,0.0
"[[1, 0], [0, 1]]","[[(0, 1), (0, 0)], [(0, 1), (1, 1)]]",40,1600,1.0,0.01,0.01,0.0,0.4,0.0,0.0,emotion,5,1,1.0,400,0.0,1.0,0.0,0.5,5.578,0.158,0.45,0.0,0.95,0.05,0.0,0.0,0.0,0.0,0.0
"[[1, 0], [0, 1]]","[[(0, 1), (0, 0)], [(0, 1), (1, 1)]]",40,1600,1.0,0.01,0.01,0.0,0.4,0.0,0.0,emotion,5,1,1.0,400,0.0,1.0,0.0,0.5,5.926,0.138,0.3,0.0,0.775,0.05,0.0,0.075,0.025,0.025,0.05
"[[1, 0], [0, 1]]","[[(0, 1), (0, 0)], [(0, 1), (1, 1)]]",40,1600,1.0,0.01,0.01,0.0,0.4,0.0,0.0,emotion,5,1,1.0,400,0.0,1.0,0.0,0.5,5.522,0.13,0.425,0.0,0.975,0.0,0.0,0.025,0.0,0.0,0.0
"[[1, 0], [0, 1]]","[[(0, 1), (0, 0)], [(0, 1), (1, 1)]]",40,1600,1.0,0.01,0.01,0.0,0.4,0.0,0.0,emotion,5,1,1.0,400,0.0,1.0,0.0,0.5,6.387,0.119,0.55,1.0,0.0,0.0,0.0,0.0,0.0,0.0,0.0
"[[1, 0], [0, 1]]","[[(0, 1), (0, 0)], [(0, 1), (1, 1)]]",40,1600,1.0,0.01,0.01,0.0,0.4,0.0,0.0,emotion,5,1,1.0,400,0.0,1.0,0.0,1.0,6.226,0.128,0.45,0.975,0.0,0.0,0.0,0.0,0.0,0.0,0.025
"[[1, 0], [0, 1]]","[[(0, 1), (0, 0)], [(0, 1), (1, 1)]]",40,1600,1.0,0.01,0.01,0.0,0.4,0.0,0.0,emotion,5,1,1.0,400,0.0,1.0,0.0,1.0,5.73,0.1,0.475,0.0,0.9,0.025,0.0,0.05,0.0,0.025,0.0
"[[1, 0], [0, 1]]","[[(0, 1), (0, 0)], [(0, 1), (1, 1)]]",40,1600,1.0,0.01,0.01,0.0,0.4,0.0,0.0,emotion,5,1,1.0,400,0.0,1.0,0.0,1.0,5.973,0.25,0.3,0.925,0.0,0.0,0.0,0.0,0.025,0.0,0.05
"[[1, 0], [0, 1]]","[[(0, 1), (0, 0)], [(0, 1), (1, 1)]]",40,1600,1.0,0.01,0.01,0.0,0.4,0.0,0.0,emotion,5,1,1.0,400,0.0,1.0,0.0,1.0,5.944,0.14,0.575,1.0,0.0,0.0,0.0,0.0,0.0,0.0,0.0
"[[1, 0], [0, 1]]","[[(0, 1), (0, 0)], [(0, 1), (1, 1)]]",40,1600,1.0,0.01,0.01,0.0,0.4,0.0,0.0,emotion,5,1,1.0,400,0.0,1.0,0.0,1.0,5.921,0.366,0.1,0.975,0.0,0.0,0.0,0.0,0.0,0.0,0.025
"[[1, 0], [0, 1]]","[[(0, 1), (0, 0)], [(0, 1), (1, 1)]]",40,1600,1.0,0.01,0.01,0.0,0.4,0.0,0.0,emotion,5,1,1.0,400,0.0,1.0,0.0,1.0,6.052,0.199,0.2,0.925,0.0,0.0,0.025,0.0,0.025,0.0,0.025
"[[1, 0], [0, 1]]","[[(0, 1), (0, 0)], [(0, 1), (1, 1)]]",40,1600,1.0,0.01,0.01,0.0,0.4,0.0,0.0,emotion,5,1,1.0,400,0.0,1.0,0.0,1.0,6.176,0.161,0.35,0.575,0.4,0.0,0.0,0.025,0.0,0.0,0.0
"[[1, 0], [0, 1]]","[[(0, 1), (0, 0)], [(0, 1), (1, 1)]]",40,1600,1.0,0.01,0.01,0.0,0.4,0.0,0.0,emotion,5,1,1.0,400,0.0,1.0,0.0,1.0,5.676,0.082,0.375,0.0,0.95,0.05,0.0,0.0,0.0,0.0,0.0
"[[1, 0], [0, 1]]","[[(0, 1), (0, 0)], [(0, 1), (1, 1)]]",40,1600,1.0,0.01,0.01,0.0,0.4,0.0,0.0,emotion,5,1,1.0,400,0.0,1.0,0.0,1.0,8.388,0.139,0.375,0.0,0.925,0.05,0.0,0.0,0.0,0.025,0.0
"[[1, 0], [0, 1]]","[[(0, 1), (0, 0)], [(0, 1), (1, 1)]]",40,1600,1.0,0.01,0.01,0.0,0.4,0.0,0.0,emotion,5,1,1.0,400,0.0,1.0,0.0,1.0,6.301,0.129,0.5,0.95,0.0,0.0,0.025,0.0,0.0,0.0,0.025
"[[1, 0], [0, 1]]","[[(0, 1), (0, 0)], [(0, 1), (1, 1)]]",40,1600,1.0,0.01,0.01,0.0,0.4,0.0,0.0,emotion,5,1,1.0,400,0.0,1.0,0.0,1.0,5.979,0.135,0.45,0.0,0.925,0.025,0.0,0.05,0.0,0.0,0.0
"[[1, 0], [0, 1]]","[[(0, 1), (0, 0)], [(0, 1), (1, 1)]]",40,1600,1.0,0.01,0.01,0.0,0.4,0.0,0.0,emotion,5,1,1.0,400,0.0,1.0,0.0,1.0,6.385,0.128,0.475,0.0,1.0,0.0,0.0,0.0,0.0,0.0,0.0
"[[1, 0], [0, 1]]","[[(0, 1), (0, 0)], [(0, 1), (1, 1)]]",40,1600,1.0,0.01,0.01,0.0,0.4,0.0,0.0,emotion,5,1,1.0,400,0.0,1.0,0.0,1.0,6.335,0.366,0.3,0.95,0.0,0.0,0.025,0.0,0.0,0.0,0.025
"[[1, 0], [0, 1]]","[[(0, 1), (0, 0)], [(0, 1), (1, 1)]]",40,1600,1.0,0.01,0.01,0.0,0.4,0.0,0.0,emotion,5,1,1.0,400,0.0,1.0,0.0,1.0,19.629,0.161,0.8,0.925,0.0,0.0,0.025,0.0,0.025,0.0,0.025
"[[1, 0], [0, 1]]","[[(0, 1), (0, 0)], [(0, 1), (1, 1)]]",40,1600,1.0,0.01,0.01,0.0,0.4,0.0,0.0,emotion,5,1,1.0,400,0.0,1.0,0.0,1.0,26.206,0.188,0.6,0.75,0.0,0.0,0.0,0.0,0.2,0.0,0.05
"[[1, 0], [0, 1]]","[[(0, 1), (0, 0)], [(0, 1), (1, 1)]]",40,1600,1.0,0.01,0.01,0.0,0.4,0.0,0.0,emotion,5,1,1.0,400,0.0,1.0,0.0,1.0,16.951,0.113,0.4,0.0,0.85,0.1,0.0,0.05,0.0,0.0,0.0
"[[1, 0], [0, 1]]","[[(0, 1), (0, 0)], [(0, 1), (1, 1)]]",40,1600,1.0,0.01,0.01,0.0,0.4,0.0,0.0,emotion,5,1,1.0,400,0.0,1.0,0.0,1.0,52.894,0.775,0.975,0.0,0.0,0.0,0.975,0.025,0.0,0.0,0.0
"[[1, 0], [0, 1]]","[[(0, 1), (0, 0)], [(0, 1), (1, 1)]]",40,1600,1.0,0.01,0.01,0.0,0.4,0.0,0.0,emotion,5,1,1.0,400,0.0,1.0,0.0,1.0,63.391,0.155,0.45,0.0,0.975,0.0,0.0,0.0,0.0,0.025,0.0
"[[1, 0], [0, 1]]","[[(0, 1), (0, 0)], [(0, 1), (1, 1)]]",40,1600,1.0,0.01,0.01,0.0,0.4,0.0,0.0,emotion,5,1,1.0,400,0.0,1.0,0.0,1.0,45.836,0.126,0.475,0.0,1.0,0.0,0.0,0.0,0.0,0.0,0.0
"[[1, 0], [0, 1]]","[[(0, 1), (0, 0)], [(0, 1), (1, 1)]]",40,1600,1.0,0.01,0.01,0.0,0.4,0.0,0.0,emotion,5,1,1.0,400,0.0,1.0,0.0,1.0,85.593,0.691,0.85,0.025,0.0,0.0,0.85,0.05,0.0,0.075,0.0
"[[1, 0], [0, 1]]","[[(0, 1), (0, 0)], [(0, 1), (1, 1)]]",40,1600,1.0,0.01,0.01,0.0,0.6,0.0,0.0,emotion,5,1,1.0,400,0.0,1.0,0.0,0.5,6.254,0.126,0.375,0.0,0.95,0.0,0.0,0.025,0.0,0.025,0.0
"[[1, 0], [0, 1]]","[[(0, 1), (0, 0)], [(0, 1), (1, 1)]]",40,1600,1.0,0.01,0.01,0.0,0.6,0.0,0.0,emotion,5,1,1.0,400,0.0,1.0,0.0,0.5,6.249,0.128,0.425,0.0,0.95,0.0,0.0,0.05,0.0,0.0,0.0
"[[1, 0], [0, 1]]","[[(0, 1), (0, 0)], [(0, 1), (1, 1)]]",40,1600,1.0,0.01,0.01,0.0,0.6,0.0,0.0,emotion,5,1,1.0,400,0.0,1.0,0.0,0.5,6.023,0.106,0.4,0.0,0.975,0.0,0.0,0.0,0.0,0.025,0.0
"[[1, 0], [0, 1]]","[[(0, 1), (0, 0)], [(0, 1), (1, 1)]]",40,1600,1.0,0.01,0.01,0.0,0.6,0.0,0.0,emotion,5,1,1.0,400,0.0,1.0,0.0,0.5,5.934,0.126,0.45,0.875,0.0,0.0,0.0,0.0,0.125,0.0,0.0
"[[1, 0], [0, 1]]","[[(0, 1), (0, 0)], [(0, 1), (1, 1)]]",40,1600,1.0,0.01,0.01,0.0,0.6,0.0,0.0,emotion,5,1,1.0,400,0.0,1.0,0.0,0.5,6.429,0.14,0.475,0.875,0.0,0.025,0.0,0.0,0.1,0.0,0.0
"[[1, 0], [0, 1]]","[[(0, 1), (0, 0)], [(0, 1), (1, 1)]]",40,1600,1.0,0.01,0.01,0.0,0.6,0.0,0.0,emotion,5,1,1.0,400,0.0,1.0,0.0,0.5,5.551,0.145,0.525,0.95,0.0,0.0,0.0,0.025,0.025,0.0,0.0
"[[1, 0], [0, 1]]","[[(0, 1), (0, 0)], [(0, 1), (1, 1)]]",40,1600,1.0,0.01,0.01,0.0,0.6,0.0,0.0,emotion,5,1,1.0,400,0.0,1.0,0.0,0.5,6.199,0.13,0.425,0.0,0.825,0.175,0.0,0.0,0.0,0.0,0.0
"[[1, 0], [0, 1]]","[[(0, 1), (0, 0)], [(0, 1), (1, 1)]]",40,1600,1.0,0.01,0.01,0.0,0.6,0.0,0.0,emotion,5,1,1.0,400,0.0,1.0,0.0,0.5,5.827,0.146,0.35,0.875,0.0,0.0,0.025,0.0,0.075,0.0,0.025
"[[1, 0], [0, 1]]","[[(0, 1), (0, 0)], [(0, 1), (1, 1)]]",40,1600,1.0,0.01,0.01,0.0,0.6,0.0,0.0,emotion,5,1,1.0,400,0.0,1.0,0.0,0.5,5.923,0.106,0.4,0.0,0.975,0.025,0.0,0.0,0.0,0.0,0.0
"[[1, 0], [0, 1]]","[[(0, 1), (0, 0)], [(0, 1), (1, 1)]]",40,1600,1.0,0.01,0.01,0.0,0.6,0.0,0.0,emotion,5,1,1.0,400,0.0,1.0,0.0,0.5,5.726,0.139,0.55,0.0,0.925,0.075,0.0,0.0,0.0,0.0,0.0
"[[1, 0], [0, 1]]","[[(0, 1), (0, 0)], [(0, 1), (1, 1)]]",40,1600,1.0,0.01,0.01,0.0,0.6,0.0,0.0,emotion,5,1,1.0,400,0.0,1.0,0.0,0.5,6.525,0.145,0.225,0.975,0.0,0.0,0.0,0.0,0.025,0.0,0.0
"[[1, 0], [0, 1]]","[[(0, 1), (0, 0)], [(0, 1), (1, 1)]]",40,1600,1.0,0.01,0.01,0.0,0.6,0.0,0.0,emotion,5,1,1.0,400,0.0,1.0,0.0,0.5,6.009,0.123,0.425,1.0,0.0,0.0,0.0,0.0,0.0,0.0,0.0
"[[1, 0], [0, 1]]","[[(0, 1), (0, 0)], [(0, 1), (1, 1)]]",40,1600,1.0,0.01,0.01,0.0,0.6,0.0,0.0,emotion,5,1,1.0,400,0.0,1.0,0.0,0.5,6.186,0.12,0.4,0.0,0.975,0.025,0.0,0.0,0.0,0.0,0.0
"[[1, 0], [0, 1]]","[[(0, 1), (0, 0)], [(0, 1), (1, 1)]]",40,1600,1.0,0.01,0.01,0.0,0.6,0.0,0.0,emotion,5,1,1.0,400,0.0,1.0,0.0,0.5,6.135,0.223,0.225,0.85,0.0,0.0,0.1,0.0,0.025,0.0,0.025
"[[1, 0], [0, 1]]","[[(0, 1), (0, 0)], [(0, 1), (1, 1)]]",40,1600,1.0,0.01,0.01,0.0,0.6,0.0,0.0,emotion,5,1,1.0,400,0.0,1.0,0.0,0.5,6.238,0.14,0.35,1.0,0.0,0.0,0.0,0.0,0.0,0.0,0.0
"[[1, 0], [0, 1]]","[[(0, 1), (0, 0)], [(0, 1), (1, 1)]]",40,1600,1.0,0.01,0.01,0.0,0.6,0.0,0.0,emotion,5,1,1.0,400,0.0,1.0,0.0,0.5,6.436,0.281,0.3,0.85,0.0,0.0,0.0,0.05,0.0,0.0,0.1
"[[1, 0], [0, 1]]","[[(0, 1), (0, 0)], [(0, 1), (1, 1)]]",40,1600,1.0,0.01,0.01,0.0,0.6,0.0,0.0,emotion,5,1,1.0,400,0.0,1.0,0.0,0.5,6.497,0.16,0.45,0.0,0.85,0.05,0.05,0.05,0.0,0.0,0.0
"[[1, 0], [0, 1]]","[[(0, 1), (0, 0)], [(0, 1), (1, 1)]]",40,1600,1.0,0.01,0.01,0.0,0.6,0.0,0.0,emotion,5,1,1.0,400,0.0,1.0,0.0,0.5,6.111,0.114,0.4,0.0,0.975,0.0,0.0,0.025,0.0,0.0,0.0
"[[1, 0], [0, 1]]","[[(0, 1), (0, 0)], [(0, 1), (1, 1)]]",40,1600,1.0,0.01,0.01,0.0,0.6,0.0,0.0,emotion,5,1,1.0,400,0.0,1.0,0.0,0.5,5.742,0.121,0.275,0.0,1.0,0.0,0.0,0.0,0.0,0.0,0.0
"[[1, 0], [0, 1]]","[[(0, 1), (0, 0)], [(0, 1), (1, 1)]]",40,1600,1.0,0.01,0.01,0.0,0.6,0.0,0.0,emotion,5,1,1.0,400,0.0,1.0,0.0,0.5,27.172,0.155,0.425,0.875,0.0,0.0,0.025,0.0,0.05,0.0,0.05
"[[1, 0], [0, 1]]","[[(0, 1), (0, 0)], [(0, 1), (1, 1)]]",40,1600,1.0,0.01,0.01,0.0,0.6,0.0,0.0,emotion,5,1,1.0,400,0.0,1.0,0.0,1.0,5.909,0.12,0.625,0.0,0.95,0.0,0.025,0.025,0.0,0.0,0.0
"[[1, 0], [0, 1]]","[[(0, 1), (0, 0)], [(0, 1), (1, 1)]]",40,1600,1.0,0.01,0.01,0.0,0.6,0.0,0.0,emotion,5,1,1.0,400,0.0,1.0,0.0,1.0,5.551,0.121,0.5,0.0,0.825,0.175,0.0,0.0,0.0,0.0,0.0
"[[1, 0], [0, 1]]","[[(0, 1), (0, 0)], [(0, 1), (1, 1)]]",40,1600,1.0,0.01,0.01,0.0,0.6,0.0,0.0,emotion,5,1,1.0,400,0.0,1.0,0.0,1.0,5.728,0.124,0.575,0.0,0.8,0.1,0.075,0.0,0.0,0.025,0.0
"[[1, 0], [0, 1]]","[[(0, 1), (0, 0)], [(0, 1), (1, 1)]]",40,1600,1.0,0.01,0.01,0.0,0.6,0.0,0.0,emotion,5,1,1.0,400,0.0,1.0,0.0,1.0,5.627,0.269,0.4,0.725,0.0,0.0,0.2,0.0,0.05,0.0,0.025
"[[1, 0], [0, 1]]","[[(0, 1), (0, 0)], [(0, 1), (1, 1)]]",40,1600,1.0,0.01,0.01,0.0,0.6,0.0,0.0,emotion,5,1,1.0,400,0.0,1.0,0.0,1.0,6.448,0.192,0.275,0.9,0.0,0.0,0.05,0.0,0.025,0.0,0.025
"[[1, 0], [0, 1]]","[[(0, 1), (0, 0)], [(0, 1), (1, 1)]]",40,1600,1.0,0.01,0.01,0.0,0.6,0.0,0.0,emotion,5,1,1.0,400,0.0,1.0,0.0,1.0,6.563,0.116,0.425,0.0,0.975,0.025,0.0,0.0,0.0,0.0,0.0
"[[1, 0], [0, 1]]","[[(0, 1), (0, 0)], [(0, 1), (1, 1)]]",40,1600,1.0,0.01,0.01,0.0,0.6,0.0,0.0,emotion,5,1,1.0,400,0.0,1.0,0.0,1.0,5.96,0.188,0.55,0.0,0.8,0.2,0.0,0.0,0.0,0.0,0.0
"[[1, 0], [0, 1]]","[[(0, 1), (0, 0)], [(0, 1), (1, 1)]]",40,1600,1.0,0.01,0.01,0.0,0.6,0.0,0.0,emotion,5,1,1.0,400,0.0,1.0,0.0,1.0,5.911,0.131,0.55,0.0,0.9,0.0,0.0,0.05,0.0,0.05,0.0
"[[1, 0], [0, 1]]","[[(0, 1), (0, 0)], [(0, 1), (1, 1)]]",40,1600,1.0,0.01,0.01,0.0,0.6,0.0,0.0,emotion,5,1,1.0,400,0.0,1.0,0.0,1.0,6.41,0.135,0.475,0.0,0.825,0.15,0.0,0.0,0.0,0.025,0.0
"[[1, 0], [0, 1]]","[[(0, 1), (0, 0)], [(0, 1), (1, 1)]]",40,1600,1.0,0.01,0.01,0.0,0.6,0.0,0.0,emotion,5,1,1.0,400,0.0,1.0,0.0,1.0,10.507,0.903,1.0,0.0,0.0,0.0,0.775,0.0,0.0,0.225,0.0
"[[1, 0], [0, 1]]","[[(0, 1), (0, 0)], [(0, 1), (1, 1)]]",40,1600,1.0,0.01,0.01,0.0,0.6,0.0,0.0,emotion,5,1,1.0,400,0.0,1.0,0.0,1.0,15.695,0.907,0.95,0.0,0.0,0.0,0.975,0.025,0.0,0.0,0.0
"[[1, 0], [0, 1]]","[[(0, 1), (0, 0)], [(0, 1), (1, 1)]]",40,1600,1.0,0.01,0.01,0.0,0.6,0.0,0.0,emotion,5,1,1.0,400,0.0,1.0,0.0,1.0,6.227,0.148,0.5,0.0,0.875,0.05,0.0,0.075,0.0,0.0,0.0
"[[1, 0], [0, 1]]","[[(0, 1), (0, 0)], [(0, 1), (1, 1)]]",40,1600,1.0,0.01,0.01,0.0,0.6,0.0,0.0,emotion,5,1,1.0,400,0.0,1.0,0.0,1.0,15.651,0.821,0.875,0.025,0.0,0.0,0.95,0.0,0.0,0.025,0.0
"[[1, 0], [0, 1]]","[[(0, 1), (0, 0)], [(0, 1), (1, 1)]]",40,1600,1.0,0.01,0.01,0.0,0.6,0.0,0.0,emotion,5,1,1.0,400,0.0,1.0,0.0,1.0,16.272,0.15,0.375,0.925,0.0,0.0,0.05,0.0,0.0,0.0,0.025
"[[1, 0], [0, 1]]","[[(0, 1), (0, 0)], [(0, 1), (1, 1)]]",40,1600,1.0,0.01,0.01,0.0,0.6,0.0,0.0,emotion,5,1,1.0,400,0.0,1.0,0.0,1.0,61.473,0.854,1.0,0.0,0.0,0.0,0.775,0.0,0.0,0.225,0.0
"[[1, 0], [0, 1]]","[[(0, 1), (0, 0)], [(0, 1), (1, 1)]]",40,1600,1.0,0.01,0.01,0.0,0.6,0.0,0.0,emotion,5,1,1.0,400,0.0,1.0,0.0,1.0,84.416,0.98,0.975,0.025,0.0,0.0,0.925,0.0,0.0,0.05,0.0
"[[1, 0], [0, 1]]","[[(0, 1), (0, 0)], [(0, 1), (1, 1)]]",40,1600,1.0,0.01,0.01,0.0,0.6,0.0,0.0,emotion,5,1,1.0,400,0.0,1.0,0.0,1.0,88.852,0.929,0.975,0.0,0.0,0.0,0.925,0.0,0.0,0.075,0.0
"[[1, 0], [0, 1]]","[[(0, 1), (0, 0)], [(0, 1), (1, 1)]]",40,1600,1.0,0.01,0.01,0.0,0.6,0.0,0.0,emotion,5,1,1.0,400,0.0,1.0,0.0,1.0,88.575,0.691,0.925,0.0,0.0,0.0,0.5,0.0,0.025,0.475,0.0
"[[1, 0], [0, 1]]","[[(0, 1), (0, 0)], [(0, 1), (1, 1)]]",40,1600,1.0,0.01,0.01,0.0,0.6,0.0,0.0,emotion,5,1,1.0,400,0.0,1.0,0.0,1.0,88.511,0.786,0.95,0.0,0.0,0.0,0.725,0.0,0.0,0.275,0.0
"[[1, 0], [0, 1]]","[[(0, 1), (0, 0)], [(0, 1), (1, 1)]]",40,1600,1.0,0.01,0.01,0.0,0.6,0.0,0.0,emotion,5,1,1.0,400,0.0,1.0,0.0,1.0,88.474,0.863,0.875,0.025,0.0,0.0,0.925,0.0,0.0,0.05,0.0
"[[1, 0], [0, 1]]","[[(0, 1), (0, 0)], [(0, 1), (1, 1)]]",40,1600,1.0,0.01,0.01,0.0,0.8,0.0,0.0,emotion,5,1,1.0,400,0.0,1.0,0.0,0.5,6.206,0.106,0.425,0.0,0.975,0.025,0.0,0.0,0.0,0.0,0.0
"[[1, 0], [0, 1]]","[[(0, 1), (0, 0)], [(0, 1), (1, 1)]]",40,1600,1.0,0.01,0.01,0.0,0.8,0.0,0.0,emotion,5,1,1.0,400,0.0,1.0,0.0,0.5,6.086,0.15,0.375,0.0,0.925,0.0,0.0,0.025,0.0,0.05,0.0
"[[1, 0], [0, 1]]","[[(0, 1), (0, 0)], [(0, 1), (1, 1)]]",40,1600,1.0,0.01,0.01,0.0,0.8,0.0,0.0,emotion,5,1,1.0,400,0.0,1.0,0.0,0.5,6.282,0.193,0.45,0.0,0.65,0.15,0.0,0.05,0.125,0.025,0.0
"[[1, 0], [0, 1]]","[[(0, 1), (0, 0)], [(0, 1), (1, 1)]]",40,1600,1.0,0.01,0.01,0.0,0.8,0.0,0.0,emotion,5,1,1.0,400,0.0,1.0,0.0,0.5,6.481,0.134,0.475,0.0,0.975,0.0,0.0,0.0,0.0,0.025,0.0
"[[1, 0], [0, 1]]","[[(0, 1), (0, 0)], [(0, 1), (1, 1)]]",40,1600,1.0,0.01,0.01,0.0,0.8,0.0,0.0,emotion,5,1,1.0,400,0.0,1.0,0.0,0.5,6.315,0.117,0.4,0.0,0.975,0.0,0.0,0.0,0.0,0.025,0.0
"[[1, 0], [0, 1]]","[[(0, 1), (0, 0)], [(0, 1), (1, 1)]]",40,1600,1.0,0.01,0.01,0.0,0.8,0.0,0.0,emotion,5,1,1.0,400,0.0,1.0,0.0,0.5,5.78,0.263,0.275,0.85,0.0,0.125,0.025,0.0,0.0,0.0,0.0
"[[1, 0], [0, 1]]","[[(0, 1), (0, 0)], [(0, 1), (1, 1)]]",40,1600,1.0,0.01,0.01,0.0,0.8,0.0,0.0,emotion,5,1,1.0,400,0.0,1.0,0.0,0.5,6.051,0.326,0.275,0.9,0.0,0.0,0.0,0.0,0.05,0.0,0.05
"[[1, 0], [0, 1]]","[[(0, 1), (0, 0)], [(0, 1), (1, 1)]]",40,1600,1.0,0.01,0.01,0.0,0.8,0.0,0.0,emotion,5,1,1.0,400,0.0,1.0,0.0,0.5,5.811,0.144,0.425,0.925,0.0,0.0,0.0,0.0,0.0,0.0,0.075
"[[1, 0], [0, 1]]","[[(0, 1), (0, 0)], [(0, 1), (1, 1)]]",40,1600,1.0,0.01,0.01,0.0,0.8,0.0,0.0,emotion,5,1,1.0,400,0.0,1.0,0.0,0.5,6.292,0.13,0.475,0.0,1.0,0.0,0.0,0.0,0.0,0.0,0.0
"[[1, 0], [0, 1]]","[[(0, 1), (0, 0)], [(0, 1), (1, 1)]]",40,1600,1.0,0.01,0.01,0.0,0.8,0.0,0.0,emotion,5,1,1.0,400,0.0,1.0,0.0,0.5,5.995,0.153,0.65,0.925,0.0,0.0,0.025,0.0,0.0,0.0,0.05
"[[1, 0], [0, 1]]","[[(0, 1), (0, 0)], [(0, 1), (1, 1)]]",40,1600,1.0,0.01,0.01,0.0,0.8,0.0,0.0,emotion,5,1,1.0,400,0.0,1.0,0.0,0.5,6.198,0.106,0.475,0.0,1.0,0.0,0.0,0.0,0.0,0.0,0.0
"[[1, 0], [0, 1]]","[[(0, 1), (0, 0)], [(0, 1), (1, 1)]]",40,1600,1.0,0.01,0.01,0.0,0.8,0.0,0.0,emotion,5,1,1.0,400,0.0,1.0,0.0,0.5,6.145,0.336,0.275,0.7,0.0,0.0,0.15,0.0,0.125,0.0,0.025
"[[1, 0], [0, 1]]","[[(0, 1), (0, 0)], [(0, 1), (1, 1)]]",40,1600,1.0,0.01,0.01,0.0,0.8,0.0,0.0,emotion,5,1,1.0,400,0.0,1.0,0.0,0.5,6.088,0.159,0.675,0.95,0.0,0.0,0.0,0.0,0.0,0.0,0.05
"[[1, 0], [0, 1]]","[[(0, 1), (0, 0)], [(0, 1), (1, 1)]]",40,1600,1.0,0.01,0.01,0.0,0.8,0.0,0.0,emotion,5,1,1.0,400,0.0,1.0,0.0,0.5,10.117,0.682,0.825,0.0,0.0,0.0,0.925,0.075,0.0,0.0,0.0
"[[1, 0], [0, 1]]","[[(0, 1), (0, 0)], [(0, 1), (1, 1)]]",40,1600,1.0,0.01,0.01,0.0,0.8,0.0,0.0,emotion,5,1,1.0,400,0.0,1.0,0.0,0.5,6.016,0.17,0.475,0.0,0.975,0.0,0.0,0.025,0.0,0.0,0.0
"[[1, 0], [0, 1]]","[[(0, 1), (0, 0)], [(0, 1), (1, 1)]]",40,1600,1.0,0.01,0.01,0.0,0.8,0.0,0.0,emotion,5,1,1.0,400,0.0,1.0,0.0,0.5,8.915,0.128,0.45,0.0,0.95,0.025,0.0,0.025,0.0,0.0,0.0
"[[1, 0], [0, 1]]","[[(0, 1), (0, 0)], [(0, 1), (1, 1)]]",40,1600,1.0,0.01,0.01,0.0,0.8,0.0,0.0,emotion,5,1,1.0,400,0.0,1.0,0.0,0.5,5.953,0.174,0.475,0.8,0.0,0.0,0.05,0.0,0.075,0.0,0.075
"[[1, 0], [0, 1]]","[[(0, 1), (0, 0)], [(0, 1), (1, 1)]]",40,1600,1.0,0.01,0.01,0.0,0.8,0.0,0.0,emotion,5,1,1.0,400,0.0,1.0,0.0,0.5,5.76,0.124,0.525,0.0,0.95,0.025,0.0,0.025,0.0,0.0,0.0
"[[1, 0], [0, 1]]","[[(0, 1), (0, 0)], [(0, 1), (1, 1)]]",40,1600,1.0,0.01,0.01,0.0,0.8,0.0,0.0,emotion,5,1,1.0,400,0.0,1.0,0.0,0.5,6.32,0.123,0.5,0.0,0.9,0.1,0.0,0.0,0.0,0.0,0.0
"[[1, 0], [0, 1]]","[[(0, 1), (0, 0)], [(0, 1), (1, 1)]]",40,1600,1.0,0.01,0.01,0.0,0.8,0.0,0.0,emotion,5,1,1.0,400,0.0,1.0,0.0,0.5,44.272,0.674,0.825,0.05,0.0,0.0,0.825,0.0,0.025,0.1,0.0
"[[1, 0], [0, 1]]","[[(0, 1), (0, 0)], [(0, 1), (1, 1)]]",40,1600,1.0,0.01,0.01,0.0,0.8,0.0,0.0,emotion,5,1,1.0,400,0.0,1.0,0.0,1.0,5.959,0.182,0.725,0.95,0.0,0.025,0.0,0.0,0.0,0.0,0.025
"[[1, 0], [0, 1]]","[[(0, 1), (0, 0)], [(0, 1), (1, 1)]]",40,1600,1.0,0.01,0.01,0.0,0.8,0.0,0.0,emotion,5,1,1.0,400,0.0,1.0,0.0,1.0,6.161,0.175,0.375,0.0,0.875,0.025,0.0,0.1,0.0,0.0,0.0
"[[1, 0], [0, 1]]","[[(0, 1), (0, 0)], [(0, 1), (1, 1)]]",40,1600,1.0,0.01,0.01,0.0,0.8,0.0,0.0,emotion,5,1,1.0,400,0.0,1.0,0.0,1.0,6.188,0.118,0.45,0.0,1.0,0.0,0.0,0.0,0.0,0.0,0.0
"[[1, 0], [0, 1]]","[[(0, 1), (0, 0)], [(0, 1), (1, 1)]]",40,1600,1.0,0.01,0.01,0.0,0.8,0.0,0.0,emotion,5,1,1.0,400,0.0,1.0,0.0,1.0,6.227,0.383,0.775,0.95,0.0,0.0,0.025,0.0,0.0,0.0,0.025
"[[1, 0], [0, 1]]","[[(0, 1), (0, 0)], [(0, 1), (1, 1)]]",40,1600,1.0,0.01,0.01,0.0,0.8,0.0,0.0,emotion,5,1,1.0,400,0.0,1.0,0.0,1.0,5.984,0.096,0.325,0.0,0.975,0.025,0.0,0.0,0.0,0.0,0.0
"[[1, 0], [0, 1]]","[[(0, 1), (0, 0)], [(0, 1), (1, 1)]]",40,1600,1.0,0.01,0.01,0.0,0.8,0.0,0.0,emotion,5,1,1.0,400,0.0,1.0,0.0,1.0,16.711,0.896,0.05,0.075,0.0,0.0,0.025,0.9,0.0,0.0,0.0
"[[1, 0], [0, 1]]","[[(0, 1), (0, 0)], [(0, 1), (1, 1)]]",40,1600,1.0,0.01,0.01,0.0,0.8,0.0,0.0,emotion,5,1,1.0,400,0.0,1.0,0.0,1.0,13.85,0.955,0.125,0.0,0.025,0.0,0.05,0.925,0.0,0.0,0.0
"[[1, 0], [0, 1]]","[[(0, 1), (0, 0)], [(0, 1), (1, 1)]]",40,1600,1.0,0.01,0.01,0.0,0.8,0.0,0.0,emotion,5,1,1.0,400,0.0,1.0,0.0,1.0,39.188,0.92,0.9,0.0,0.0,0.0,1.0,0.0,0.0,0.0,0.0
"[[1, 0], [0, 1]]","[[(0, 1), (0, 0)], [(0, 1), (1, 1)]]",40,1600,1.0,0.01,0.01,0.0,0.8,0.0,0.0,emotion,5,1,1.0,400,0.0,1.0,0.0,1.0,35.596,0.131,0.4,0.0,1.0,0.0,0.0,0.0,0.0,0.0,0.0
"[[1, 0], [0, 1]]","[[(0, 1), (0, 0)], [(0, 1), (1, 1)]]",40,1600,1.0,0.01,0.01,0.0,0.8,0.0,0.0,emotion,5,1,1.0,400,0.0,1.0,0.0,1.0,46.737,0.849,0.85,0.025,0.0,0.0,0.95,0.0,0.0,0.025,0.0
"[[1, 0], [0, 1]]","[[(0, 1), (0, 0)], [(0, 1), (1, 1)]]",40,1600,1.0,0.01,0.01,0.0,0.8,0.0,0.0,emotion,5,1,1.0,400,0.0,1.0,0.0,1.0,25.202,0.959,0.0,0.0,0.0,0.0,0.0,0.975,0.0,0.0,0.025
"[[1, 0], [0, 1]]","[[(0, 1), (0, 0)], [(0, 1), (1, 1)]]",40,1600,1.0,0.01,0.01,0.0,0.8,0.0,0.0,emotion,5,1,1.0,400,0.0,1.0,0.0,1.0,28.507,0.115,0.425,0.0,1.0,0.0,0.0,0.0,0.0,0.0,0.0
"[[1, 0], [0, 1]]","[[(0, 1), (0, 0)], [(0, 1), (1, 1)]]",40,1600,1.0,0.01,0.01,0.0,0.8,0.0,0.0,emotion,5,1,1.0,400,0.0,1.0,0.0,1.0,52.166,0.971,0.075,0.0,0.025,0.0,0.05,0.925,0.0,0.0,0.0
"[[1, 0], [0, 1]]","[[(0, 1), (0, 0)], [(0, 1), (1, 1)]]",40,1600,1.0,0.01,0.01,0.0,0.8,0.0,0.0,emotion,5,1,1.0,400,0.0,1.0,0.0,1.0,44.786,0.971,0.975,0.0,0.0,0.0,0.65,0.0,0.0,0.35,0.0
"[[1, 0], [0, 1]]","[[(0, 1), (0, 0)], [(0, 1), (1, 1)]]",40,1600,1.0,0.01,0.01,0.0,0.8,0.0,0.0,emotion,5,1,1.0,400,0.0,1.0,0.0,1.0,78.561,0.946,0.925,0.025,0.0,0.0,0.975,0.0,0.0,0.0,0.0
"[[1, 0], [0, 1]]","[[(0, 1), (0, 0)], [(0, 1), (1, 1)]]",40,1600,1.0,0.01,0.01,0.0,0.8,0.0,0.0,emotion,5,1,1.0,400,0.0,1.0,0.0,1.0,72.667,0.951,0.95,0.0,0.0,0.0,0.975,0.0,0.0,0.025,0.0
"[[1, 0], [0, 1]]","[[(0, 1), (0, 0)], [(0, 1), (1, 1)]]",40,1600,1.0,0.01,0.01,0.0,0.8,0.0,0.0,emotion,5,1,1.0,400,0.0,1.0,0.0,1.0,90.668,0.935,0.925,0.025,0.0,0.0,0.975,0.0,0.0,0.0,0.0
"[[1, 0], [0, 1]]","[[(0, 1), (0, 0)], [(0, 1), (1, 1)]]",40,1600,1.0,0.01,0.01,0.0,0.8,0.0,0.0,emotion,5,1,1.0,400,0.0,1.0,0.0,1.0,90.828,0.911,0.9,0.0,0.0,0.0,0.9,0.025,0.0,0.075,0.0
"[[1, 0], [0, 1]]","[[(0, 1), (0, 0)], [(0, 1), (1, 1)]]",40,1600,1.0,0.01,0.01,0.0,0.8,0.0,0.0,emotion,5,1,1.0,400,0.0,1.0,0.0,1.0,91.127,0.995,0.975,0.025,0.0,0.0,0.95,0.025,0.0,0.0,0.0
"[[1, 0], [0, 1]]","[[(0, 1), (0, 0)], [(0, 1), (1, 1)]]",40,1600,1.0,0.01,0.01,0.0,0.8,0.0,0.0,emotion,5,1,1.0,400,0.0,1.0,0.0,1.0,90.882,0.915,0.9,0.05,0.0,0.0,0.675,0.025,0.0,0.25,0.0
"[[1, 0], [0, 1]]","[[(1, 1), (0, 1)], [(0, 1), (0, 1)]]",40,1600,1.0,0.01,0.01,0.0,0.4,0.0,0.0,emotion,5,1,1.0,400,0.0,1.0,0.0,0.5,5.604,0.11,0.4,0.0,0.85,0.0,0.0,0.125,0.0,0.025,0.0
"[[1, 0], [0, 1]]","[[(1, 1), (0, 1)], [(0, 1), (0, 1)]]",40,1600,1.0,0.01,0.01,0.0,0.4,0.0,0.0,emotion,5,1,1.0,400,0.0,1.0,0.0,0.5,6.006,0.11,0.3,0.975,0.0,0.0,0.025,0.0,0.0,0.0,0.0
"[[1, 0], [0, 1]]","[[(1, 1), (0, 1)], [(0, 1), (0, 1)]]",40,1600,1.0,0.01,0.01,0.0,0.4,0.0,0.0,emotion,5,1,1.0,400,0.0,1.0,0.0,0.5,6.063,0.141,0.6,0.0,0.85,0.0,0.0,0.125,0.0,0.025,0.0
"[[1, 0], [0, 1]]","[[(1, 1), (0, 1)], [(0, 1), (0, 1)]]",40,1600,1.0,0.01,0.01,0.0,0.4,0.0,0.0,emotion,5,1,1.0,400,0.0,1.0,0.0,0.5,5.901,0.119,0.4,0.0,0.975,0.0,0.025,0.0,0.0,0.0,0.0
"[[1, 0], [0, 1]]","[[(1, 1), (0, 1)], [(0, 1), (0, 1)]]",40,1600,1.0,0.01,0.01,0.0,0.4,0.0,0.0,emotion,5,1,1.0,400,0.0,1.0,0.0,0.5,6.01,0.126,0.425,0.0,0.9,0.05,0.0,0.05,0.0,0.0,0.0
"[[1, 0], [0, 1]]","[[(1, 1), (0, 1)], [(0, 1), (0, 1)]]",40,1600,1.0,0.01,0.01,0.0,0.4,0.0,0.0,emotion,5,1,1.0,400,0.0,1.0,0.0,0.5,5.879,0.154,0.575,0.0,0.775,0.05,0.0,0.1,0.025,0.05,0.0
"[[1, 0], [0, 1]]","[[(1, 1), (0, 1)], [(0, 1), (0, 1)]]",40,1600,1.0,0.01,0.01,0.0,0.4,0.0,0.0,emotion,5,1,1.0,400,0.0,1.0,0.0,0.5,6.166,0.151,0.55,0.0,1.0,0.0,0.0,0.0,0.0,0.0,0.0
"[[1, 0], [0, 1]]","[[(1, 1), (0, 1)], [(0, 1), (0, 1)]]",40,1600,1.0,0.01,0.01,0.0,0.4,0.0,0.0,emotion,5,1,1.0,400,0.0,1.0,0.0,0.5,6.373,0.126,0.35,0.0,0.925,0.0,0.0,0.025,0.0,0.05,0.0
"[[1, 0], [0, 1]]","[[(1, 1), (0, 1)], [(0, 1), (0, 1)]]",40,1600,1.0,0.01,0.01,0.0,0.4,0.0,0.0,emotion,5,1,1.0,400,0.0,1.0,0.0,0.5,6.567,0.173,0.475,0.0,0.875,0.05,0.0,0.075,0.0,0.0,0.0
"[[1, 0], [0, 1]]","[[(1, 1), (0, 1)], [(0, 1), (0, 1)]]",40,1600,1.0,0.01,0.01,0.0,0.4,0.0,0.0,emotion,5,1,1.0,400,0.0,1.0,0.0,0.5,6.517,0.196,0.475,0.525,0.0,0.0,0.475,0.0,0.0,0.0,0.0
"[[1, 0], [0, 1]]","[[(1, 1), (0, 1)], [(0, 1), (0, 1)]]",40,1600,1.0,0.01,0.01,0.0,0.4,0.0,0.0,emotion,5,1,1.0,400,0.0,1.0,0.0,0.5,5.865,0.151,0.4,0.0,0.9,0.075,0.0,0.025,0.0,0.0,0.0
"[[1, 0], [0, 1]]","[[(1, 1), (0, 1)], [(0, 1), (0, 1)]]",40,1600,1.0,0.01,0.01,0.0,0.4,0.0,0.0,emotion,5,1,1.0,400,0.0,1.0,0.0,0.5,5.979,0.098,0.35,0.925,0.0,0.0,0.0,0.0,0.075,0.0,0.0
"[[1, 0], [0, 1]]","[[(1, 1), (0, 1)], [(0, 1), (0, 1)]]",40,1600,1.0,0.01,0.01,0.0,0.4,0.0,0.0,emotion,5,1,1.0,400,0.0,1.0,0.0,0.5,6.12,0.117,0.525,0.975,0.0,0.0,0.0,0.0,0.0,0.0,0.025
"[[1, 0], [0, 1]]","[[(1, 1), (0, 1)], [(0, 1), (0, 1)]]",40,1600,1.0,0.01,0.01,0.0,0.4,0.0,0.0,emotion,5,1,1.0,400,0.0,1.0,0.0,0.5,5.942,0.181,0.375,0.0,0.725,0.25,0.0,0.025,0.0,0.0,0.0
"[[1, 0], [0, 1]]","[[(1, 1), (0, 1)], [(0, 1), (0, 1)]]",40,1600,1.0,0.01,0.01,0.0,0.4,0.0,0.0,emotion,5,1,1.0,400,0.0,1.0,0.0,0.5,6.169,0.119,0.3,0.925,0.0,0.0,0.075,0.0,0.0,0.0,0.0
"[[1, 0], [0, 1]]","[[(1, 1), (0, 1)], [(0, 1), (0, 1)]]",40,1600,1.0,0.01,0.01,0.0,0.4,0.0,0.0,emotion,5,1,1.0,400,0.0,1.0,0.0,0.5,5.883,0.145,0.65,0.0,0.975,0.0,0.0,0.025,0.0,0.0,0.0
"[[1, 0], [0, 1]]","[[(1, 1), (0, 1)], [(0, 1), (0, 1)]]",40,1600,1.0,0.01,0.01,0.0,0.4,0.0,0.0,emotion,5,1,1.0,400,0.0,1.0,0.0,0.5,6.383,0.175,0.35,0.95,0.0,0.0,0.0,0.0,0.025,0.0,0.025
"[[1, 0], [0, 1]]","[[(1, 1), (0, 1)], [(0, 1), (0, 1)]]",40,1600,1.0,0.01,0.01,0.0,0.4,0.0,0.0,emotion,5,1,1.0,400,0.0,1.0,0.0,0.5,6.052,0.107,0.375,0.0,0.975,0.0,0.0,0.025,0.0,0.0,0.0
"[[1, 0], [0, 1]]","[[(1, 1), (0, 1)], [(0, 1), (0, 1)]]",40,1600,1.0,0.01,0.01,0.0,0.4,0.0,0.0,emotion,5,1,1.0,400,0.0,1.0,0.0,0.5,6.005,0.146,0.375,0.0,0.95,0.0,0.0,0.0,0.0,0.05,0.0
"[[1, 0], [0, 1]]","[[(1, 1), (0, 1)], [(0, 1), (0, 1)]]",40,1600,1.0,0.01,0.01,0.0,0.4,0.0,0.0,emotion,5,1,1.0,400,0.0,1.0,0.0,0.5,28.698,0.135,0.425,0.0,0.975,0.025,0.0,0.0,0.0,0.0,0.0
"[[1, 0], [0, 1]]","[[(1, 1), (0, 1)], [(0, 1), (0, 1)]]",40,1600,1.0,0.01,0.01,0.0,0.4,0.0,0.0,emotion,5,1,1.0,400,0.0,1.0,0.0,1.0,6.486,0.401,0.85,0.0,0.875,0.05,0.0,0.025,0.0,0.05,0.0
"[[1, 0], [0, 1]]","[[(1, 1), (0, 1)], [(0, 1), (0, 1)]]",40,1600,1.0,0.01,0.01,0.0,0.4,0.0,0.0,emotion,5,1,1.0,400,0.0,1.0,0.0,1.0,5.99,0.186,0.2,0.0,0.85,0.125,0.0,0.0,0.0,0.025,0.0
"[[1, 0], [0, 1]]","[[(1, 1), (0, 1)], [(0, 1), (0, 1)]]",40,1600,1.0,0.01,0.01,0.0,0.4,0.0,0.0,emotion,5,1,1.0,400,0.0,1.0,0.0,1.0,5.982,0.109,0.35,0.0,0.95,0.0,0.0,0.05,0.0,0.0,0.0
"[[1, 0], [0, 1]]","[[(1, 1), (0, 1)], [(0, 1), (0, 1)]]",40,1600,1.0,0.01,0.01,0.0,0.4,0.0,0.0,emotion,5,1,1.0,400,0.0,1.0,0.0,1.0,6.033,0.124,0.5,1.0,0.0,0.0,0.0,0.0,0.0,0.0,0.0
"[[1, 0], [0, 1]]","[[(1, 1), (0, 1)], [(0, 1), (0, 1)]]",40,1600,1.0,0.01,0.01,0.0,0.4,0.0,0.0,emotion,5,1,1.0,400,0.0,1.0,0.0,1.0,5.962,0.158,0.1,0.0,0.825,0.0,0.0,0.175,0.0,0.0,0.0
"[[1, 0], [0, 1]]","[[(1, 1), (0, 1)], [(0, 1), (0, 1)]]",40,1600,1.0,0.01,0.01,0.0,0.4,0.0,0.0,emotion,5,1,1.0,400,0.0,1.0,0.0,1.0,5.93,0.216,0.3,0.0,0.875,0.125,0.0,0.0,0.0,0.0,0.0
"[[1, 0], [0, 1]]","[[(1, 1), (0, 1)], [(0, 1), (0, 1)]]",40,1600,1.0,0.01,0.01,0.0,0.4,0.0,0.0,emotion,5,1,1.0,400,0.0,1.0,0.0,1.0,5.866,0.134,0.5,1.0,0.0,0.0,0.0,0.0,0.0,0.0,0.0
"[[1, 0], [0, 1]]","[[(1, 1), (0, 1)], [(0, 1), (0, 1)]]",40,1600,1.0,0.01,0.01,0.0,0.4,0.0,0.0,emotion,5,1,1.0,400,0.0,1.0,0.0,1.0,5.933,0.121,0.325,0.0,0.95,0.0,0.0,0.05,0.0,0.0,0.0
"[[1, 0], [0, 1]]","[[(1, 1), (0, 1)], [(0, 1), (0, 1)]]",40,1600,1.0,0.01,0.01,0.0,0.4,0.0,0.0,emotion,5,1,1.0,400,0.0,1.0,0.0,1.0,5.977,0.148,0.375,0.0,0.825,0.0,0.0,0.175,0.0,0.0,0.0
"[[1, 0], [0, 1]]","[[(1, 1), (0, 1)], [(0, 1), (0, 1)]]",40,1600,1.0,0.01,0.01,0.0,0.4,0.0,0.0,emotion,5,1,1.0,400,0.0,1.0,0.0,1.0,15.163,0.185,0.475,0.0,0.9,0.0,0.0,0.1,0.0,0.0,0.0
"[[1, 0], [0, 1]]","[[(1, 1), (0, 1)], [(0, 1), (0, 1)]]",40,1600,1.0,0.01,0.01,0.0,0.4,0.0,0.0,emotion,5,1,1.0,400,0.0,1.0,0.0,1.0,14.812,0.878,0.025,0.0,0.0,0.0,0.025,0.875,0.0,0.1,0.0
"[[1, 0], [0, 1]]","[[(1, 1), (0, 1)], [(0, 1), (0, 1)]]",40,1600,1.0,0.01,0.01,0.0,0.4,0.0,0.0,emotion,5,1,1.0,400,0.0,1.0,0.0,1.0,21.959,1.0,1.0,0.0,0.0,0.0,1.0,0.0,0.0,0.0,0.0
"[[1, 0], [0, 1]]","[[(1, 1), (0, 1)], [(0, 1), (0, 1)]]",40,1600,1.0,0.01,0.01,0.0,0.4,0.0,0.0,emotion,5,1,1.0,400,0.0,1.0,0.0,1.0,17.621,0.164,0.275,0.0,0.95,0.025,0.0,0.0,0.0,0.025,0.0
"[[1, 0], [0, 1]]","[[(1, 1), (0, 1)], [(0, 1), (0, 1)]]",40,1600,1.0,0.01,0.01,0.0,0.4,0.0,0.0,emotion,5,1,1.0,400,0.0,1.0,0.0,1.0,6.526,0.085,0.375,0.9,0.0,0.0,0.05,0.0,0.05,0.0,0.0
"[[1, 0], [0, 1]]","[[(1, 1), (0, 1)], [(0, 1), (0, 1)]]",40,1600,1.0,0.01,0.01,0.0,0.4,0.0,0.0,emotion,5,1,1.0,400,0.0,1.0,0.0,1.0,34.899,0.932,0.025,0.0,0.0,0.0,0.025,0.975,0.0,0.0,0.0
"[[1, 0], [0, 1]]","[[(1, 1), (0, 1)], [(0, 1), (0, 1)]]",40,1600,1.0,0.01,0.01,0.0,0.4,0.0,0.0,emotion,5,1,1.0,400,0.0,1.0,0.0,1.0,34.809,0.819,0.05,0.0,0.025,0.0,0.0,0.95,0.0,0.0,0.025
"[[1, 0], [0, 1]]","[[(1, 1), (0, 1)], [(0, 1), (0, 1)]]",40,1600,1.0,0.01,0.01,0.0,0.4,0.0,0.0,emotion,5,1,1.0,400,0.0,1.0,0.0,1.0,19.357,0.123,0.375,0.95,0.0,0.0,0.0,0.0,0.0,0.0,0.05
"[[1, 0], [0, 1]]","[[(1, 1), (0, 1)], [(0, 1), (0, 1)]]",40,1600,1.0,0.01,0.01,0.0,0.4,0.0,0.0,emotion,5,1,1.0,400,0.0,1.0,0.0,1.0,53.0,0.956,0.9,0.025,0.0,0.0,0.9,0.05,0.0,0.025,0.0
"[[1, 0], [0, 1]]","[[(1, 1), (0, 1)], [(0, 1), (0, 1)]]",40,1600,1.0,0.01,0.01,0.0,0.4,0.0,0.0,emotion,5,1,1.0,400,0.0,1.0,0.0,1.0,85.101,0.78,0.125,0.0,0.025,0.0,0.05,0.925,0.0,0.0,0.0
"[[1, 0], [0, 1]]","[[(1, 1), (0, 1)], [(0, 1), (0, 1)]]",40,1600,1.0,0.01,0.01,0.0,0.4,0.0,0.0,emotion,5,1,1.0,400,0.0,1.0,0.0,1.0,93.943,0.997,0.975,0.0,0.0,0.0,0.975,0.0,0.0,0.025,0.0
"[[1, 0], [0, 1]]","[[(1, 1), (0, 1)], [(0, 1), (0, 1)]]",40,1600,1.0,0.01,0.01,0.0,0.6,0.0,0.0,emotion,5,1,1.0,400,0.0,1.0,0.0,0.5,5.458,0.158,0.4,0.975,0.0,0.0,0.025,0.0,0.0,0.0,0.0
"[[1, 0], [0, 1]]","[[(1, 1), (0, 1)], [(0, 1), (0, 1)]]",40,1600,1.0,0.01,0.01,0.0,0.6,0.0,0.0,emotion,5,1,1.0,400,0.0,1.0,0.0,0.5,6.474,0.115,0.4,1.0,0.0,0.0,0.0,0.0,0.0,0.0,0.0
"[[1, 0], [0, 1]]","[[(1, 1), (0, 1)], [(0, 1), (0, 1)]]",40,1600,1.0,0.01,0.01,0.0,0.6,0.0,0.0,emotion,5,1,1.0,400,0.0,1.0,0.0,0.5,5.881,0.174,0.4,0.825,0.0,0.0,0.175,0.0,0.0,0.0,0.0
"[[1, 0], [0, 1]]","[[(1, 1), (0, 1)], [(0, 1), (0, 1)]]",40,1600,1.0,0.01,0.01,0.0,0.6,0.0,0.0,emotion,5,1,1.0,400,0.0,1.0,0.0,0.5,6.37,0.13,0.55,1.0,0.0,0.0,0.0,0.0,0.0,0.0,0.0
"[[1, 0], [0, 1]]","[[(1, 1), (0, 1)], [(0, 1), (0, 1)]]",40,1600,1.0,0.01,0.01,0.0,0.6,0.0,0.0,emotion,5,1,1.0,400,0.0,1.0,0.0,0.5,6.327,0.171,0.475,0.0,0.65,0.025,0.0,0.275,0.0,0.05,0.0
"[[1, 0], [0, 1]]","[[(1, 1), (0, 1)], [(0, 1), (0, 1)]]",40,1600,1.0,0.01,0.01,0.0,0.6,0.0,0.0,emotion,5,1,1.0,400,0.0,1.0,0.0,0.5,6.211,0.106,0.4,0.875,0.0,0.0,0.125,0.0,0.0,0.0,0.0
"[[1, 0], [0, 1]]","[[(1, 1), (0, 1)], [(0, 1), (0, 1)]]",40,1600,1.0,0.01,0.01,0.0,0.6,0.0,0.0,emotion,5,1,1.0,400,0.0,1.0,0.0,0.5,6.134,0.121,0.375,0.0,1.0,0.0,0.0,0.0,0.0,0.0,0.0
"[[1, 0], [0, 1]]","[[(1, 1), (0, 1)], [(0, 1), (0, 1)]]",40,1600,1.0,0.01,0.01,0.0,0.6,0.0,0.0,emotion,5,1,1.0,400,0.0,1.0,0.0,0.5,6.222,0.135,0.475,1.0,0.0,0.0,0.0,0.0,0.0,0.0,0.0
"[[1, 0], [0, 1]]","[[(1, 1), (0, 1)], [(0, 1), (0, 1)]]",40,1600,1.0,0.01,0.01,0.0,0.6,0.0,0.0,emotion,5,1,1.0,400,0.0,1.0,0.0,0.5,6.046,0.113,0.3,0.9,0.0,0.0,0.025,0.0,0.05,0.0,0.025
"[[1, 0], [0, 1]]","[[(1, 1), (0, 1)], [(0, 1), (0, 1)]]",40,1600,1.0,0.01,0.01,0.0,0.6,0.0,0.0,emotion,5,1,1.0,400,0.0,1.0,0.0,0.5,5.957,0.122,0.425,0.925,0.0,0.0,0.0,0.0,0.025,0.0,0.05
"[[1, 0], [0, 1]]","[[(1, 1), (0, 1)], [(0, 1), (0, 1)]]",40,1600,1.0,0.01,0.01,0.0,0.6,0.0,0.0,emotion,5,1,1.0,400,0.0,1.0,0.0,0.5,5.514,0.138,0.475,0.925,0.0,0.0,0.0,0.0,0.025,0.0,0.05
"[[1, 0], [0, 1]]","[[(1, 1), (0, 1)], [(0, 1), (0, 1)]]",40,1600,1.0,0.01,0.01,0.0,0.6,0.0,0.0,emotion,5,1,1.0,400,0.0,1.0,0.0,0.5,5.888,0.136,0.3,0.0,0.95,0.0,0.0,0.025,0.0,0.025,0.0
"[[1, 0], [0, 1]]","[[(1, 1), (0, 1)], [(0, 1), (0, 1)]]",40,1600,1.0,0.01,0.01,0.0,0.6,0.0,0.0,emotion,5,1,1.0,400,0.0,1.0,0.0,0.5,5.782,0.129,0.475,0.0,0.925,0.0,0.0,0.075,0.0,0.0,0.0
"[[1, 0], [0, 1]]","[[(1, 1), (0, 1)], [(0, 1), (0, 1)]]",40,1600,1.0,0.01,0.01,0.0,0.6,0.0,0.0,emotion,5,1,1.0,400,0.0,1.0,0.0,0.5,6.276,0.208,0.525,0.0,0.825,0.0,0.0,0.15,0.0,0.025,0.0
"[[1, 0], [0, 1]]","[[(1, 1), (0, 1)], [(0, 1), (0, 1)]]",40,1600,1.0,0.01,0.01,0.0,0.6,0.0,0.0,emotion,5,1,1.0,400,0.0,1.0,0.0,0.5,6.012,0.121,0.425,0.0,0.9,0.05,0.0,0.0,0.0,0.05,0.0
"[[1, 0], [0, 1]]","[[(1, 1), (0, 1)], [(0, 1), (0, 1)]]",40,1600,1.0,0.01,0.01,0.0,0.6,0.0,0.0,emotion,5,1,1.0,400,0.0,1.0,0.0,0.5,6.583,0.129,0.425,0.0,0.875,0.075,0.0,0.05,0.0,0.0,0.0
"[[1, 0], [0, 1]]","[[(1, 1), (0, 1)], [(0, 1), (0, 1)]]",40,1600,1.0,0.01,0.01,0.0,0.6,0.0,0.0,emotion,5,1,1.0,400,0.0,1.0,0.0,0.5,6.282,0.123,0.225,0.925,0.0,0.0,0.025,0.0,0.025,0.0,0.025
"[[1, 0], [0, 1]]","[[(1, 1), (0, 1)], [(0, 1), (0, 1)]]",40,1600,1.0,0.01,0.01,0.0,0.6,0.0,0.0,emotion,5,1,1.0,400,0.0,1.0,0.0,0.5,18.838,0.146,0.55,0.0,1.0,0.0,0.0,0.0,0.0,0.0,0.0
"[[1, 0], [0, 1]]","[[(1, 1), (0, 1)], [(0, 1), (0, 1)]]",40,1600,1.0,0.01,0.01,0.0,0.6,0.0,0.0,emotion,5,1,1.0,400,0.0,1.0,0.0,0.5,79.115,0.841,0.975,0.025,0.0,0.0,0.975,0.0,0.0,0.0,0.0
"[[1, 0], [0, 1]]","[[(1, 1), (0, 1)], [(0, 1), (0, 1)]]",40,1600,1.0,0.01,0.01,0.0,0.6,0.0,0.0,emotion,5,1,1.0,400,0.0,1.0,0.0,0.5,86.225,0.724,0.925,0.0,0.0,0.0,0.975,0.0,0.0,0.025,0.0
"[[1, 0], [0, 1]]","[[(1, 1), (0, 1)], [(0, 1), (0, 1)]]",40,1600,1.0,0.01,0.01,0.0,0.6,0.0,0.0,emotion,5,1,1.0,400,0.0,1.0,0.0,1.0,6.354,0.511,0.775,0.0,0.725,0.1,0.0,0.075,0.0,0.0,0.1
"[[1, 0], [0, 1]]","[[(1, 1), (0, 1)], [(0, 1), (0, 1)]]",40,1600,1.0,0.01,0.01,0.0,0.6,0.0,0.0,emotion,5,1,1.0,400,0.0,1.0,0.0,1.0,5.785,0.134,0.375,0.0,0.975,0.025,0.0,0.0,0.0,0.0,0.0
"[[1, 0], [0, 1]]","[[(1, 1), (0, 1)], [(0, 1), (0, 1)]]",40,1600,1.0,0.01,0.01,0.0,0.6,0.0,0.0,emotion,5,1,1.0,400,0.0,1.0,0.0,1.0,6.232,0.354,0.675,0.0,0.825,0.15,0.0,0.0,0.0,0.0,0.025
"[[1, 0], [0, 1]]","[[(1, 1), (0, 1)], [(0, 1), (0, 1)]]",40,1600,1.0,0.01,0.01,0.0,0.6,0.0,0.0,emotion,5,1,1.0,400,0.0,1.0,0.0,1.0,6.468,0.1,0.45,0.975,0.0,0.0,0.0,0.0,0.0,0.0,0.025
"[[1, 0], [0, 1]]","[[(1, 1), (0, 1)], [(0, 1), (0, 1)]]",40,1600,1.0,0.01,0.01,0.0,0.6,0.0,0.0,emotion,5,1,1.0,400,0.0,1.0,0.0,1.0,11.436,0.98,1.0,0.0,0.0,0.0,0.975,0.0,0.0,0.025,0.0
"[[1, 0], [0, 1]]","[[(1, 1), (0, 1)], [(0, 1), (0, 1)]]",40,1600,1.0,0.01,0.01,0.0,0.6,0.0,0.0,emotion,5,1,1.0,400,0.0,1.0,0.0,1.0,37.141,0.993,0.975,0.0,0.0,0.0,0.975,0.0,0.0,0.025,0.0
"[[1, 0], [0, 1]]","[[(1, 1), (0, 1)], [(0, 1), (0, 1)]]",40,1600,1.0,0.01,0.01,0.0,0.6,0.0,0.0,emotion,5,1,1.0,400,0.0,1.0,0.0,1.0,29.13,0.877,0.1,0.0,0.0,0.0,0.025,0.95,0.0,0.0,0.025
"[[1, 0], [0, 1]]","[[(1, 1), (0, 1)], [(0, 1), (0, 1)]]",40,1600,1.0,0.01,0.01,0.0,0.6,0.0,0.0,emotion,5,1,1.0,400,0.0,1.0,0.0,1.0,15.237,0.18,0.525,0.0,0.95,0.025,0.0,0.0,0.0,0.025,0.0
"[[1, 0], [0, 1]]","[[(1, 1), (0, 1)], [(0, 1), (0, 1)]]",40,1600,1.0,0.01,0.01,0.0,0.6,0.0,0.0,emotion,5,1,1.0,400,0.0,1.0,0.0,1.0,55.675,0.932,0.05,0.0,0.025,0.0,0.0,0.975,0.0,0.0,0.0
"[[1, 0], [0, 1]]","[[(1, 1), (0, 1)], [(0, 1), (0, 1)]]",40,1600,1.0,0.01,0.01,0.0,0.6,0.0,0.0,emotion,5,1,1.0,400,0.0,1.0,0.0,1.0,54.792,0.265,0.4,0.0,0.6,0.025,0.0,0.3,0.0,0.025,0.05
"[[1, 0], [0, 1]]","[[(1, 1), (0, 1)], [(0, 1), (0, 1)]]",40,1600,1.0,0.01,0.01,0.0,0.6,0.0,0.0,emotion,5,1,1.0,400,0.0,1.0,0.0,1.0,57.187,0.948,0.025,0.025,0.0,0.0,0.0,0.975,0.0,0.0,0.0
"[[1, 0], [0, 1]]","[[(1, 1), (0, 1)], [(0, 1), (0, 1)]]",40,1600,1.0,0.01,0.01,0.0,0.6,0.0,0.0,emotion,5,1,1.0,400,0.0,1.0,0.0,1.0,72.729,1.0,0.975,0.025,0.0,0.0,0.975,0.0,0.0,0.0,0.0
"[[1, 0], [0, 1]]","[[(1, 1), (0, 1)], [(0, 1), (0, 1)]]",40,1600,1.0,0.01,0.01,0.0,0.6,0.0,0.0,emotion,5,1,1.0,400,0.0,1.0,0.0,1.0,73.596,0.859,0.025,0.0,0.0,0.0,0.0,1.0,0.0,0.0,0.0
"[[1, 0], [0, 1]]","[[(1, 1), (0, 1)], [(0, 1), (0, 1)]]",40,1600,1.0,0.01,0.01,0.0,0.6,0.0,0.0,emotion,5,1,1.0,400,0.0,1.0,0.0,1.0,76.787,0.938,0.025,0.0,0.0,0.0,0.0,1.0,0.0,0.0,0.0
"[[1, 0], [0, 1]]","[[(1, 1), (0, 1)], [(0, 1), (0, 1)]]",40,1600,1.0,0.01,0.01,0.0,0.6,0.0,0.0,emotion,5,1,1.0,400,0.0,1.0,0.0,1.0,73.883,0.926,0.075,0.0,0.05,0.0,0.0,0.95,0.0,0.0,0.0
"[[1, 0], [0, 1]]","[[(1, 1), (0, 1)], [(0, 1), (0, 1)]]",40,1600,1.0,0.01,0.01,0.0,0.6,0.0,0.0,emotion,5,1,1.0,400,0.0,1.0,0.0,1.0,87.907,0.903,0.1,0.0,0.0,0.0,0.025,0.925,0.0,0.0,0.05
"[[1, 0], [0, 1]]","[[(1, 1), (0, 1)], [(0, 1), (0, 1)]]",40,1600,1.0,0.01,0.01,0.0,0.6,0.0,0.0,emotion,5,1,1.0,400,0.0,1.0,0.0,1.0,87.83,0.856,0.1,0.0,0.0,0.0,0.025,0.975,0.0,0.0,0.0
"[[1, 0], [0, 1]]","[[(1, 1), (0, 1)], [(0, 1), (0, 1)]]",40,1600,1.0,0.01,0.01,0.0,0.6,0.0,0.0,emotion,5,1,1.0,400,0.0,1.0,0.0,1.0,80.681,0.499,0.675,0.0,0.925,0.0,0.0,0.0,0.0,0.075,0.0
"[[1, 0], [0, 1]]","[[(1, 1), (0, 1)], [(0, 1), (0, 1)]]",40,1600,1.0,0.01,0.01,0.0,0.6,0.0,0.0,emotion,5,1,1.0,400,0.0,1.0,0.0,1.0,87.787,0.98,0.025,0.0,0.0,0.0,0.025,0.975,0.0,0.0,0.0
"[[1, 0], [0, 1]]","[[(1, 1), (0, 1)], [(0, 1), (0, 1)]]",40,1600,1.0,0.01,0.01,0.0,0.6,0.0,0.0,emotion,5,1,1.0,400,0.0,1.0,0.0,1.0,93.856,1.0,0.95,0.0,0.0,0.0,0.95,0.05,0.0,0.0,0.0
"[[1, 0], [0, 1]]","[[(1, 1), (0, 1)], [(0, 1), (0, 1)]]",40,1600,1.0,0.01,0.01,0.0,0.8,0.0,0.0,emotion,5,1,1.0,400,0.0,1.0,0.0,0.5,6.874,0.131,0.575,0.975,0.0,0.0,0.025,0.0,0.0,0.0,0.0
"[[1, 0], [0, 1]]","[[(1, 1), (0, 1)], [(0, 1), (0, 1)]]",40,1600,1.0,0.01,0.01,0.0,0.8,0.0,0.0,emotion,5,1,1.0,400,0.0,1.0,0.0,0.5,6.009,0.114,0.525,0.85,0.0,0.0,0.025,0.05,0.05,0.0,0.025
"[[1, 0], [0, 1]]","[[(1, 1), (0, 1)], [(0, 1), (0, 1)]]",40,1600,1.0,0.01,0.01,0.0,0.8,0.0,0.0,emotion,5,1,1.0,400,0.0,1.0,0.0,0.5,6.16,0.118,0.45,0.925,0.0,0.0,0.0,0.0,0.075,0.0,0.0
"[[1, 0], [0, 1]]","[[(1, 1), (0, 1)], [(0, 1), (0, 1)]]",40,1600,1.0,0.01,0.01,0.0,0.8,0.0,0.0,emotion,5,1,1.0,400,0.0,1.0,0.0,0.5,6.67,0.117,0.45,0.975,0.0,0.0,0.025,0.0,0.0,0.0,0.0
"[[1, 0], [0, 1]]","[[(1, 1), (0, 1)], [(0, 1), (0, 1)]]",40,1600,1.0,0.01,0.01,0.0,0.8,0.0,0.0,emotion,5,1,1.0,400,0.0,1.0,0.0,0.5,6.857,0.113,0.325,0.9,0.0,0.0,0.025,0.0,0.05,0.0,0.025
"[[1, 0], [0, 1]]","[[(1, 1), (0, 1)], [(0, 1), (0, 1)]]",40,1600,1.0,0.01,0.01,0.0,0.8,0.0,0.0,emotion,5,1,1.0,400,0.0,1.0,0.0,0.5,6.34,0.133,0.425,1.0,0.0,0.0,0.0,0.0,0.0,0.0,0.0
"[[1, 0], [0, 1]]","[[(1, 1), (0, 1)], [(0, 1), (0, 1)]]",40,1600,1.0,0.01,0.01,0.0,0.8,0.0,0.0,emotion,5,1,1.0,400,0.0,1.0,0.0,0.5,5.629,0.115,0.3,0.9,0.0,0.0,0.0,0.0,0.1,0.0,0.0
"[[1, 0], [0, 1]]","[[(1, 1), (0, 1)], [(0, 1), (0, 1)]]",40,1600,1.0,0.01,0.01,0.0,0.8,0.0,0.0,emotion,5,1,1.0,400,0.0,1.0,0.0,0.5,5.837,0.149,0.5,0.0,1.0,0.0,0.0,0.0,0.0,0.0,0.0
"[[1, 0], [0, 1]]","[[(1, 1), (0, 1)], [(0, 1), (0, 1)]]",40,1600,1.0,0.01,0.01,0.0,0.8,0.0,0.0,emotion,5,1,1.0,400,0.0,1.0,0.0,0.5,6.228,0.119,0.425,0.85,0.0,0.0,0.025,0.0,0.1,0.0,0.025
"[[1, 0], [0, 1]]","[[(1, 1), (0, 1)], [(0, 1), (0, 1)]]",40,1600,1.0,0.01,0.01,0.0,0.8,0.0,0.0,emotion,5,1,1.0,400,0.0,1.0,0.0,0.5,5.579,0.216,0.3,0.0,0.775,0.175,0.0,0.05,0.0,0.0,0.0
"[[1, 0], [0, 1]]","[[(1, 1), (0, 1)], [(0, 1), (0, 1)]]",40,1600,1.0,0.01,0.01,0.0,0.8,0.0,0.0,emotion,5,1,1.0,400,0.0,1.0,0.0,0.5,6.757,0.133,0.475,0.95,0.0,0.0,0.025,0.0,0.025,0.0,0.0
"[[1, 0], [0, 1]]","[[(1, 1), (0, 1)], [(0, 1), (0, 1)]]",40,1600,1.0,0.01,0.01,0.0,0.8,0.0,0.0,emotion,5,1,1.0,400,0.0,1.0,0.0,0.5,6.174,0.145,0.3,0.0,1.0,0.0,0.0,0.0,0.0,0.0,0.0
"[[1, 0], [0, 1]]","[[(1, 1), (0, 1)], [(0, 1), (0, 1)]]",40,1600,1.0,0.01,0.01,0.0,0.8,0.0,0.0,emotion,5,1,1.0,400,0.0,1.0,0.0,0.5,6.089,0.134,0.4,0.0,0.95,0.0,0.0,0.025,0.0,0.025,0.0
"[[1, 0], [0, 1]]","[[(1, 1), (0, 1)], [(0, 1), (0, 1)]]",40,1600,1.0,0.01,0.01,0.0,0.8,0.0,0.0,emotion,5,1,1.0,400,0.0,1.0,0.0,0.5,43.931,0.597,0.125,0.0,0.0,0.0,0.0,1.0,0.0,0.0,0.0
"[[1, 0], [0, 1]]","[[(1, 1), (0, 1)], [(0, 1), (0, 1)]]",40,1600,1.0,0.01,0.01,0.0,0.8,0.0,0.0,emotion,5,1,1.0,400,0.0,1.0,0.0,0.5,60.409,0.951,0.05,0.0,0.025,0.0,0.0,0.525,0.0,0.45,0.0
"[[1, 0], [0, 1]]","[[(1, 1), (0, 1)], [(0, 1), (0, 1)]]",40,1600,1.0,0.01,0.01,0.0,0.8,0.0,0.0,emotion,5,1,1.0,400,0.0,1.0,0.0,0.5,66.514,0.896,1.0,0.0,0.0,0.025,0.675,0.0,0.0,0.0,0.3
"[[1, 0], [0, 1]]","[[(1, 1), (0, 1)], [(0, 1), (0, 1)]]",40,1600,1.0,0.01,0.01,0.0,0.8,0.0,0.0,emotion,5,1,1.0,400,0.0,1.0,0.0,0.5,78.033,0.838,0.1,0.0,0.0,0.0,0.0,1.0,0.0,0.0,0.0
"[[1, 0], [0, 1]]","[[(1, 1), (0, 1)], [(0, 1), (0, 1)]]",40,1600,1.0,0.01,0.01,0.0,0.8,0.0,0.0,emotion,5,1,1.0,400,0.0,1.0,0.0,0.5,78.627,0.532,0.2,0.0,0.0,0.0,0.075,0.9,0.0,0.0,0.025
"[[1, 0], [0, 1]]","[[(1, 1), (0, 1)], [(0, 1), (0, 1)]]",40,1600,1.0,0.01,0.01,0.0,0.8,0.0,0.0,emotion,5,1,1.0,400,0.0,1.0,0.0,0.5,89.1,0.914,1.0,0.0,0.0,0.0,1.0,0.0,0.0,0.0,0.0
"[[1, 0], [0, 1]]","[[(1, 1), (0, 1)], [(0, 1), (0, 1)]]",40,1600,1.0,0.01,0.01,0.0,0.8,0.0,0.0,emotion,5,1,1.0,400,0.0,1.0,0.0,0.5,78.548,0.562,0.35,0.0,0.025,0.0,0.05,0.925,0.0,0.0,0.0
"[[1, 0], [0, 1]]","[[(1, 1), (0, 1)], [(0, 1), (0, 1)]]",40,1600,1.0,0.01,0.01,0.0,0.8,0.0,0.0,emotion,5,1,1.0,400,0.0,1.0,0.0,1.0,6.042,0.129,0.375,0.9,0.0,0.0,0.025,0.025,0.0,0.0,0.05
"[[1, 0], [0, 1]]","[[(1, 1), (0, 1)], [(0, 1), (0, 1)]]",40,1600,1.0,0.01,0.01,0.0,0.8,0.0,0.0,emotion,5,1,1.0,400,0.0,1.0,0.0,1.0,16.541,0.99,0.975,0.0,0.0,0.0,0.975,0.0,0.0,0.025,0.0
"[[1, 0], [0, 1]]","[[(1, 1), (0, 1)], [(0, 1), (0, 1)]]",40,1600,1.0,0.01,0.01,0.0,0.8,0.0,0.0,emotion,5,1,1.0,400,0.0,1.0,0.0,1.0,25.614,0.99,0.95,0.025,0.0,0.0,0.925,0.025,0.0,0.025,0.0
"[[1, 0], [0, 1]]","[[(1, 1), (0, 1)], [(0, 1), (0, 1)]]",40,1600,1.0,0.01,0.01,0.0,0.8,0.0,0.0,emotion,5,1,1.0,400,0.0,1.0,0.0,1.0,31.234,0.134,0.425,1.0,0.0,0.0,0.0,0.0,0.0,0.0,0.0
"[[1, 0], [0, 1]]","[[(1, 1), (0, 1)], [(0, 1), (0, 1)]]",40,1600,1.0,0.01,0.01,0.0,0.8,0.0,0.0,emotion,5,1,1.0,400,0.0,1.0,0.0,1.0,52.212,0.993,1.0,0.0,0.0,0.0,0.95,0.0,0.0,0.05,0.0
"[[1, 0], [0, 1]]","[[(1, 1), (0, 1)], [(0, 1), (0, 1)]]",40,1600,1.0,0.01,0.01,0.0,0.8,0.0,0.0,emotion,5,1,1.0,400,0.0,1.0,0.0,1.0,62.506,0.932,0.125,0.0,0.05,0.0,0.0,0.925,0.0,0.0,0.025
"[[1, 0], [0, 1]]","[[(1, 1), (0, 1)], [(0, 1), (0, 1)]]",40,1600,1.0,0.01,0.01,0.0,0.8,0.0,0.0,emotion,5,1,1.0,400,0.0,1.0,0.0,1.0,64.946,1.0,0.95,0.025,0.0,0.0,0.95,0.025,0.0,0.0,0.0
"[[1, 0], [0, 1]]","[[(1, 1), (0, 1)], [(0, 1), (0, 1)]]",40,1600,1.0,0.01,0.01,0.0,0.8,0.0,0.0,emotion,5,1,1.0,400,0.0,1.0,0.0,1.0,69.185,0.955,0.1,0.0,0.0,0.0,0.025,0.975,0.0,0.0,0.0
"[[1, 0], [0, 1]]","[[(1, 1), (0, 1)], [(0, 1), (0, 1)]]",40,1600,1.0,0.01,0.01,0.0,0.8,0.0,0.0,emotion,5,1,1.0,400,0.0,1.0,0.0,1.0,75.928,0.923,0.025,0.0,0.0,0.0,0.0,1.0,0.0,0.0,0.0
"[[1, 0], [0, 1]]","[[(1, 1), (0, 1)], [(0, 1), (0, 1)]]",40,1600,1.0,0.01,0.01,0.0,0.8,0.0,0.0,emotion,5,1,1.0,400,0.0,1.0,0.0,1.0,84.02,0.989,1.0,0.0,0.0,0.0,1.0,0.0,0.0,0.0,0.0
"[[1, 0], [0, 1]]","[[(1, 1), (0, 1)], [(0, 1), (0, 1)]]",40,1600,1.0,0.01,0.01,0.0,0.8,0.0,0.0,emotion,5,1,1.0,400,0.0,1.0,0.0,1.0,82.466,0.99,0.95,0.0,0.0,0.0,0.975,0.0,0.0,0.025,0.0
"[[1, 0], [0, 1]]","[[(1, 1), (0, 1)], [(0, 1), (0, 1)]]",40,1600,1.0,0.01,0.01,0.0,0.8,0.0,0.0,emotion,5,1,1.0,400,0.0,1.0,0.0,1.0,80.59,0.944,0.1,0.0,0.05,0.0,0.025,0.9,0.0,0.0,0.025
"[[1, 0], [0, 1]]","[[(1, 1), (0, 1)], [(0, 1), (0, 1)]]",40,1600,1.0,0.01,0.01,0.0,0.8,0.0,0.0,emotion,5,1,1.0,400,0.0,1.0,0.0,1.0,90.343,0.974,0.05,0.0,0.0,0.0,0.0,1.0,0.0,0.0,0.0
"[[1, 0], [0, 1]]","[[(1, 1), (0, 1)], [(0, 1), (0, 1)]]",40,1600,1.0,0.01,0.01,0.0,0.8,0.0,0.0,emotion,5,1,1.0,400,0.0,1.0,0.0,1.0,90.323,0.921,0.05,0.0,0.0,0.0,0.0,0.925,0.0,0.0,0.075
"[[1, 0], [0, 1]]","[[(1, 1), (0, 1)], [(0, 1), (0, 1)]]",40,1600,1.0,0.01,0.01,0.0,0.8,0.0,0.0,emotion,5,1,1.0,400,0.0,1.0,0.0,1.0,90.17,0.891,0.05,0.0,0.025,0.0,0.0,0.9,0.0,0.0,0.075
"[[1, 0], [0, 1]]","[[(1, 1), (0, 1)], [(0, 1), (0, 1)]]",40,1600,1.0,0.01,0.01,0.0,0.8,0.0,0.0,emotion,5,1,1.0,400,0.0,1.0,0.0,1.0,90.305,0.84,0.125,0.0,0.05,0.0,0.025,0.85,0.0,0.075,0.0
"[[1, 0], [0, 1]]","[[(1, 1), (0, 1)], [(0, 1), (0, 1)]]",40,1600,1.0,0.01,0.01,0.0,0.8,0.0,0.0,emotion,5,1,1.0,400,0.0,1.0,0.0,1.0,90.484,0.935,0.05,0.0,0.0,0.0,0.0,1.0,0.0,0.0,0.0
"[[1, 0], [0, 1]]","[[(1, 1), (0, 1)], [(0, 1), (0, 1)]]",40,1600,1.0,0.01,0.01,0.0,0.8,0.0,0.0,emotion,5,1,1.0,400,0.0,1.0,0.0,1.0,93.829,1.0,1.0,0.0,0.0,0.0,1.0,0.0,0.0,0.0,0.0
"[[1, 0], [0, 1]]","[[(1, 1), (0, 1)], [(0, 1), (0, 1)]]",40,1600,1.0,0.01,0.01,0.0,0.8,0.0,0.0,emotion,5,1,1.0,400,0.0,1.0,0.0,1.0,92.33,0.92,0.95,0.025,0.0,0.0,0.95,0.0,0.0,0.025,0.0
"[[1, 0], [0, 1]]","[[(1, 1), (0, 1)], [(0, 1), (0, 1)]]",40,1600,1.0,0.01,0.01,0.0,0.8,0.0,0.0,emotion,5,1,1.0,400,0.0,1.0,0.0,1.0,90.377,0.951,0.025,0.0,0.0,0.0,0.0,1.0,0.0,0.0,0.0
"[[1, 0], [0, 1]]","[[(1, 1), (0, 0)], [(0, 1), (1, 1)]]",40,1600,1.0,0.01,0.01,0.0,0.4,0.0,0.0,emotion,5,1,1.0,400,0.0,1.0,0.0,0.5,6.396,0.151,0.475,1.0,0.0,0.0,0.0,0.0,0.0,0.0,0.0
"[[1, 0], [0, 1]]","[[(1, 1), (0, 0)], [(0, 1), (1, 1)]]",40,1600,1.0,0.01,0.01,0.0,0.4,0.0,0.0,emotion,5,1,1.0,400,0.0,1.0,0.0,0.5,5.941,0.126,0.525,0.875,0.0,0.0,0.05,0.0,0.05,0.0,0.025
"[[1, 0], [0, 1]]","[[(1, 1), (0, 0)], [(0, 1), (1, 1)]]",40,1600,1.0,0.01,0.01,0.0,0.4,0.0,0.0,emotion,5,1,1.0,400,0.0,1.0,0.0,0.5,6.226,0.126,0.425,0.0,0.925,0.0,0.0,0.075,0.0,0.0,0.0
"[[1, 0], [0, 1]]","[[(1, 1), (0, 0)], [(0, 1), (1, 1)]]",40,1600,1.0,0.01,0.01,0.0,0.4,0.0,0.0,emotion,5,1,1.0,400,0.0,1.0,0.0,0.5,6.268,0.111,0.425,0.9,0.0,0.0,0.05,0.025,0.0,0.0,0.025
"[[1, 0], [0, 1]]","[[(1, 1), (0, 0)], [(0, 1), (1, 1)]]",40,1600,1.0,0.01,0.01,0.0,0.4,0.0,0.0,emotion,5,1,1.0,400,0.0,1.0,0.0,0.5,5.9,0.138,0.425,0.0,0.95,0.0,0.0,0.05,0.0,0.0,0.0
"[[1, 0], [0, 1]]","[[(1, 1), (0, 0)], [(0, 1), (1, 1)]]",40,1600,1.0,0.01,0.01,0.0,0.4,0.0,0.0,emotion,5,1,1.0,400,0.0,1.0,0.0,0.5,5.928,0.11,0.35,0.0,0.975,0.0,0.0,0.0,0.0,0.025,0.0
"[[1, 0], [0, 1]]","[[(1, 1), (0, 0)], [(0, 1), (1, 1)]]",40,1600,1.0,0.01,0.01,0.0,0.4,0.0,0.0,emotion,5,1,1.0,400,0.0,1.0,0.0,0.5,5.988,0.128,0.5,0.925,0.0,0.0,0.025,0.0,0.05,0.0,0.0
"[[1, 0], [0, 1]]","[[(1, 1), (0, 0)], [(0, 1), (1, 1)]]",40,1600,1.0,0.01,0.01,0.0,0.4,0.0,0.0,emotion,5,1,1.0,400,0.0,1.0,0.0,0.5,5.694,0.144,0.5,0.825,0.0,0.0,0.125,0.0,0.0,0.0,0.05
"[[1, 0], [0, 1]]","[[(1, 1), (0, 0)], [(0, 1), (1, 1)]]",40,1600,1.0,0.01,0.01,0.0,0.4,0.0,0.0,emotion,5,1,1.0,400,0.0,1.0,0.0,0.5,6.08,0.11,0.45,0.0,0.7,0.125,0.0,0.1,0.0,0.075,0.0
"[[1, 0], [0, 1]]","[[(1, 1), (0, 0)], [(0, 1), (1, 1)]]",40,1600,1.0,0.01,0.01,0.0,0.4,0.0,0.0,emotion,5,1,1.0,400,0.0,1.0,0.0,0.5,6.898,0.124,0.425,0.0,0.875,0.0,0.0,0.125,0.0,0.0,0.0
"[[1, 0], [0, 1]]","[[(1, 1), (0, 0)], [(0, 1), (1, 1)]]",40,1600,1.0,0.01,0.01,0.0,0.4,0.0,0.0,emotion,5,1,1.0,400,0.0,1.0,0.0,0.5,6.808,0.099,0.5,0.875,0.0,0.0,0.125,0.0,0.0,0.0,0.0
"[[1, 0], [0, 1]]","[[(1, 1), (0, 0)], [(0, 1), (1, 1)]]",40,1600,1.0,0.01,0.01,0.0,0.4,0.0,0.0,emotion,5,1,1.0,400,0.0,1.0,0.0,0.5,6.087,0.118,0.475,0.0,0.9,0.0,0.0,0.05,0.0,0.05,0.0
"[[1, 0], [0, 1]]","[[(1, 1), (0, 0)], [(0, 1), (1, 1)]]",40,1600,1.0,0.01,0.01,0.0,0.4,0.0,0.0,emotion,5,1,1.0,400,0.0,1.0,0.0,0.5,5.793,0.128,0.55,0.75,0.0,0.0,0.125,0.05,0.075,0.0,0.0
"[[1, 0], [0, 1]]","[[(1, 1), (0, 0)], [(0, 1), (1, 1)]]",40,1600,1.0,0.01,0.01,0.0,0.4,0.0,0.0,emotion,5,1,1.0,400,0.0,1.0,0.0,0.5,5.786,0.113,0.35,0.0,0.8,0.025,0.0,0.125,0.0,0.05,0.0
"[[1, 0], [0, 1]]","[[(1, 1), (0, 0)], [(0, 1), (1, 1)]]",40,1600,1.0,0.01,0.01,0.0,0.4,0.0,0.0,emotion,5,1,1.0,400,0.0,1.0,0.0,0.5,5.873,0.114,0.35,0.9,0.0,0.0,0.025,0.0,0.0,0.0,0.075
"[[1, 0], [0, 1]]","[[(1, 1), (0, 0)], [(0, 1), (1, 1)]]",40,1600,1.0,0.01,0.01,0.0,0.4,0.0,0.0,emotion,5,1,1.0,400,0.0,1.0,0.0,0.5,5.91,0.135,0.425,0.975,0.0,0.0,0.025,0.0,0.0,0.0,0.0
"[[1, 0], [0, 1]]","[[(1, 1), (0, 0)], [(0, 1), (1, 1)]]",40,1600,1.0,0.01,0.01,0.0,0.4,0.0,0.0,emotion,5,1,1.0,400,0.0,1.0,0.0,0.5,5.918,0.131,0.425,0.975,0.0,0.0,0.0,0.0,0.025,0.0,0.0
"[[1, 0], [0, 1]]","[[(1, 1), (0, 0)], [(0, 1), (1, 1)]]",40,1600,1.0,0.01,0.01,0.0,0.4,0.0,0.0,emotion,5,1,1.0,400,0.0,1.0,0.0,0.5,5.978,0.135,0.375,0.95,0.0,0.0,0.0,0.0,0.025,0.0,0.025
"[[1, 0], [0, 1]]","[[(1, 1), (0, 0)], [(0, 1), (1, 1)]]",40,1600,1.0,0.01,0.01,0.0,0.4,0.0,0.0,emotion,5,1,1.0,400,0.0,1.0,0.0,0.5,6.624,0.134,0.425,0.0,0.975,0.0,0.0,0.025,0.0,0.0,0.0
"[[1, 0], [0, 1]]","[[(1, 1), (0, 0)], [(0, 1), (1, 1)]]",40,1600,1.0,0.01,0.01,0.0,0.4,0.0,0.0,emotion,5,1,1.0,400,0.0,1.0,0.0,0.5,5.768,0.13,0.5,0.975,0.0,0.0,0.0,0.0,0.025,0.0,0.0
"[[1, 0], [0, 1]]","[[(1, 1), (0, 0)], [(0, 1), (1, 1)]]",40,1600,1.0,0.01,0.01,0.0,0.4,0.0,0.0,emotion,5,1,1.0,400,0.0,1.0,0.0,1.0,6.046,0.133,0.4,0.0,1.0,0.0,0.0,0.0,0.0,0.0,0.0
"[[1, 0], [0, 1]]","[[(1, 1), (0, 0)], [(0, 1), (1, 1)]]",40,1600,1.0,0.01,0.01,0.0,0.4,0.0,0.0,emotion,5,1,1.0,400,0.0,1.0,0.0,1.0,6.34,0.141,0.475,0.0,0.775,0.125,0.0,0.1,0.0,0.0,0.0
"[[1, 0], [0, 1]]","[[(1, 1), (0, 0)], [(0, 1), (1, 1)]]",40,1600,1.0,0.01,0.01,0.0,0.4,0.0,0.0,emotion,5,1,1.0,400,0.0,1.0,0.0,1.0,5.755,0.12,0.45,1.0,0.0,0.0,0.0,0.0,0.0,0.0,0.0
"[[1, 0], [0, 1]]","[[(1, 1), (0, 0)], [(0, 1), (1, 1)]]",40,1600,1.0,0.01,0.01,0.0,0.4,0.0,0.0,emotion,5,1,1.0,400,0.0,1.0,0.0,1.0,6.144,0.131,0.525,0.0,0.85,0.1,0.0,0.0,0.0,0.025,0.025
"[[1, 0], [0, 1]]","[[(1, 1), (0, 0)], [(0, 1), (1, 1)]]",40,1600,1.0,0.01,0.01,0.0,0.4,0.0,0.0,emotion,5,1,1.0,400,0.0,1.0,0.0,1.0,6.106,0.114,0.425,0.925,0.0,0.0,0.025,0.0,0.0,0.025,0.025
"[[1, 0], [0, 1]]","[[(1, 1), (0, 0)], [(0, 1), (1, 1)]]",40,1600,1.0,0.01,0.01,0.0,0.4,0.0,0.0,emotion,5,1,1.0,400,0.0,1.0,0.0,1.0,5.902,0.138,0.425,0.95,0.0,0.0,0.025,0.0,0.0,0.0,0.025
"[[1, 0], [0, 1]]","[[(1, 1), (0, 0)], [(0, 1), (1, 1)]]",40,1600,1.0,0.01,0.01,0.0,0.4,0.0,0.0,emotion,5,1,1.0,400,0.0,1.0,0.0,1.0,5.637,0.113,0.4,0.65,0.0,0.0,0.175,0.05,0.05,0.025,0.05
"[[1, 0], [0, 1]]","[[(1, 1), (0, 0)], [(0, 1), (1, 1)]]",40,1600,1.0,0.01,0.01,0.0,0.4,0.0,0.0,emotion,5,1,1.0,400,0.0,1.0,0.0,1.0,6.498,0.119,0.375,0.0,0.975,0.0,0.0,0.025,0.0,0.0,0.0
"[[1, 0], [0, 1]]","[[(1, 1), (0, 0)], [(0, 1), (1, 1)]]",40,1600,1.0,0.01,0.01,0.0,0.4,0.0,0.0,emotion,5,1,1.0,400,0.0,1.0,0.0,1.0,6.353,0.102,0.5,0.9,0.0,0.0,0.0,0.0,0.075,0.0,0.025
"[[1, 0], [0, 1]]","[[(1, 1), (0, 0)], [(0, 1), (1, 1)]]",40,1600,1.0,0.01,0.01,0.0,0.4,0.0,0.0,emotion,5,1,1.0,400,0.0,1.0,0.0,1.0,6.224,0.105,0.35,0.0,0.975,0.0,0.0,0.025,0.0,0.0,0.0
"[[1, 0], [0, 1]]","[[(1, 1), (0, 0)], [(0, 1), (1, 1)]]",40,1600,1.0,0.01,0.01,0.0,0.4,0.0,0.0,emotion,5,1,1.0,400,0.0,1.0,0.0,1.0,5.78,0.119,0.325,0.0,0.95,0.0,0.0,0.05,0.0,0.0,0.0
"[[1, 0], [0, 1]]","[[(1, 1), (0, 0)], [(0, 1), (1, 1)]]",40,1600,1.0,0.01,0.01,0.0,0.4,0.0,0.0,emotion,5,1,1.0,400,0.0,1.0,0.0,1.0,5.81,0.13,0.5,0.75,0.0,0.0,0.225,0.0,0.0,0.0,0.025
"[[1, 0], [0, 1]]","[[(1, 1), (0, 0)], [(0, 1), (1, 1)]]",40,1600,1.0,0.01,0.01,0.0,0.4,0.0,0.0,emotion,5,1,1.0,400,0.0,1.0,0.0,1.0,6.135,0.135,0.475,0.0,0.9,0.1,0.0,0.0,0.0,0.0,0.0
"[[1, 0], [0, 1]]","[[(1, 1), (0, 0)], [(0, 1), (1, 1)]]",40,1600,1.0,0.01,0.01,0.0,0.4,0.0,0.0,emotion,5,1,1.0,400,0.0,1.0,0.0,1.0,6.408,0.139,0.45,0.95,0.0,0.0,0.025,0.0,0.0,0.0,0.025
"[[1, 0], [0, 1]]","[[(1, 1), (0, 0)], [(0, 1), (1, 1)]]",40,1600,1.0,0.01,0.01,0.0,0.4,0.0,0.0,emotion,5,1,1.0,400,0.0,1.0,0.0,1.0,6.178,0.121,0.4,0.925,0.0,0.0,0.05,0.0,0.0,0.0,0.025
"[[1, 0], [0, 1]]","[[(1, 1), (0, 0)], [(0, 1), (1, 1)]]",40,1600,1.0,0.01,0.01,0.0,0.4,0.0,0.0,emotion,5,1,1.0,400,0.0,1.0,0.0,1.0,6.235,0.154,0.45,0.95,0.0,0.0,0.0,0.0,0.025,0.0,0.025
"[[1, 0], [0, 1]]","[[(1, 1), (0, 0)], [(0, 1), (1, 1)]]",40,1600,1.0,0.01,0.01,0.0,0.4,0.0,0.0,emotion,5,1,1.0,400,0.0,1.0,0.0,1.0,6.617,0.141,0.5,0.0,0.875,0.1,0.0,0.025,0.0,0.0,0.0
"[[1, 0], [0, 1]]","[[(1, 1), (0, 0)], [(0, 1), (1, 1)]]",40,1600,1.0,0.01,0.01,0.0,0.4,0.0,0.0,emotion,5,1,1.0,400,0.0,1.0,0.0,1.0,5.479,0.108,0.325,0.925,0.0,0.0,0.025,0.025,0.0,0.0,0.025
"[[1, 0], [0, 1]]","[[(1, 1), (0, 0)], [(0, 1), (1, 1)]]",40,1600,1.0,0.01,0.01,0.0,0.4,0.0,0.0,emotion,5,1,1.0,400,0.0,1.0,0.0,1.0,5.988,0.104,0.45,0.975,0.0,0.0,0.0,0.0,0.025,0.0,0.0
"[[1, 0], [0, 1]]","[[(1, 1), (0, 0)], [(0, 1), (1, 1)]]",40,1600,1.0,0.01,0.01,0.0,0.4,0.0,0.0,emotion,5,1,1.0,400,0.0,1.0,0.0,1.0,6.309,0.125,0.4,0.825,0.0,0.025,0.075,0.0,0.075,0.0,0.0
"[[1, 0], [0, 1]]","[[(1, 1), (0, 0)], [(0, 1), (1, 1)]]",40,1600,1.0,0.01,0.01,0.0,0.6,0.0,0.0,emotion,5,1,1.0,400,0.0,1.0,0.0,0.5,6.705,0.131,0.4,0.0,0.9,0.0,0.0,0.1,0.0,0.0,0.0
"[[1, 0], [0, 1]]","[[(1, 1), (0, 0)], [(0, 1), (1, 1)]]",40,1600,1.0,0.01,0.01,0.0,0.6,0.0,0.0,emotion,5,1,1.0,400,0.0,1.0,0.0,0.5,6.588,0.095,0.35,0.0,0.95,0.0,0.0,0.05,0.0,0.0,0.0
"[[1, 0], [0, 1]]","[[(1, 1), (0, 0)], [(0, 1), (1, 1)]]",40,1600,1.0,0.01,0.01,0.0,0.6,0.0,0.0,emotion,5,1,1.0,400,0.0,1.0,0.0,0.5,6.269,0.134,0.375,0.0,0.925,0.025,0.0,0.0,0.0,0.05,0.0
"[[1, 0], [0, 1]]","[[(1, 1), (0, 0)], [(0, 1), (1, 1)]]",40,1600,1.0,0.01,0.01,0.0,0.6,0.0,0.0,emotion,5,1,1.0,400,0.0,1.0,0.0,0.5,6.224,0.171,0.425,0.0,0.9,0.05,0.0,0.025,0.0,0.025,0.0
"[[1, 0], [0, 1]]","[[(1, 1), (0, 0)], [(0, 1), (1, 1)]]",40,1600,1.0,0.01,0.01,0.0,0.6,0.0,0.0,emotion,5,1,1.0,400,0.0,1.0,0.0,0.5,5.884,0.101,0.325,0.0,0.7,0.075,0.0,0.225,0.0,0.0,0.0
"[[1, 0], [0, 1]]","[[(1, 1), (0, 0)], [(0, 1), (1, 1)]]",40,1600,1.0,0.01,0.01,0.0,0.6,0.0,0.0,emotion,5,1,1.0,400,0.0,1.0,0.0,0.5,5.97,0.136,0.5,0.95,0.0,0.0,0.025,0.0,0.0,0.0,0.025
"[[1, 0], [0, 1]]","[[(1, 1), (0, 0)], [(0, 1), (1, 1)]]",40,1600,1.0,0.01,0.01,0.0,0.6,0.0,0.0,emotion,5,1,1.0,400,0.0,1.0,0.0,0.5,6.487,0.13,0.425,0.0,0.8,0.0,0.0,0.175,0.0,0.025,0.0
"[[1, 0], [0, 1]]","[[(1, 1), (0, 0)], [(0, 1), (1, 1)]]",40,1600,1.0,0.01,0.01,0.0,0.6,0.0,0.0,emotion,5,1,1.0,400,0.0,1.0,0.0,0.5,6.115,0.109,0.45,0.0,1.0,0.0,0.0,0.0,0.0,0.0,0.0
"[[1, 0], [0, 1]]","[[(1, 1), (0, 0)], [(0, 1), (1, 1)]]",40,1600,1.0,0.01,0.01,0.0,0.6,0.0,0.0,emotion,5,1,1.0,400,0.0,1.0,0.0,0.5,6.067,0.106,0.35,0.9,0.0,0.0,0.025,0.0,0.075,0.0,0.0
"[[1, 0], [0, 1]]","[[(1, 1), (0, 0)], [(0, 1), (1, 1)]]",40,1600,1.0,0.01,0.01,0.0,0.6,0.0,0.0,emotion,5,1,1.0,400,0.0,1.0,0.0,0.5,5.938,0.128,0.5,0.975,0.0,0.0,0.0,0.0,0.025,0.0,0.0
"[[1, 0], [0, 1]]","[[(1, 1), (0, 0)], [(0, 1), (1, 1)]]",40,1600,1.0,0.01,0.01,0.0,0.6,0.0,0.0,emotion,5,1,1.0,400,0.0,1.0,0.0,0.5,6.635,0.144,0.475,0.0,0.725,0.25,0.0,0.0,0.025,0.0,0.0
"[[1, 0], [0, 1]]","[[(1, 1), (0, 0)], [(0, 1), (1, 1)]]",40,1600,1.0,0.01,0.01,0.0,0.6,0.0,0.0,emotion,5,1,1.0,400,0.0,1.0,0.0,0.5,6.377,0.113,0.425,0.0,0.9,0.075,0.0,0.025,0.0,0.0,0.0
"[[1, 0], [0, 1]]","[[(1, 1), (0, 0)], [(0, 1), (1, 1)]]",40,1600,1.0,0.01,0.01,0.0,0.6,0.0,0.0,emotion,5,1,1.0,400,0.0,1.0,0.0,0.5,5.666,0.096,0.5,0.975,0.0,0.0,0.0,0.0,0.0,0.025,0.0
"[[1, 0], [0, 1]]","[[(1, 1), (0, 0)], [(0, 1), (1, 1)]]",40,1600,1.0,0.01,0.01,0.0,0.6,0.0,0.0,emotion,5,1,1.0,400,0.0,1.0,0.0,0.5,6.313,0.13,0.325,0.0,0.925,0.05,0.0,0.025,0.0,0.0,0.0
"[[1, 0], [0, 1]]","[[(1, 1), (0, 0)], [(0, 1), (1, 1)]]",40,1600,1.0,0.01,0.01,0.0,0.6,0.0,0.0,emotion,5,1,1.0,400,0.0,1.0,0.0,0.5,6.36,0.161,0.6,0.775,0.0,0.0,0.025,0.0,0.175,0.0,0.025
"[[1, 0], [0, 1]]","[[(1, 1), (0, 0)], [(0, 1), (1, 1)]]",40,1600,1.0,0.01,0.01,0.0,0.6,0.0,0.0,emotion,5,1,1.0,400,0.0,1.0,0.0,0.5,6.237,0.141,0.425,0.8,0.0,0.0,0.0,0.0,0.175,0.0,0.025
"[[1, 0], [0, 1]]","[[(1, 1), (0, 0)], [(0, 1), (1, 1)]]",40,1600,1.0,0.01,0.01,0.0,0.6,0.0,0.0,emotion,5,1,1.0,400,0.0,1.0,0.0,0.5,5.922,0.105,0.35,0.0,0.825,0.125,0.0,0.025,0.0,0.025,0.0
"[[1, 0], [0, 1]]","[[(1, 1), (0, 0)], [(0, 1), (1, 1)]]",40,1600,1.0,0.01,0.01,0.0,0.6,0.0,0.0,emotion,5,1,1.0,400,0.0,1.0,0.0,0.5,6.382,0.115,0.525,0.85,0.0,0.0,0.1,0.0,0.0,0.0,0.05
"[[1, 0], [0, 1]]","[[(1, 1), (0, 0)], [(0, 1), (1, 1)]]",40,1600,1.0,0.01,0.01,0.0,0.6,0.0,0.0,emotion,5,1,1.0,400,0.0,1.0,0.0,0.5,6.791,0.129,0.425,0.0,0.95,0.0,0.0,0.025,0.0,0.025,0.0
"[[1, 0], [0, 1]]","[[(1, 1), (0, 0)], [(0, 1), (1, 1)]]",40,1600,1.0,0.01,0.01,0.0,0.6,0.0,0.0,emotion,5,1,1.0,400,0.0,1.0,0.0,0.5,6.023,0.121,0.475,0.0,0.825,0.1,0.0,0.0,0.0,0.075,0.0
"[[1, 0], [0, 1]]","[[(1, 1), (0, 0)], [(0, 1), (1, 1)]]",40,1600,1.0,0.01,0.01,0.0,0.6,0.0,0.0,emotion,5,1,1.0,400,0.0,1.0,0.0,1.0,6.284,0.144,0.5,0.925,0.0,0.0,0.05,0.0,0.025,0.0,0.0
"[[1, 0], [0, 1]]","[[(1, 1), (0, 0)], [(0, 1), (1, 1)]]",40,1600,1.0,0.01,0.01,0.0,0.6,0.0,0.0,emotion,5,1,1.0,400,0.0,1.0,0.0,1.0,6.43,0.123,0.4,0.0,0.775,0.0,0.0,0.175,0.0,0.05,0.0
"[[1, 0], [0, 1]]","[[(1, 1), (0, 0)], [(0, 1), (1, 1)]]",40,1600,1.0,0.01,0.01,0.0,0.6,0.0,0.0,emotion,5,1,1.0,400,0.0,1.0,0.0,1.0,6.864,0.14,0.5,0.925,0.0,0.0,0.05,0.0,0.025,0.0,0.0
"[[1, 0], [0, 1]]","[[(1, 1), (0, 0)], [(0, 1), (1, 1)]]",40,1600,1.0,0.01,0.01,0.0,0.6,0.0,0.0,emotion,5,1,1.0,400,0.0,1.0,0.0,1.0,6.614,0.125,0.45,0.0,0.8,0.025,0.0,0.1,0.0,0.075,0.0
"[[1, 0], [0, 1]]","[[(1, 1), (0, 0)], [(0, 1), (1, 1)]]",40,1600,1.0,0.01,0.01,0.0,0.6,0.0,0.0,emotion,5,1,1.0,400,0.0,1.0,0.0,1.0,5.883,0.128,0.4,0.0,0.975,0.0,0.0,0.0,0.0,0.025,0.0
"[[1, 0], [0, 1]]","[[(1, 1), (0, 0)], [(0, 1), (1, 1)]]",40,1600,1.0,0.01,0.01,0.0,0.6,0.0,0.0,emotion,5,1,1.0,400,0.0,1.0,0.0,1.0,5.461,0.114,0.375,0.0,0.975,0.025,0.0,0.0,0.0,0.0,0.0
"[[1, 0], [0, 1]]","[[(1, 1), (0, 0)], [(0, 1), (1, 1)]]",40,1600,1.0,0.01,0.01,0.0,0.6,0.0,0.0,emotion,5,1,1.0,400,0.0,1.0,0.0,1.0,6.388,0.163,0.525,0.0,0.95,0.0,0.0,0.0,0.0,0.05,0.0
"[[1, 0], [0, 1]]","[[(1, 1), (0, 0)], [(0, 1), (1, 1)]]",40,1600,1.0,0.01,0.01,0.0,0.6,0.0,0.0,emotion,5,1,1.0,400,0.0,1.0,0.0,1.0,5.839,0.126,0.525,0.975,0.0,0.0,0.0,0.0,0.0,0.0,0.025
"[[1, 0], [0, 1]]","[[(1, 1), (0, 0)], [(0, 1), (1, 1)]]",40,1600,1.0,0.01,0.01,0.0,0.6,0.0,0.0,emotion,5,1,1.0,400,0.0,1.0,0.0,1.0,5.944,0.155,0.425,0.0,0.825,0.0,0.1,0.025,0.0,0.05,0.0
"[[1, 0], [0, 1]]","[[(1, 1), (0, 0)], [(0, 1), (1, 1)]]",40,1600,1.0,0.01,0.01,0.0,0.6,0.0,0.0,emotion,5,1,1.0,400,0.0,1.0,0.0,1.0,6.277,0.129,0.375,0.0,0.85,0.0,0.0,0.125,0.0,0.025,0.0
"[[1, 0], [0, 1]]","[[(1, 1), (0, 0)], [(0, 1), (1, 1)]]",40,1600,1.0,0.01,0.01,0.0,0.6,0.0,0.0,emotion,5,1,1.0,400,0.0,1.0,0.0,1.0,6.021,0.155,0.375,0.0,0.95,0.025,0.0,0.025,0.0,0.0,0.0
"[[1, 0], [0, 1]]","[[(1, 1), (0, 0)], [(0, 1), (1, 1)]]",40,1600,1.0,0.01,0.01,0.0,0.6,0.0,0.0,emotion,5,1,1.0,400,0.0,1.0,0.0,1.0,6.144,0.124,0.35,0.95,0.0,0.025,0.0,0.0,0.0,0.0,0.025
"[[1, 0], [0, 1]]","[[(1, 1), (0, 0)], [(0, 1), (1, 1)]]",40,1600,1.0,0.01,0.01,0.0,0.6,0.0,0.0,emotion,5,1,1.0,400,0.0,1.0,0.0,1.0,6.493,0.104,0.35,0.875,0.0,0.025,0.05,0.0,0.05,0.0,0.0
"[[1, 0], [0, 1]]","[[(1, 1), (0, 0)], [(0, 1), (1, 1)]]",40,1600,1.0,0.01,0.01,0.0,0.6,0.0,0.0,emotion,5,1,1.0,400,0.0,1.0,0.0,1.0,6.402,0.123,0.425,0.0,0.95,0.0,0.0,0.025,0.0,0.025,0.0
"[[1, 0], [0, 1]]","[[(1, 1), (0, 0)], [(0, 1), (1, 1)]]",40,1600,1.0,0.01,0.01,0.0,0.6,0.0,0.0,emotion,5,1,1.0,400,0.0,1.0,0.0,1.0,5.471,0.133,0.5,0.325,0.65,0.0,0.0,0.025,0.0,0.0,0.0
"[[1, 0], [0, 1]]","[[(1, 1), (0, 0)], [(0, 1), (1, 1)]]",40,1600,1.0,0.01,0.01,0.0,0.6,0.0,0.0,emotion,5,1,1.0,400,0.0,1.0,0.0,1.0,6.547,0.141,0.425,0.95,0.0,0.0,0.025,0.0,0.025,0.0,0.0
"[[1, 0], [0, 1]]","[[(1, 1), (0, 0)], [(0, 1), (1, 1)]]",40,1600,1.0,0.01,0.01,0.0,0.6,0.0,0.0,emotion,5,1,1.0,400,0.0,1.0,0.0,1.0,6.163,0.125,0.4,0.0,0.975,0.025,0.0,0.0,0.0,0.0,0.0
"[[1, 0], [0, 1]]","[[(1, 1), (0, 0)], [(0, 1), (1, 1)]]",40,1600,1.0,0.01,0.01,0.0,0.6,0.0,0.0,emotion,5,1,1.0,400,0.0,1.0,0.0,1.0,6.818,0.129,0.35,0.0,0.95,0.0,0.0,0.0,0.0,0.05,0.0
"[[1, 0], [0, 1]]","[[(1, 1), (0, 0)], [(0, 1), (1, 1)]]",40,1600,1.0,0.01,0.01,0.0,0.6,0.0,0.0,emotion,5,1,1.0,400,0.0,1.0,0.0,1.0,39.175,0.929,0.95,0.0,0.0,0.0,1.0,0.0,0.0,0.0,0.0
"[[1, 0], [0, 1]]","[[(1, 1), (0, 0)], [(0, 1), (1, 1)]]",40,1600,1.0,0.01,0.01,0.0,0.6,0.0,0.0,emotion,5,1,1.0,400,0.0,1.0,0.0,1.0,53.178,0.649,0.85,0.0,0.0,0.0,1.0,0.0,0.0,0.0,0.0
"[[1, 0], [0, 1]]","[[(1, 1), (0, 0)], [(0, 1), (1, 1)]]",40,1600,1.0,0.01,0.01,0.0,0.8,0.0,0.0,emotion,5,1,1.0,400,0.0,1.0,0.0,0.5,5.741,0.106,0.45,0.975,0.0,0.0,0.025,0.0,0.0,0.0,0.0
"[[1, 0], [0, 1]]","[[(1, 1), (0, 0)], [(0, 1), (1, 1)]]",40,1600,1.0,0.01,0.01,0.0,0.8,0.0,0.0,emotion,5,1,1.0,400,0.0,1.0,0.0,0.5,6.068,0.121,0.475,0.0,0.95,0.0,0.0,0.05,0.0,0.0,0.0
"[[1, 0], [0, 1]]","[[(1, 1), (0, 0)], [(0, 1), (1, 1)]]",40,1600,1.0,0.01,0.01,0.0,0.8,0.0,0.0,emotion,5,1,1.0,400,0.0,1.0,0.0,0.5,6.192,0.128,0.425,0.0,0.95,0.025,0.0,0.025,0.0,0.0,0.0
"[[1, 0], [0, 1]]","[[(1, 1), (0, 0)], [(0, 1), (1, 1)]]",40,1600,1.0,0.01,0.01,0.0,0.8,0.0,0.0,emotion,5,1,1.0,400,0.0,1.0,0.0,0.5,6.833,0.13,0.575,0.975,0.0,0.0,0.0,0.0,0.025,0.0,0.0
"[[1, 0], [0, 1]]","[[(1, 1), (0, 0)], [(0, 1), (1, 1)]]",40,1600,1.0,0.01,0.01,0.0,0.8,0.0,0.0,emotion,5,1,1.0,400,0.0,1.0,0.0,0.5,6.012,0.128,0.4,0.0,0.9,0.1,0.0,0.0,0.0,0.0,0.0
"[[1, 0], [0, 1]]","[[(1, 1), (0, 0)], [(0, 1), (1, 1)]]",40,1600,1.0,0.01,0.01,0.0,0.8,0.0,0.0,emotion,5,1,1.0,400,0.0,1.0,0.0,0.5,6.031,0.11,0.4,0.0,0.95,0.0,0.0,0.0,0.0,0.05,0.0
"[[1, 0], [0, 1]]","[[(1, 1), (0, 0)], [(0, 1), (1, 1)]]",40,1600,1.0,0.01,0.01,0.0,0.8,0.0,0.0,emotion,5,1,1.0,400,0.0,1.0,0.0,0.5,6.432,0.164,0.475,0.9,0.0,0.0,0.075,0.0,0.0,0.0,0.025
"[[1, 0], [0, 1]]","[[(1, 1), (0, 0)], [(0, 1), (1, 1)]]",40,1600,1.0,0.01,0.01,0.0,0.8,0.0,0.0,emotion,5,1,1.0,400,0.0,1.0,0.0,0.5,6.484,0.134,0.3,0.0,0.575,0.15,0.1,0.175,0.0,0.0,0.0
"[[1, 0], [0, 1]]","[[(1, 1), (0, 0)], [(0, 1), (1, 1)]]",40,1600,1.0,0.01,0.01,0.0,0.8,0.0,0.0,emotion,5,1,1.0,400,0.0,1.0,0.0,0.5,6.312,0.121,0.425,0.85,0.0,0.0,0.0,0.0,0.125,0.0,0.025
"[[1, 0], [0, 1]]","[[(1, 1), (0, 0)], [(0, 1), (1, 1)]]",40,1600,1.0,0.01,0.01,0.0,0.8,0.0,0.0,emotion,5,1,1.0,400,0.0,1.0,0.0,0.5,6.108,0.128,0.5,0.0,0.55,0.2,0.025,0.175,0.0,0.05,0.0
"[[1, 0], [0, 1]]","[[(1, 1), (0, 0)], [(0, 1), (1, 1)]]",40,1600,1.0,0.01,0.01,0.0,0.8,0.0,0.0,emotion,5,1,1.0,400,0.0,1.0,0.0,0.5,6.001,0.139,0.5,0.0,0.95,0.025,0.0,0.0,0.0,0.025,0.0
"[[1, 0], [0, 1]]","[[(1, 1), (0, 0)], [(0, 1), (1, 1)]]",40,1600,1.0,0.01,0.01,0.0,0.8,0.0,0.0,emotion,5,1,1.0,400,0.0,1.0,0.0,0.5,6.101,0.144,0.4,0.0,0.975,0.025,0.0,0.0,0.0,0.0,0.0
"[[1, 0], [0, 1]]","[[(1, 1), (0, 0)], [(0, 1), (1, 1)]]",40,1600,1.0,0.01,0.01,0.0,0.8,0.0,0.0,emotion,5,1,1.0,400,0.0,1.0,0.0,0.5,5.644,0.124,0.425,0.0,0.95,0.0,0.0,0.0,0.0,0.05,0.0
"[[1, 0], [0, 1]]","[[(1, 1), (0, 0)], [(0, 1), (1, 1)]]",40,1600,1.0,0.01,0.01,0.0,0.8,0.0,0.0,emotion,5,1,1.0,400,0.0,1.0,0.0,0.5,5.848,0.125,0.475,0.975,0.0,0.0,0.0,0.0,0.025,0.0,0.0
"[[1, 0], [0, 1]]","[[(1, 1), (0, 0)], [(0, 1), (1, 1)]]",40,1600,1.0,0.01,0.01,0.0,0.8,0.0,0.0,emotion,5,1,1.0,400,0.0,1.0,0.0,0.5,6.621,0.123,0.425,1.0,0.0,0.0,0.0,0.0,0.0,0.0,0.0
"[[1, 0], [0, 1]]","[[(1, 1), (0, 0)], [(0, 1), (1, 1)]]",40,1600,1.0,0.01,0.01,0.0,0.8,0.0,0.0,emotion,5,1,1.0,400,0.0,1.0,0.0,0.5,6.035,0.101,0.375,0.0,0.825,0.1,0.0,0.075,0.0,0.0,0.0
"[[1, 0], [0, 1]]","[[(1, 1), (0, 0)], [(0, 1), (1, 1)]]",40,1600,1.0,0.01,0.01,0.0,0.8,0.0,0.0,emotion,5,1,1.0,400,0.0,1.0,0.0,0.5,6.587,0.12,0.475,0.0,0.875,0.1,0.0,0.0,0.0,0.025,0.0
"[[1, 0], [0, 1]]","[[(1, 1), (0, 0)], [(0, 1), (1, 1)]]",40,1600,1.0,0.01,0.01,0.0,0.8,0.0,0.0,emotion,5,1,1.0,400,0.0,1.0,0.0,0.5,6.509,0.163,0.45,0.95,0.0,0.0,0.0,0.0,0.05,0.0,0.0
"[[1, 0], [0, 1]]","[[(1, 1), (0, 0)], [(0, 1), (1, 1)]]",40,1600,1.0,0.01,0.01,0.0,0.8,0.0,0.0,emotion,5,1,1.0,400,0.0,1.0,0.0,0.5,13.967,0.138,0.35,0.0,0.925,0.0,0.0,0.025,0.0,0.05,0.0
"[[1, 0], [0, 1]]","[[(1, 1), (0, 0)], [(0, 1), (1, 1)]]",40,1600,1.0,0.01,0.01,0.0,0.8,0.0,0.0,emotion,5,1,1.0,400,0.0,1.0,0.0,0.5,44.178,0.499,0.8,0.025,0.0,0.0,0.95,0.025,0.0,0.0,0.0
"[[1, 0], [0, 1]]","[[(1, 1), (0, 0)], [(0, 1), (1, 1)]]",40,1600,1.0,0.01,0.01,0.0,0.8,0.0,0.0,emotion,5,1,1.0,400,0.0,1.0,0.0,1.0,6.015,0.116,0.625,0.0,0.675,0.25,0.0,0.075,0.0,0.0,0.0
"[[1, 0], [0, 1]]","[[(1, 1), (0, 0)], [(0, 1), (1, 1)]]",40,1600,1.0,0.01,0.01,0.0,0.8,0.0,0.0,emotion,5,1,1.0,400,0.0,1.0,0.0,1.0,6.366,0.123,0.45,0.0,0.875,0.05,0.0,0.05,0.0,0.025,0.0
"[[1, 0], [0, 1]]","[[(1, 1), (0, 0)], [(0, 1), (1, 1)]]",40,1600,1.0,0.01,0.01,0.0,0.8,0.0,0.0,emotion,5,1,1.0,400,0.0,1.0,0.0,1.0,6.262,0.113,0.325,0.0,0.95,0.0,0.05,0.0,0.0,0.0,0.0
"[[1, 0], [0, 1]]","[[(1, 1), (0, 0)], [(0, 1), (1, 1)]]",40,1600,1.0,0.01,0.01,0.0,0.8,0.0,0.0,emotion,5,1,1.0,400,0.0,1.0,0.0,1.0,6.531,0.129,0.3,0.775,0.0,0.0,0.075,0.125,0.0,0.0,0.025
"[[1, 0], [0, 1]]","[[(1, 1), (0, 0)], [(0, 1), (1, 1)]]",40,1600,1.0,0.01,0.01,0.0,0.8,0.0,0.0,emotion,5,1,1.0,400,0.0,1.0,0.0,1.0,6.512,0.115,0.475,0.0,0.75,0.0,0.0,0.25,0.0,0.0,0.0
"[[1, 0], [0, 1]]","[[(1, 1), (0, 0)], [(0, 1), (1, 1)]]",40,1600,1.0,0.01,0.01,0.0,0.8,0.0,0.0,emotion,5,1,1.0,400,0.0,1.0,0.0,1.0,6.008,0.129,0.525,0.0,1.0,0.0,0.0,0.0,0.0,0.0,0.0
"[[1, 0], [0, 1]]","[[(1, 1), (0, 0)], [(0, 1), (1, 1)]]",40,1600,1.0,0.01,0.01,0.0,0.8,0.0,0.0,emotion,5,1,1.0,400,0.0,1.0,0.0,1.0,6.626,0.133,0.525,1.0,0.0,0.0,0.0,0.0,0.0,0.0,0.0
"[[1, 0], [0, 1]]","[[(1, 1), (0, 0)], [(0, 1), (1, 1)]]",40,1600,1.0,0.01,0.01,0.0,0.8,0.0,0.0,emotion,5,1,1.0,400,0.0,1.0,0.0,1.0,6.1,0.174,0.6,0.85,0.0,0.0,0.15,0.0,0.0,0.0,0.0
"[[1, 0], [0, 1]]","[[(1, 1), (0, 0)], [(0, 1), (1, 1)]]",40,1600,1.0,0.01,0.01,0.0,0.8,0.0,0.0,emotion,5,1,1.0,400,0.0,1.0,0.0,1.0,6.111,0.115,0.4,0.9,0.0,0.025,0.05,0.0,0.025,0.0,0.0
"[[1, 0], [0, 1]]","[[(1, 1), (0, 0)], [(0, 1), (1, 1)]]",40,1600,1.0,0.01,0.01,0.0,0.8,0.0,0.0,emotion,5,1,1.0,400,0.0,1.0,0.0,1.0,6.523,0.11,0.45,0.0,0.925,0.0,0.075,0.0,0.0,0.0,0.0
"[[1, 0], [0, 1]]","[[(1, 1), (0, 0)], [(0, 1), (1, 1)]]",40,1600,1.0,0.01,0.01,0.0,0.8,0.0,0.0,emotion,5,1,1.0,400,0.0,1.0,0.0,1.0,6.063,0.11,0.575,0.9,0.0,0.0,0.1,0.0,0.0,0.0,0.0
"[[1, 0], [0, 1]]","[[(1, 1), (0, 0)], [(0, 1), (1, 1)]]",40,1600,1.0,0.01,0.01,0.0,0.8,0.0,0.0,emotion,5,1,1.0,400,0.0,1.0,0.0,1.0,5.976,0.163,0.55,0.0,0.9,0.05,0.0,0.0,0.0,0.05,0.0
"[[1, 0], [0, 1]]","[[(1, 1), (0, 0)], [(0, 1), (1, 1)]]",40,1600,1.0,0.01,0.01,0.0,0.8,0.0,0.0,emotion,5,1,1.0,400,0.0,1.0,0.0,1.0,5.805,0.15,0.475,0.95,0.0,0.0,0.05,0.0,0.0,0.0,0.0
"[[1, 0], [0, 1]]","[[(1, 1), (0, 0)], [(0, 1), (1, 1)]]",40,1600,1.0,0.01,0.01,0.0,0.8,0.0,0.0,emotion,5,1,1.0,400,0.0,1.0,0.0,1.0,6.072,0.134,0.325,0.0,0.85,0.025,0.0,0.125,0.0,0.0,0.0
"[[1, 0], [0, 1]]","[[(1, 1), (0, 0)], [(0, 1), (1, 1)]]",40,1600,1.0,0.01,0.01,0.0,0.8,0.0,0.0,emotion,5,1,1.0,400,0.0,1.0,0.0,1.0,6.026,0.152,0.575,0.825,0.0,0.0,0.125,0.0,0.05,0.0,0.0
"[[1, 0], [0, 1]]","[[(1, 1), (0, 0)], [(0, 1), (1, 1)]]",40,1600,1.0,0.01,0.01,0.0,0.8,0.0,0.0,emotion,5,1,1.0,400,0.0,1.0,0.0,1.0,6.382,0.146,0.45,0.975,0.0,0.0,0.0,0.0,0.025,0.0,0.0
"[[1, 0], [0, 1]]","[[(1, 1), (0, 0)], [(0, 1), (1, 1)]]",40,1600,1.0,0.01,0.01,0.0,0.8,0.0,0.0,emotion,5,1,1.0,400,0.0,1.0,0.0,1.0,6.899,0.111,0.475,0.925,0.0,0.0,0.0,0.0,0.05,0.0,0.025
"[[1, 0], [0, 1]]","[[(1, 1), (0, 0)], [(0, 1), (1, 1)]]",40,1600,1.0,0.01,0.01,0.0,0.8,0.0,0.0,emotion,5,1,1.0,400,0.0,1.0,0.0,1.0,6.418,0.105,0.6,0.0,0.875,0.125,0.0,0.0,0.0,0.0,0.0
"[[1, 0], [0, 1]]","[[(1, 1), (0, 0)], [(0, 1), (1, 1)]]",40,1600,1.0,0.01,0.01,0.0,0.8,0.0,0.0,emotion,5,1,1.0,400,0.0,1.0,0.0,1.0,90.767,0.954,0.975,0.0,0.0,0.0,1.0,0.0,0.0,0.0,0.0
"[[1, 0], [0, 1]]","[[(1, 1), (0, 0)], [(0, 1), (1, 1)]]",40,1600,1.0,0.01,0.01,0.0,0.8,0.0,0.0,emotion,5,1,1.0,400,0.0,1.0,0.0,1.0,90.567,0.969,0.95,0.0,0.0,0.0,0.975,0.025,0.0,0.0,0.0
"[[0, 0], [0, 1]]","[[(1, 1), (0, 1)], [(0, 1), (0, 1)]]",40,1600,1.0,0.01,0.01,0.0,0.4,0.0,0.0,emotion,5,1,1.0,400,0.0,1.0,0.0,0.5,6.576,0.98,0.0,0.0,0.925,0.05,0.0,0.0,0.0,0.025,0.0
"[[0, 0], [0, 1]]","[[(1, 1), (0, 1)], [(0, 1), (0, 1)]]",40,1600,1.0,0.01,0.01,0.0,0.4,0.0,0.0,emotion,5,1,1.0,400,0.0,1.0,0.0,0.5,5.482,0.703,0.0,0.0,0.475,0.45,0.0,0.0,0.075,0.0,0.0
"[[0, 0], [0, 1]]","[[(1, 1), (0, 1)], [(0, 1), (0, 1)]]",40,1600,1.0,0.01,0.01,0.0,0.4,0.0,0.0,emotion,5,1,1.0,400,0.0,1.0,0.0,0.5,5.24,0.986,0.0,1.0,0.0,0.0,0.0,0.0,0.0,0.0,0.0
"[[0, 0], [0, 1]]","[[(1, 1), (0, 1)], [(0, 1), (0, 1)]]",40,1600,1.0,0.01,0.01,0.0,0.4,0.0,0.0,emotion,5,1,1.0,400,0.0,1.0,0.0,0.5,5.579,0.99,0.0,0.0,0.875,0.05,0.025,0.025,0.0,0.025,0.0
"[[0, 0], [0, 1]]","[[(1, 1), (0, 1)], [(0, 1), (0, 1)]]",40,1600,1.0,0.01,0.01,0.0,0.4,0.0,0.0,emotion,5,1,1.0,400,0.0,1.0,0.0,0.5,5.919,0.996,0.0,0.0,0.825,0.175,0.0,0.0,0.0,0.0,0.0
"[[0, 0], [0, 1]]","[[(1, 1), (0, 1)], [(0, 1), (0, 1)]]",40,1600,1.0,0.01,0.01,0.0,0.4,0.0,0.0,emotion,5,1,1.0,400,0.0,1.0,0.0,0.5,7.917,0.972,0.0,0.35,0.0,0.0,0.625,0.0,0.0,0.025,0.0
"[[0, 0], [0, 1]]","[[(1, 1), (0, 1)], [(0, 1), (0, 1)]]",40,1600,1.0,0.01,0.01,0.0,0.4,0.0,0.0,emotion,5,1,1.0,400,0.0,1.0,0.0,0.5,5.48,0.875,0.0,0.9,0.0,0.0,0.05,0.0,0.025,0.0,0.025
"[[0, 0], [0, 1]]","[[(1, 1), (0, 1)], [(0, 1), (0, 1)]]",40,1600,1.0,0.01,0.01,0.0,0.4,0.0,0.0,emotion,5,1,1.0,400,0.0,1.0,0.0,0.5,8.961,0.86,0.0,0.975,0.0,0.0,0.0,0.0,0.0,0.0,0.025
"[[0, 0], [0, 1]]","[[(1, 1), (0, 1)], [(0, 1), (0, 1)]]",40,1600,1.0,0.01,0.01,0.0,0.4,0.0,0.0,emotion,5,1,1.0,400,0.0,1.0,0.0,0.5,5.172,0.604,0.05,0.0,0.25,0.55,0.0,0.0,0.1,0.0,0.1
"[[0, 0], [0, 1]]","[[(1, 1), (0, 1)], [(0, 1), (0, 1)]]",40,1600,1.0,0.01,0.01,0.0,0.4,0.0,0.0,emotion,5,1,1.0,400,0.0,1.0,0.0,0.5,5.845,0.964,0.0,0.0,0.775,0.15,0.0,0.05,0.0,0.0,0.025
"[[0, 0], [0, 1]]","[[(1, 1), (0, 1)], [(0, 1), (0, 1)]]",40,1600,1.0,0.01,0.01,0.0,0.4,0.0,0.0,emotion,5,1,1.0,400,0.0,1.0,0.0,0.5,6.942,0.989,0.0,0.0,0.975,0.025,0.0,0.0,0.0,0.0,0.0
"[[0, 0], [0, 1]]","[[(1, 1), (0, 1)], [(0, 1), (0, 1)]]",40,1600,1.0,0.01,0.01,0.0,0.4,0.0,0.0,emotion,5,1,1.0,400,0.0,1.0,0.0,0.5,7.823,0.985,0.0,1.0,0.0,0.0,0.0,0.0,0.0,0.0,0.0
"[[0, 0], [0, 1]]","[[(1, 1), (0, 1)], [(0, 1), (0, 1)]]",40,1600,1.0,0.01,0.01,0.0,0.4,0.0,0.0,emotion,5,1,1.0,400,0.0,1.0,0.0,0.5,6.462,0.972,0.0,0.525,0.0,0.0,0.475,0.0,0.0,0.0,0.0
"[[0, 0], [0, 1]]","[[(1, 1), (0, 1)], [(0, 1), (0, 1)]]",40,1600,1.0,0.01,0.01,0.0,0.4,0.0,0.0,emotion,5,1,1.0,400,0.0,1.0,0.0,0.5,7.911,0.99,0.0,0.9,0.0,0.0,0.075,0.0,0.025,0.0,0.0
"[[0, 0], [0, 1]]","[[(1, 1), (0, 1)], [(0, 1), (0, 1)]]",40,1600,1.0,0.01,0.01,0.0,0.4,0.0,0.0,emotion,5,1,1.0,400,0.0,1.0,0.0,0.5,9.573,0.872,0.025,0.0,0.0,0.0,0.95,0.05,0.0,0.0,0.0
"[[0, 0], [0, 1]]","[[(1, 1), (0, 1)], [(0, 1), (0, 1)]]",40,1600,1.0,0.01,0.01,0.0,0.4,0.0,0.0,emotion,5,1,1.0,400,0.0,1.0,0.0,0.5,7.127,0.886,0.0,0.075,0.0,0.0,0.825,0.075,0.0,0.025,0.0
"[[0, 0], [0, 1]]","[[(1, 1), (0, 1)], [(0, 1), (0, 1)]]",40,1600,1.0,0.01,0.01,0.0,0.4,0.0,0.0,emotion,5,1,1.0,400,0.0,1.0,0.0,0.5,9.874,0.916,0.0,0.175,0.0,0.0,0.825,0.0,0.0,0.0,0.0
"[[0, 0], [0, 1]]","[[(1, 1), (0, 1)], [(0, 1), (0, 1)]]",40,1600,1.0,0.01,0.01,0.0,0.4,0.0,0.0,emotion,5,1,1.0,400,0.0,1.0,0.0,0.5,13.705,0.975,0.0,0.625,0.0,0.0,0.35,0.0,0.0,0.0,0.025
"[[0, 0], [0, 1]]","[[(1, 1), (0, 1)], [(0, 1), (0, 1)]]",40,1600,1.0,0.01,0.01,0.0,0.4,0.0,0.0,emotion,5,1,1.0,400,0.0,1.0,0.0,0.5,8.25,0.96,0.0,0.0,0.025,0.95,0.0,0.0,0.0,0.0,0.025
"[[0, 0], [0, 1]]","[[(1, 1), (0, 1)], [(0, 1), (0, 1)]]",40,1600,1.0,0.01,0.01,0.0,0.4,0.0,0.0,emotion,5,1,1.0,400,0.0,1.0,0.0,0.5,10.515,0.679,0.05,0.075,0.0,0.0,0.825,0.05,0.0,0.05,0.0
"[[0, 0], [0, 1]]","[[(1, 1), (0, 1)], [(0, 1), (0, 1)]]",40,1600,1.0,0.01,0.01,0.0,0.4,0.0,0.0,emotion,5,1,1.0,400,0.0,1.0,0.0,1.0,6.465,1.0,0.0,0.0,0.95,0.0,0.05,0.0,0.0,0.0,0.0
"[[0, 0], [0, 1]]","[[(1, 1), (0, 1)], [(0, 1), (0, 1)]]",40,1600,1.0,0.01,0.01,0.0,0.4,0.0,0.0,emotion,5,1,1.0,400,0.0,1.0,0.0,1.0,6.598,0.957,0.0,0.0,0.725,0.25,0.0,0.0,0.0,0.025,0.0
"[[0, 0], [0, 1]]","[[(1, 1), (0, 1)], [(0, 1), (0, 1)]]",40,1600,1.0,0.01,0.01,0.0,0.4,0.0,0.0,emotion,5,1,1.0,400,0.0,1.0,0.0,1.0,6.424,0.729,0.1,0.0,0.775,0.1,0.0,0.025,0.0,0.1,0.0
"[[0, 0], [0, 1]]","[[(1, 1), (0, 1)], [(0, 1), (0, 1)]]",40,1600,1.0,0.01,0.01,0.0,0.4,0.0,0.0,emotion,5,1,1.0,400,0.0,1.0,0.0,1.0,6.155,0.982,0.0,0.0,0.925,0.075,0.0,0.0,0.0,0.0,0.0
"[[0, 0], [0, 1]]","[[(1, 1), (0, 1)], [(0, 1), (0, 1)]]",40,1600,1.0,0.01,0.01,0.0,0.4,0.0,0.0,emotion,5,1,1.0,400,0.0,1.0,0.0,1.0,6.39,0.963,0.0,0.0,0.875,0.1,0.0,0.0,0.0,0.025,0.0
"[[0, 0], [0, 1]]","[[(1, 1), (0, 1)], [(0, 1), (0, 1)]]",40,1600,1.0,0.01,0.01,0.0,0.4,0.0,0.0,emotion,5,1,1.0,400,0.0,1.0,0.0,1.0,7.139,0.811,0.05,0.525,0.0,0.0,0.45,0.0,0.0,0.0,0.025
"[[0, 0], [0, 1]]","[[(1, 1), (0, 1)], [(0, 1), (0, 1)]]",40,1600,1.0,0.01,0.01,0.0,0.4,0.0,0.0,emotion,5,1,1.0,400,0.0,1.0,0.0,1.0,7.011,0.978,0.0,0.0,0.775,0.225,0.0,0.0,0.0,0.0,0.0
"[[0, 0], [0, 1]]","[[(1, 1), (0, 1)], [(0, 1), (0, 1)]]",40,1600,1.0,0.01,0.01,0.0,0.4,0.0,0.0,emotion,5,1,1.0,400,0.0,1.0,0.0,1.0,16.57,1.0,1.0,0.0,0.0,0.0,1.0,0.0,0.0,0.0,0.0
"[[0, 0], [0, 1]]","[[(1, 1), (0, 1)], [(0, 1), (0, 1)]]",40,1600,1.0,0.01,0.01,0.0,0.4,0.0,0.0,emotion,5,1,1.0,400,0.0,1.0,0.0,1.0,40.01,1.0,1.0,0.0,0.0,0.0,1.0,0.0,0.0,0.0,0.0
"[[0, 0], [0, 1]]","[[(1, 1), (0, 1)], [(0, 1), (0, 1)]]",40,1600,1.0,0.01,0.01,0.0,0.4,0.0,0.0,emotion,5,1,1.0,400,0.0,1.0,0.0,1.0,48.728,0.978,1.0,0.0,0.0,0.0,0.975,0.0,0.0,0.025,0.0
"[[0, 0], [0, 1]]","[[(1, 1), (0, 1)], [(0, 1), (0, 1)]]",40,1600,1.0,0.01,0.01,0.0,0.4,0.0,0.0,emotion,5,1,1.0,400,0.0,1.0,0.0,1.0,92.416,1.0,1.0,0.0,0.0,0.0,1.0,0.0,0.0,0.0,0.0
"[[0, 0], [0, 1]]","[[(1, 1), (0, 1)], [(0, 1), (0, 1)]]",40,1600,1.0,0.01,0.01,0.0,0.4,0.0,0.0,emotion,5,1,1.0,400,0.0,1.0,0.0,1.0,81.152,0.824,0.025,0.75,0.0,0.0,0.25,0.0,0.0,0.0,0.0
"[[0, 0], [0, 1]]","[[(1, 1), (0, 1)], [(0, 1), (0, 1)]]",40,1600,1.0,0.01,0.01,0.0,0.4,0.0,0.0,emotion,5,1,1.0,400,0.0,1.0,0.0,1.0,82.747,0.974,0.95,0.025,0.0,0.0,0.95,0.025,0.0,0.0,0.0
"[[0, 0], [0, 1]]","[[(1, 1), (0, 1)], [(0, 1), (0, 1)]]",40,1600,1.0,0.01,0.01,0.0,0.4,0.0,0.0,emotion,5,1,1.0,400,0.0,1.0,0.0,1.0,92.458,0.981,0.95,0.0,0.0,0.0,0.95,0.025,0.0,0.025,0.0
"[[0, 0], [0, 1]]","[[(1, 1), (0, 1)], [(0, 1), (0, 1)]]",40,1600,1.0,0.01,0.01,0.0,0.4,0.0,0.0,emotion,5,1,1.0,400,0.0,1.0,0.0,1.0,92.375,0.981,0.975,0.0,0.0,0.0,0.975,0.0,0.0,0.025,0.0
"[[0, 0], [0, 1]]","[[(1, 1), (0, 1)], [(0, 1), (0, 1)]]",40,1600,1.0,0.01,0.01,0.0,0.4,0.0,0.0,emotion,5,1,1.0,400,0.0,1.0,0.0,1.0,90.364,0.98,1.0,0.0,0.0,0.0,0.975,0.0,0.0,0.025,0.0
"[[0, 0], [0, 1]]","[[(1, 1), (0, 1)], [(0, 1), (0, 1)]]",40,1600,1.0,0.01,0.01,0.0,0.4,0.0,0.0,emotion,5,1,1.0,400,0.0,1.0,0.0,1.0,92.466,0.991,0.975,0.025,0.0,0.0,0.975,0.0,0.0,0.0,0.0
"[[0, 0], [0, 1]]","[[(1, 1), (0, 1)], [(0, 1), (0, 1)]]",40,1600,1.0,0.01,0.01,0.0,0.4,0.0,0.0,emotion,5,1,1.0,400,0.0,1.0,0.0,1.0,92.519,0.989,0.975,0.0,0.0,0.0,0.95,0.025,0.0,0.025,0.0
"[[0, 0], [0, 1]]","[[(1, 1), (0, 1)], [(0, 1), (0, 1)]]",40,1600,1.0,0.01,0.01,0.0,0.4,0.0,0.0,emotion,5,1,1.0,400,0.0,1.0,0.0,1.0,92.17,0.959,0.9,0.0,0.0,0.0,0.9,0.0,0.0,0.1,0.0
"[[0, 0], [0, 1]]","[[(1, 1), (0, 1)], [(0, 1), (0, 1)]]",40,1600,1.0,0.01,0.01,0.0,0.4,0.0,0.0,emotion,5,1,1.0,400,0.0,1.0,0.0,1.0,92.294,0.801,1.0,0.0,0.0,0.0,1.0,0.0,0.0,0.0,0.0
"[[0, 0], [0, 1]]","[[(1, 1), (0, 1)], [(0, 1), (0, 1)]]",40,1600,1.0,0.01,0.01,0.0,0.6,0.0,0.0,emotion,5,1,1.0,400,0.0,1.0,0.0,0.5,7.015,0.985,0.0,0.7,0.0,0.0,0.175,0.025,0.0,0.075,0.025
"[[0, 0], [0, 1]]","[[(1, 1), (0, 1)], [(0, 1), (0, 1)]]",40,1600,1.0,0.01,0.01,0.0,0.6,0.0,0.0,emotion,5,1,1.0,400,0.0,1.0,0.0,0.5,8.608,0.918,0.0,0.0,0.125,0.85,0.0,0.0,0.025,0.0,0.0
"[[0, 0], [0, 1]]","[[(1, 1), (0, 1)], [(0, 1), (0, 1)]]",40,1600,1.0,0.01,0.01,0.0,0.6,0.0,0.0,emotion,5,1,1.0,400,0.0,1.0,0.0,0.5,10.171,0.99,0.0,0.9,0.0,0.0,0.1,0.0,0.0,0.0,0.0
"[[0, 0], [0, 1]]","[[(1, 1), (0, 1)], [(0, 1), (0, 1)]]",40,1600,1.0,0.01,0.01,0.0,0.6,0.0,0.0,emotion,5,1,1.0,400,0.0,1.0,0.0,0.5,11.746,0.657,0.1,0.2,0.0,0.0,0.675,0.0,0.0,0.125,0.0
"[[0, 0], [0, 1]]","[[(1, 1), (0, 1)], [(0, 1), (0, 1)]]",40,1600,1.0,0.01,0.01,0.0,0.6,0.0,0.0,emotion,5,1,1.0,400,0.0,1.0,0.0,0.5,8.354,0.714,0.0,0.0,0.875,0.075,0.0,0.025,0.0,0.025,0.0
"[[0, 0], [0, 1]]","[[(1, 1), (0, 1)], [(0, 1), (0, 1)]]",40,1600,1.0,0.01,0.01,0.0,0.6,0.0,0.0,emotion,5,1,1.0,400,0.0,1.0,0.0,0.5,7.705,0.995,0.0,0.0,0.9,0.075,0.0,0.0,0.0,0.025,0.0
"[[0, 0], [0, 1]]","[[(1, 1), (0, 1)], [(0, 1), (0, 1)]]",40,1600,1.0,0.01,0.01,0.0,0.6,0.0,0.0,emotion,5,1,1.0,400,0.0,1.0,0.0,0.5,11.909,0.911,0.025,0.05,0.0,0.0,0.925,0.025,0.0,0.0,0.0
"[[0, 0], [0, 1]]","[[(1, 1), (0, 1)], [(0, 1), (0, 1)]]",40,1600,1.0,0.01,0.01,0.0,0.6,0.0,0.0,emotion,5,1,1.0,400,0.0,1.0,0.0,0.5,8.929,0.993,0.0,0.8,0.0,0.05,0.15,0.0,0.0,0.0,0.0
"[[0, 0], [0, 1]]","[[(1, 1), (0, 1)], [(0, 1), (0, 1)]]",40,1600,1.0,0.01,0.01,0.0,0.6,0.0,0.0,emotion,5,1,1.0,400,0.0,1.0,0.0,0.5,10.826,0.985,0.0,0.675,0.0,0.0,0.275,0.0,0.025,0.0,0.025
"[[0, 0], [0, 1]]","[[(1, 1), (0, 1)], [(0, 1), (0, 1)]]",40,1600,1.0,0.01,0.01,0.0,0.6,0.0,0.0,emotion,5,1,1.0,400,0.0,1.0,0.0,0.5,8.552,0.559,0.925,0.0,0.0,0.0,0.975,0.0,0.0,0.0,0.025
"[[0, 0], [0, 1]]","[[(1, 1), (0, 1)], [(0, 1), (0, 1)]]",40,1600,1.0,0.01,0.01,0.0,0.6,0.0,0.0,emotion,5,1,1.0,400,0.0,1.0,0.0,0.5,6.71,0.989,0.0,0.525,0.0,0.0,0.475,0.0,0.0,0.0,0.0
"[[0, 0], [0, 1]]","[[(1, 1), (0, 1)], [(0, 1), (0, 1)]]",40,1600,1.0,0.01,0.01,0.0,0.6,0.0,0.0,emotion,5,1,1.0,400,0.0,1.0,0.0,0.5,8.278,0.999,0.0,0.925,0.0,0.0,0.025,0.0,0.0,0.0,0.05
"[[0, 0], [0, 1]]","[[(1, 1), (0, 1)], [(0, 1), (0, 1)]]",40,1600,1.0,0.01,0.01,0.0,0.6,0.0,0.0,emotion,5,1,1.0,400,0.0,1.0,0.0,0.5,9.576,0.966,0.0,0.725,0.0,0.0,0.25,0.0,0.025,0.0,0.0
"[[0, 0], [0, 1]]","[[(1, 1), (0, 1)], [(0, 1), (0, 1)]]",40,1600,1.0,0.01,0.01,0.0,0.6,0.0,0.0,emotion,5,1,1.0,400,0.0,1.0,0.0,0.5,8.595,0.933,0.0,0.275,0.0,0.0,0.7,0.0,0.025,0.0,0.0
"[[0, 0], [0, 1]]","[[(1, 1), (0, 1)], [(0, 1), (0, 1)]]",40,1600,1.0,0.01,0.01,0.0,0.6,0.0,0.0,emotion,5,1,1.0,400,0.0,1.0,0.0,0.5,14.953,0.997,0.0,0.975,0.0,0.0,0.0,0.0,0.0,0.0,0.025
"[[0, 0], [0, 1]]","[[(1, 1), (0, 1)], [(0, 1), (0, 1)]]",40,1600,1.0,0.01,0.01,0.0,0.6,0.0,0.0,emotion,5,1,1.0,400,0.0,1.0,0.0,0.5,10.152,0.762,0.0,0.0,0.275,0.7,0.0,0.0,0.0,0.0,0.025
"[[0, 0], [0, 1]]","[[(1, 1), (0, 1)], [(0, 1), (0, 1)]]",40,1600,1.0,0.01,0.01,0.0,0.6,0.0,0.0,emotion,5,1,1.0,400,0.0,1.0,0.0,0.5,11.494,0.994,0.0,0.15,0.0,0.05,0.8,0.0,0.0,0.0,0.0
"[[0, 0], [0, 1]]","[[(1, 1), (0, 1)], [(0, 1), (0, 1)]]",40,1600,1.0,0.01,0.01,0.0,0.6,0.0,0.0,emotion,5,1,1.0,400,0.0,1.0,0.0,0.5,11.706,0.993,0.0,0.85,0.0,0.0,0.15,0.0,0.0,0.0,0.0
"[[0, 0], [0, 1]]","[[(1, 1), (0, 1)], [(0, 1), (0, 1)]]",40,1600,1.0,0.01,0.01,0.0,0.6,0.0,0.0,emotion,5,1,1.0,400,0.0,1.0,0.0,0.5,14.725,0.969,0.0,0.675,0.0,0.0,0.275,0.05,0.0,0.0,0.0
"[[0, 0], [0, 1]]","[[(1, 1), (0, 1)], [(0, 1), (0, 1)]]",40,1600,1.0,0.01,0.01,0.0,0.6,0.0,0.0,emotion,5,1,1.0,400,0.0,1.0,0.0,0.5,9.853,0.977,0.0,0.0,0.775,0.225,0.0,0.0,0.0,0.0,0.0
"[[0, 0], [0, 1]]","[[(1, 1), (0, 1)], [(0, 1), (0, 1)]]",40,1600,1.0,0.01,0.01,0.0,0.6,0.0,0.0,emotion,5,1,1.0,400,0.0,1.0,0.0,1.0,6.654,0.977,0.025,0.0,0.725,0.25,0.0,0.025,0.0,0.0,0.0
"[[0, 0], [0, 1]]","[[(1, 1), (0, 1)], [(0, 1), (0, 1)]]",40,1600,1.0,0.01,0.01,0.0,0.6,0.0,0.0,emotion,5,1,1.0,400,0.0,1.0,0.0,1.0,7.102,0.963,0.0,0.0,0.825,0.0,0.125,0.05,0.0,0.0,0.0
"[[0, 0], [0, 1]]","[[(1, 1), (0, 1)], [(0, 1), (0, 1)]]",40,1600,1.0,0.01,0.01,0.0,0.6,0.0,0.0,emotion,5,1,1.0,400,0.0,1.0,0.0,1.0,21.09,1.0,0.975,0.025,0.0,0.0,0.975,0.0,0.0,0.0,0.0
"[[0, 0], [0, 1]]","[[(1, 1), (0, 1)], [(0, 1), (0, 1)]]",40,1600,1.0,0.01,0.01,0.0,0.6,0.0,0.0,emotion,5,1,1.0,400,0.0,1.0,0.0,1.0,28.21,0.968,0.9,0.025,0.0,0.0,0.875,0.025,0.0,0.075,0.0
"[[0, 0], [0, 1]]","[[(1, 1), (0, 1)], [(0, 1), (0, 1)]]",40,1600,1.0,0.01,0.01,0.0,0.6,0.0,0.0,emotion,5,1,1.0,400,0.0,1.0,0.0,1.0,83.959,0.714,0.775,0.05,0.0,0.0,0.925,0.025,0.0,0.0,0.0
"[[0, 0], [0, 1]]","[[(1, 1), (0, 1)], [(0, 1), (0, 1)]]",40,1600,1.0,0.01,0.01,0.0,0.6,0.0,0.0,emotion,5,1,1.0,400,0.0,1.0,0.0,1.0,77.293,0.956,0.025,0.0,0.95,0.025,0.0,0.0,0.0,0.025,0.0
"[[0, 0], [0, 1]]","[[(1, 1), (0, 1)], [(0, 1), (0, 1)]]",40,1600,1.0,0.01,0.01,0.0,0.6,0.0,0.0,emotion,5,1,1.0,400,0.0,1.0,0.0,1.0,92.466,0.974,0.975,0.0,0.0,0.0,0.95,0.0,0.0,0.05,0.0
"[[0, 0], [0, 1]]","[[(1, 1), (0, 1)], [(0, 1), (0, 1)]]",40,1600,1.0,0.01,0.01,0.0,0.6,0.0,0.0,emotion,5,1,1.0,400,0.0,1.0,0.0,1.0,79.102,1.0,0.925,0.05,0.0,0.0,0.925,0.025,0.0,0.0,0.0
"[[0, 0], [0, 1]]","[[(1, 1), (0, 1)], [(0, 1), (0, 1)]]",40,1600,1.0,0.01,0.01,0.0,0.6,0.0,0.0,emotion,5,1,1.0,400,0.0,1.0,0.0,1.0,87.804,0.982,0.975,0.0,0.0,0.0,0.975,0.0,0.0,0.025,0.0
"[[0, 0], [0, 1]]","[[(1, 1), (0, 1)], [(0, 1), (0, 1)]]",40,1600,1.0,0.01,0.01,0.0,0.6,0.0,0.0,emotion,5,1,1.0,400,0.0,1.0,0.0,1.0,92.411,0.979,0.95,0.0,0.0,0.0,0.95,0.0,0.0,0.05,0.0
"[[0, 0], [0, 1]]","[[(1, 1), (0, 1)], [(0, 1), (0, 1)]]",40,1600,1.0,0.01,0.01,0.0,0.6,0.0,0.0,emotion,5,1,1.0,400,0.0,1.0,0.0,1.0,92.659,0.995,0.975,0.0,0.0,0.0,0.95,0.025,0.0,0.025,0.0
"[[0, 0], [0, 1]]","[[(1, 1), (0, 1)], [(0, 1), (0, 1)]]",40,1600,1.0,0.01,0.01,0.0,0.6,0.0,0.0,emotion,5,1,1.0,400,0.0,1.0,0.0,1.0,92.761,1.0,1.0,0.0,0.0,0.0,1.0,0.0,0.0,0.0,0.0
"[[0, 0], [0, 1]]","[[(1, 1), (0, 1)], [(0, 1), (0, 1)]]",40,1600,1.0,0.01,0.01,0.0,0.6,0.0,0.0,emotion,5,1,1.0,400,0.0,1.0,0.0,1.0,92.3,0.999,0.975,0.025,0.0,0.0,0.975,0.0,0.0,0.0,0.0
"[[0, 0], [0, 1]]","[[(1, 1), (0, 1)], [(0, 1), (0, 1)]]",40,1600,1.0,0.01,0.01,0.0,0.6,0.0,0.0,emotion,5,1,1.0,400,0.0,1.0,0.0,1.0,85.907,1.0,1.0,0.0,0.0,0.0,1.0,0.0,0.0,0.0,0.0
"[[0, 0], [0, 1]]","[[(1, 1), (0, 1)], [(0, 1), (0, 1)]]",40,1600,1.0,0.01,0.01,0.0,0.6,0.0,0.0,emotion,5,1,1.0,400,0.0,1.0,0.0,1.0,92.337,0.988,0.975,0.0,0.0,0.0,0.975,0.0,0.0,0.025,0.0
"[[0, 0], [0, 1]]","[[(1, 1), (0, 1)], [(0, 1), (0, 1)]]",40,1600,1.0,0.01,0.01,0.0,0.6,0.0,0.0,emotion,5,1,1.0,400,0.0,1.0,0.0,1.0,92.342,0.993,0.975,0.0,0.0,0.0,0.975,0.0,0.0,0.025,0.0
"[[0, 0], [0, 1]]","[[(1, 1), (0, 1)], [(0, 1), (0, 1)]]",40,1600,1.0,0.01,0.01,0.0,0.6,0.0,0.0,emotion,5,1,1.0,400,0.0,1.0,0.0,1.0,92.882,0.986,0.95,0.05,0.0,0.0,0.9,0.025,0.0,0.025,0.0
"[[0, 0], [0, 1]]","[[(1, 1), (0, 1)], [(0, 1), (0, 1)]]",40,1600,1.0,0.01,0.01,0.0,0.6,0.0,0.0,emotion,5,1,1.0,400,0.0,1.0,0.0,1.0,91.015,1.0,1.0,0.0,0.0,0.0,1.0,0.0,0.0,0.0,0.0
"[[0, 0], [0, 1]]","[[(1, 1), (0, 1)], [(0, 1), (0, 1)]]",40,1600,1.0,0.01,0.01,0.0,0.6,0.0,0.0,emotion,5,1,1.0,400,0.0,1.0,0.0,1.0,86.674,1.0,1.0,0.0,0.0,0.0,1.0,0.0,0.0,0.0,0.0
"[[0, 0], [0, 1]]","[[(1, 1), (0, 1)], [(0, 1), (0, 1)]]",40,1600,1.0,0.01,0.01,0.0,0.6,0.0,0.0,emotion,5,1,1.0,400,0.0,1.0,0.0,1.0,92.607,0.932,0.925,0.025,0.0,0.0,0.95,0.025,0.0,0.0,0.0
"[[0, 0], [0, 1]]","[[(1, 1), (0, 1)], [(0, 1), (0, 1)]]",40,1600,1.0,0.01,0.01,0.0,0.8,0.0,0.0,emotion,5,1,1.0,400,0.0,1.0,0.0,0.5,6.333,0.604,0.15,0.7,0.0,0.0,0.225,0.0,0.0,0.0,0.075
"[[0, 0], [0, 1]]","[[(1, 1), (0, 1)], [(0, 1), (0, 1)]]",40,1600,1.0,0.01,0.01,0.0,0.8,0.0,0.0,emotion,5,1,1.0,400,0.0,1.0,0.0,0.5,9.431,0.515,0.45,0.05,0.0,0.0,0.875,0.05,0.0,0.025,0.0
"[[0, 0], [0, 1]]","[[(1, 1), (0, 1)], [(0, 1), (0, 1)]]",40,1600,1.0,0.01,0.01,0.0,0.8,0.0,0.0,emotion,5,1,1.0,400,0.0,1.0,0.0,0.5,7.703,0.932,0.0,0.0,0.925,0.0,0.0,0.075,0.0,0.0,0.0
"[[0, 0], [0, 1]]","[[(1, 1), (0, 1)], [(0, 1), (0, 1)]]",40,1600,1.0,0.01,0.01,0.0,0.8,0.0,0.0,emotion,5,1,1.0,400,0.0,1.0,0.0,0.5,7.747,0.964,0.0,0.0,0.9,0.0,0.0,0.0,0.0,0.1,0.0
"[[0, 0], [0, 1]]","[[(1, 1), (0, 1)], [(0, 1), (0, 1)]]",40,1600,1.0,0.01,0.01,0.0,0.8,0.0,0.0,emotion,5,1,1.0,400,0.0,1.0,0.0,0.5,7.243,0.97,0.0,0.0,0.85,0.1,0.0,0.0,0.0,0.05,0.0
"[[0, 0], [0, 1]]","[[(1, 1), (0, 1)], [(0, 1), (0, 1)]]",40,1600,1.0,0.01,0.01,0.0,0.8,0.0,0.0,emotion,5,1,1.0,400,0.0,1.0,0.0,0.5,15.56,0.914,0.0,0.975,0.0,0.0,0.0,0.0,0.0,0.0,0.025
"[[0, 0], [0, 1]]","[[(1, 1), (0, 1)], [(0, 1), (0, 1)]]",40,1600,1.0,0.01,0.01,0.0,0.8,0.0,0.0,emotion,5,1,1.0,400,0.0,1.0,0.0,0.5,10.978,0.957,0.0,0.85,0.0,0.0,0.15,0.0,0.0,0.0,0.0
"[[0, 0], [0, 1]]","[[(1, 1), (0, 1)], [(0, 1), (0, 1)]]",40,1600,1.0,0.01,0.01,0.0,0.8,0.0,0.0,emotion,5,1,1.0,400,0.0,1.0,0.0,0.5,13.245,0.951,0.0,0.0,0.925,0.0,0.0,0.075,0.0,0.0,0.0
"[[0, 0], [0, 1]]","[[(1, 1), (0, 1)], [(0, 1), (0, 1)]]",40,1600,1.0,0.01,0.01,0.0,0.8,0.0,0.0,emotion,5,1,1.0,400,0.0,1.0,0.0,0.5,19.62,0.926,1.0,0.0,0.0,0.0,0.675,0.0,0.0,0.0,0.325
"[[0, 0], [0, 1]]","[[(1, 1), (0, 1)], [(0, 1), (0, 1)]]",40,1600,1.0,0.01,0.01,0.0,0.8,0.0,0.0,emotion,5,1,1.0,400,0.0,1.0,0.0,0.5,20.963,0.979,0.0,0.95,0.0,0.05,0.0,0.0,0.0,0.0,0.0
"[[0, 0], [0, 1]]","[[(1, 1), (0, 1)], [(0, 1), (0, 1)]]",40,1600,1.0,0.01,0.01,0.0,0.8,0.0,0.0,emotion,5,1,1.0,400,0.0,1.0,0.0,0.5,20.757,0.81,0.925,0.0,0.0,0.0,0.925,0.0,0.0,0.0,0.075
"[[0, 0], [0, 1]]","[[(1, 1), (0, 1)], [(0, 1), (0, 1)]]",40,1600,1.0,0.01,0.01,0.0,0.8,0.0,0.0,emotion,5,1,1.0,400,0.0,1.0,0.0,0.5,15.026,0.96,0.0,0.575,0.0,0.0,0.4,0.0,0.025,0.0,0.0
"[[0, 0], [0, 1]]","[[(1, 1), (0, 1)], [(0, 1), (0, 1)]]",40,1600,1.0,0.01,0.01,0.0,0.8,0.0,0.0,emotion,5,1,1.0,400,0.0,1.0,0.0,0.5,18.175,0.959,0.025,0.625,0.0,0.0,0.3,0.025,0.0,0.0,0.05
"[[0, 0], [0, 1]]","[[(1, 1), (0, 1)], [(0, 1), (0, 1)]]",40,1600,1.0,0.01,0.01,0.0,0.8,0.0,0.0,emotion,5,1,1.0,400,0.0,1.0,0.0,0.5,16.383,0.996,0.0,0.0,0.75,0.1,0.0,0.1,0.0,0.05,0.0
"[[0, 0], [0, 1]]","[[(1, 1), (0, 1)], [(0, 1), (0, 1)]]",40,1600,1.0,0.01,0.01,0.0,0.8,0.0,0.0,emotion,5,1,1.0,400,0.0,1.0,0.0,0.5,16.695,0.985,0.0,0.775,0.0,0.0,0.2,0.0,0.0,0.0,0.025
"[[0, 0], [0, 1]]","[[(1, 1), (0, 1)], [(0, 1), (0, 1)]]",40,1600,1.0,0.01,0.01,0.0,0.8,0.0,0.0,emotion,5,1,1.0,400,0.0,1.0,0.0,0.5,23.7,0.981,0.0,0.875,0.0,0.0,0.1,0.0,0.0,0.0,0.025
"[[0, 0], [0, 1]]","[[(1, 1), (0, 1)], [(0, 1), (0, 1)]]",40,1600,1.0,0.01,0.01,0.0,0.8,0.0,0.0,emotion,5,1,1.0,400,0.0,1.0,0.0,0.5,21.134,0.904,0.025,0.025,0.0,0.0,0.975,0.0,0.0,0.0,0.0
"[[0, 0], [0, 1]]","[[(1, 1), (0, 1)], [(0, 1), (0, 1)]]",40,1600,1.0,0.01,0.01,0.0,0.8,0.0,0.0,emotion,5,1,1.0,400,0.0,1.0,0.0,0.5,27.818,0.953,0.0,0.275,0.0,0.0,0.65,0.075,0.0,0.0,0.0
"[[0, 0], [0, 1]]","[[(1, 1), (0, 1)], [(0, 1), (0, 1)]]",40,1600,1.0,0.01,0.01,0.0,0.8,0.0,0.0,emotion,5,1,1.0,400,0.0,1.0,0.0,0.5,10.858,0.984,0.0,0.6,0.0,0.0,0.4,0.0,0.0,0.0,0.0
"[[0, 0], [0, 1]]","[[(1, 1), (0, 1)], [(0, 1), (0, 1)]]",40,1600,1.0,0.01,0.01,0.0,0.8,0.0,0.0,emotion,5,1,1.0,400,0.0,1.0,0.0,0.5,17.503,0.954,0.025,0.35,0.0,0.0,0.65,0.0,0.0,0.0,0.0
"[[0, 0], [0, 1]]","[[(1, 1), (0, 1)], [(0, 1), (0, 1)]]",40,1600,1.0,0.01,0.01,0.0,0.8,0.0,0.0,emotion,5,1,1.0,400,0.0,1.0,0.0,1.0,9.037,0.929,0.05,0.0,0.8,0.125,0.0,0.025,0.05,0.0,0.0
"[[0, 0], [0, 1]]","[[(1, 1), (0, 1)], [(0, 1), (0, 1)]]",40,1600,1.0,0.01,0.01,0.0,0.8,0.0,0.0,emotion,5,1,1.0,400,0.0,1.0,0.0,1.0,21.603,0.982,0.95,0.0,0.0,0.0,0.95,0.05,0.0,0.0,0.0
"[[0, 0], [0, 1]]","[[(1, 1), (0, 1)], [(0, 1), (0, 1)]]",40,1600,1.0,0.01,0.01,0.0,0.8,0.0,0.0,emotion,5,1,1.0,400,0.0,1.0,0.0,1.0,82.391,1.0,1.0,0.0,0.0,0.0,1.0,0.0,0.0,0.0,0.0
"[[0, 0], [0, 1]]","[[(1, 1), (0, 1)], [(0, 1), (0, 1)]]",40,1600,1.0,0.01,0.01,0.0,0.8,0.0,0.0,emotion,5,1,1.0,400,0.0,1.0,0.0,1.0,78.085,0.969,0.075,0.0,0.875,0.125,0.0,0.0,0.0,0.0,0.0
"[[0, 0], [0, 1]]","[[(1, 1), (0, 1)], [(0, 1), (0, 1)]]",40,1600,1.0,0.01,0.01,0.0,0.8,0.0,0.0,emotion,5,1,1.0,400,0.0,1.0,0.0,1.0,90.707,1.0,0.975,0.0,0.0,0.0,0.975,0.025,0.0,0.0,0.0
"[[0, 0], [0, 1]]","[[(1, 1), (0, 1)], [(0, 1), (0, 1)]]",40,1600,1.0,0.01,0.01,0.0,0.8,0.0,0.0,emotion,5,1,1.0,400,0.0,1.0,0.0,1.0,89.515,0.989,0.85,0.05,0.05,0.0,0.85,0.05,0.0,0.0,0.0
"[[0, 0], [0, 1]]","[[(1, 1), (0, 1)], [(0, 1), (0, 1)]]",40,1600,1.0,0.01,0.01,0.0,0.8,0.0,0.0,emotion,5,1,1.0,400,0.0,1.0,0.0,1.0,92.02,1.0,0.975,0.0,0.0,0.0,0.975,0.0,0.0,0.025,0.0
"[[0, 0], [0, 1]]","[[(1, 1), (0, 1)], [(0, 1), (0, 1)]]",40,1600,1.0,0.01,0.01,0.0,0.8,0.0,0.0,emotion,5,1,1.0,400,0.0,1.0,0.0,1.0,92.836,1.0,1.0,0.0,0.0,0.0,1.0,0.0,0.0,0.0,0.0
"[[0, 0], [0, 1]]","[[(1, 1), (0, 1)], [(0, 1), (0, 1)]]",40,1600,1.0,0.01,0.01,0.0,0.8,0.0,0.0,emotion,5,1,1.0,400,0.0,1.0,0.0,1.0,92.566,0.991,0.975,0.0,0.0,0.0,0.975,0.025,0.0,0.0,0.0
"[[0, 0], [0, 1]]","[[(1, 1), (0, 1)], [(0, 1), (0, 1)]]",40,1600,1.0,0.01,0.01,0.0,0.8,0.0,0.0,emotion,5,1,1.0,400,0.0,1.0,0.0,1.0,92.544,0.991,1.0,0.0,0.0,0.0,0.975,0.0,0.0,0.025,0.0
"[[0, 0], [0, 1]]","[[(1, 1), (0, 1)], [(0, 1), (0, 1)]]",40,1600,1.0,0.01,0.01,0.0,0.8,0.0,0.0,emotion,5,1,1.0,400,0.0,1.0,0.0,1.0,92.432,0.993,0.975,0.0,0.0,0.0,0.975,0.0,0.0,0.025,0.0
"[[0, 0], [0, 1]]","[[(1, 1), (0, 1)], [(0, 1), (0, 1)]]",40,1600,1.0,0.01,0.01,0.0,0.8,0.0,0.0,emotion,5,1,1.0,400,0.0,1.0,0.0,1.0,92.526,0.979,0.95,0.0,0.0,0.0,0.975,0.0,0.0,0.025,0.0
"[[0, 0], [0, 1]]","[[(1, 1), (0, 1)], [(0, 1), (0, 1)]]",40,1600,1.0,0.01,0.01,0.0,0.8,0.0,0.0,emotion,5,1,1.0,400,0.0,1.0,0.0,1.0,87.426,0.981,0.95,0.025,0.0,0.0,0.975,0.0,0.0,0.0,0.0
"[[0, 0], [0, 1]]","[[(1, 1), (0, 1)], [(0, 1), (0, 1)]]",40,1600,1.0,0.01,0.01,0.0,0.8,0.0,0.0,emotion,5,1,1.0,400,0.0,1.0,0.0,1.0,92.854,0.991,0.975,0.0,0.0,0.0,0.975,0.0,0.0,0.025,0.0
"[[0, 0], [0, 1]]","[[(1, 1), (0, 1)], [(0, 1), (0, 1)]]",40,1600,1.0,0.01,0.01,0.0,0.8,0.0,0.0,emotion,5,1,1.0,400,0.0,1.0,0.0,1.0,92.871,0.981,0.925,0.0,0.0,0.0,0.875,0.075,0.0,0.05,0.0
"[[0, 0], [0, 1]]","[[(1, 1), (0, 1)], [(0, 1), (0, 1)]]",40,1600,1.0,0.01,0.01,0.0,0.8,0.0,0.0,emotion,5,1,1.0,400,0.0,1.0,0.0,1.0,92.387,1.0,1.0,0.0,0.0,0.0,1.0,0.0,0.0,0.0,0.0
"[[0, 0], [0, 1]]","[[(1, 1), (0, 1)], [(0, 1), (0, 1)]]",40,1600,1.0,0.01,0.01,0.0,0.8,0.0,0.0,emotion,5,1,1.0,400,0.0,1.0,0.0,1.0,92.604,0.991,1.0,0.0,0.0,0.0,0.975,0.0,0.0,0.025,0.0
"[[0, 0], [0, 1]]","[[(1, 1), (0, 1)], [(0, 1), (0, 1)]]",40,1600,1.0,0.01,0.01,0.0,0.8,0.0,0.0,emotion,5,1,1.0,400,0.0,1.0,0.0,1.0,92.73,0.99,0.95,0.0,0.0,0.0,0.95,0.025,0.0,0.025,0.0
"[[0, 0], [0, 1]]","[[(1, 1), (0, 1)], [(0, 1), (0, 1)]]",40,1600,1.0,0.01,0.01,0.0,0.8,0.0,0.0,emotion,5,1,1.0,400,0.0,1.0,0.0,1.0,92.697,0.982,0.95,0.0,0.0,0.0,0.95,0.0,0.0,0.05,0.0
"[[0, 0], [0, 1]]","[[(1, 1), (0, 1)], [(0, 1), (0, 1)]]",40,1600,1.0,0.01,0.01,0.0,0.8,0.0,0.0,emotion,5,1,1.0,400,0.0,1.0,0.0,1.0,92.505,0.985,0.95,0.025,0.0,0.0,0.95,0.0,0.0,0.025,0.0
"[[0, 0], [0, 1]]","[[(1, 1), (0, 0)], [(0, 1), (1, 1)]]",40,1600,1.0,0.01,0.01,0.0,0.4,0.0,0.0,emotion,5,1,1.0,400,0.0,1.0,0.0,0.5,6.062,0.954,0.0,0.375,0.0,0.0,0.575,0.025,0.0,0.0,0.025
"[[0, 0], [0, 1]]","[[(1, 1), (0, 0)], [(0, 1), (1, 1)]]",40,1600,1.0,0.01,0.01,0.0,0.4,0.0,0.0,emotion,5,1,1.0,400,0.0,1.0,0.0,0.5,6.277,0.912,0.025,0.3,0.0,0.0,0.625,0.025,0.025,0.0,0.025
"[[0, 0], [0, 1]]","[[(1, 1), (0, 0)], [(0, 1), (1, 1)]]",40,1600,1.0,0.01,0.01,0.0,0.4,0.0,0.0,emotion,5,1,1.0,400,0.0,1.0,0.0,0.5,5.754,0.965,0.0,0.975,0.0,0.0,0.0,0.0,0.025,0.0,0.0
"[[0, 0], [0, 1]]","[[(1, 1), (0, 0)], [(0, 1), (1, 1)]]",40,1600,1.0,0.01,0.01,0.0,0.4,0.0,0.0,emotion,5,1,1.0,400,0.0,1.0,0.0,0.5,5.611,0.994,0.0,0.0,0.95,0.05,0.0,0.0,0.0,0.0,0.0
"[[0, 0], [0, 1]]","[[(1, 1), (0, 0)], [(0, 1), (1, 1)]]",40,1600,1.0,0.01,0.01,0.0,0.4,0.0,0.0,emotion,5,1,1.0,400,0.0,1.0,0.0,0.5,7.457,0.686,0.0,0.175,0.0,0.775,0.0,0.0,0.05,0.0,0.0
"[[0, 0], [0, 1]]","[[(1, 1), (0, 0)], [(0, 1), (1, 1)]]",40,1600,1.0,0.01,0.01,0.0,0.4,0.0,0.0,emotion,5,1,1.0,400,0.0,1.0,0.0,0.5,4.999,1.0,0.0,0.8,0.0,0.0,0.2,0.0,0.0,0.0,0.0
"[[0, 0], [0, 1]]","[[(1, 1), (0, 0)], [(0, 1), (1, 1)]]",40,1600,1.0,0.01,0.01,0.0,0.4,0.0,0.0,emotion,5,1,1.0,400,0.0,1.0,0.0,0.5,6.549,0.846,0.0,0.4,0.0,0.0,0.575,0.0,0.025,0.0,0.0
"[[0, 0], [0, 1]]","[[(1, 1), (0, 0)], [(0, 1), (1, 1)]]",40,1600,1.0,0.01,0.01,0.0,0.4,0.0,0.0,emotion,5,1,1.0,400,0.0,1.0,0.0,0.5,6.586,0.876,0.0,0.475,0.5,0.0,0.0,0.0,0.0,0.0,0.025
"[[0, 0], [0, 1]]","[[(1, 1), (0, 0)], [(0, 1), (1, 1)]]",40,1600,1.0,0.01,0.01,0.0,0.4,0.0,0.0,emotion,5,1,1.0,400,0.0,1.0,0.0,0.5,7.575,0.919,0.0,0.975,0.0,0.0,0.0,0.0,0.0,0.0,0.025
"[[0, 0], [0, 1]]","[[(1, 1), (0, 0)], [(0, 1), (1, 1)]]",40,1600,1.0,0.01,0.01,0.0,0.4,0.0,0.0,emotion,5,1,1.0,400,0.0,1.0,0.0,0.5,7.533,0.989,0.0,0.925,0.0,0.0,0.025,0.0,0.0,0.0,0.05
"[[0, 0], [0, 1]]","[[(1, 1), (0, 0)], [(0, 1), (1, 1)]]",40,1600,1.0,0.01,0.01,0.0,0.4,0.0,0.0,emotion,5,1,1.0,400,0.0,1.0,0.0,0.5,7.2,0.985,0.0,0.0,0.85,0.125,0.0,0.025,0.0,0.0,0.0
"[[0, 0], [0, 1]]","[[(1, 1), (0, 0)], [(0, 1), (1, 1)]]",40,1600,1.0,0.01,0.01,0.0,0.4,0.0,0.0,emotion,5,1,1.0,400,0.0,1.0,0.0,0.5,7.224,0.969,0.0,0.25,0.0,0.0,0.75,0.0,0.0,0.0,0.0
"[[0, 0], [0, 1]]","[[(1, 1), (0, 0)], [(0, 1), (1, 1)]]",40,1600,1.0,0.01,0.01,0.0,0.4,0.0,0.0,emotion,5,1,1.0,400,0.0,1.0,0.0,0.5,7.434,0.988,0.0,0.0,0.85,0.15,0.0,0.0,0.0,0.0,0.0
"[[0, 0], [0, 1]]","[[(1, 1), (0, 0)], [(0, 1), (1, 1)]]",40,1600,1.0,0.01,0.01,0.0,0.4,0.0,0.0,emotion,5,1,1.0,400,0.0,1.0,0.0,0.5,8.633,0.978,0.0,0.0,0.625,0.375,0.0,0.0,0.0,0.0,0.0
"[[0, 0], [0, 1]]","[[(1, 1), (0, 0)], [(0, 1), (1, 1)]]",40,1600,1.0,0.01,0.01,0.0,0.4,0.0,0.0,emotion,5,1,1.0,400,0.0,1.0,0.0,0.5,8.258,0.846,0.0,0.2,0.0,0.0,0.675,0.1,0.025,0.0,0.0
"[[0, 0], [0, 1]]","[[(1, 1), (0, 0)], [(0, 1), (1, 1)]]",40,1600,1.0,0.01,0.01,0.0,0.4,0.0,0.0,emotion,5,1,1.0,400,0.0,1.0,0.0,0.5,7.483,0.968,0.0,0.15,0.0,0.0,0.825,0.025,0.0,0.0,0.0
"[[0, 0], [0, 1]]","[[(1, 1), (0, 0)], [(0, 1), (1, 1)]]",40,1600,1.0,0.01,0.01,0.0,0.4,0.0,0.0,emotion,5,1,1.0,400,0.0,1.0,0.0,0.5,6.832,0.982,0.0,0.65,0.0,0.0,0.325,0.025,0.0,0.0,0.0
"[[0, 0], [0, 1]]","[[(1, 1), (0, 0)], [(0, 1), (1, 1)]]",40,1600,1.0,0.01,0.01,0.0,0.4,0.0,0.0,emotion,5,1,1.0,400,0.0,1.0,0.0,0.5,8.645,0.99,0.0,0.0,0.575,0.375,0.0,0.025,0.025,0.0,0.0
"[[0, 0], [0, 1]]","[[(1, 1), (0, 0)], [(0, 1), (1, 1)]]",40,1600,1.0,0.01,0.01,0.0,0.4,0.0,0.0,emotion,5,1,1.0,400,0.0,1.0,0.0,0.5,8.158,0.927,0.0,0.425,0.0,0.0,0.475,0.025,0.05,0.0,0.025
"[[0, 0], [0, 1]]","[[(1, 1), (0, 0)], [(0, 1), (1, 1)]]",40,1600,1.0,0.01,0.01,0.0,0.4,0.0,0.0,emotion,5,1,1.0,400,0.0,1.0,0.0,0.5,7.052,0.999,0.0,0.975,0.0,0.0,0.025,0.0,0.0,0.0,0.0
"[[0, 0], [0, 1]]","[[(1, 1), (0, 0)], [(0, 1), (1, 1)]]",40,1600,1.0,0.01,0.01,0.0,0.4,0.0,0.0,emotion,5,1,1.0,400,0.0,1.0,0.0,1.0,40.525,0.256,0.5,0.025,0.0,0.0,0.0,0.0,0.95,0.025,0.0
"[[0, 0], [0, 1]]","[[(1, 1), (0, 0)], [(0, 1), (1, 1)]]",40,1600,1.0,0.01,0.01,0.0,0.4,0.0,0.0,emotion,5,1,1.0,400,0.0,1.0,0.0,1.0,36.171,0.918,0.025,0.0,0.575,0.4,0.0,0.025,0.0,0.0,0.0
"[[0, 0], [0, 1]]","[[(1, 1), (0, 0)], [(0, 1), (1, 1)]]",40,1600,1.0,0.01,0.01,0.0,0.4,0.0,0.0,emotion,5,1,1.0,400,0.0,1.0,0.0,1.0,35.389,0.749,1.0,0.0,0.0,0.0,0.725,0.0,0.0,0.275,0.0
"[[0, 0], [0, 1]]","[[(1, 1), (0, 0)], [(0, 1), (1, 1)]]",40,1600,1.0,0.01,0.01,0.0,0.4,0.0,0.0,emotion,5,1,1.0,400,0.0,1.0,0.0,1.0,40.494,0.863,0.025,0.425,0.0,0.0,0.575,0.0,0.0,0.0,0.0
"[[0, 0], [0, 1]]","[[(1, 1), (0, 0)], [(0, 1), (1, 1)]]",40,1600,1.0,0.01,0.01,0.0,0.4,0.0,0.0,emotion,5,1,1.0,400,0.0,1.0,0.0,1.0,49.834,0.9,0.975,0.0,0.0,0.0,0.95,0.025,0.0,0.025,0.0
"[[0, 0], [0, 1]]","[[(1, 1), (0, 0)], [(0, 1), (1, 1)]]",40,1600,1.0,0.01,0.01,0.0,0.4,0.0,0.0,emotion,5,1,1.0,400,0.0,1.0,0.0,1.0,46.194,0.784,0.925,0.025,0.0,0.0,0.975,0.0,0.0,0.0,0.0
"[[0, 0], [0, 1]]","[[(1, 1), (0, 0)], [(0, 1), (1, 1)]]",40,1600,1.0,0.01,0.01,0.0,0.4,0.0,0.0,emotion,5,1,1.0,400,0.0,1.0,0.0,1.0,58.243,0.991,0.0,0.0,0.95,0.0,0.0,0.025,0.0,0.025,0.0
"[[0, 0], [0, 1]]","[[(1, 1), (0, 0)], [(0, 1), (1, 1)]]",40,1600,1.0,0.01,0.01,0.0,0.4,0.0,0.0,emotion,5,1,1.0,400,0.0,1.0,0.0,1.0,62.973,0.7,0.3,0.2,0.0,0.0,0.75,0.05,0.0,0.0,0.0
"[[0, 0], [0, 1]]","[[(1, 1), (0, 0)], [(0, 1), (1, 1)]]",40,1600,1.0,0.01,0.01,0.0,0.4,0.0,0.0,emotion,5,1,1.0,400,0.0,1.0,0.0,1.0,74.554,0.634,0.875,0.0,0.0,0.0,0.95,0.0,0.0,0.05,0.0
"[[0, 0], [0, 1]]","[[(1, 1), (0, 0)], [(0, 1), (1, 1)]]",40,1600,1.0,0.01,0.01,0.0,0.4,0.0,0.0,emotion,5,1,1.0,400,0.0,1.0,0.0,1.0,61.142,0.925,0.0,0.875,0.0,0.0,0.05,0.0,0.075,0.0,0.0
"[[0, 0], [0, 1]]","[[(1, 1), (0, 0)], [(0, 1), (1, 1)]]",40,1600,1.0,0.01,0.01,0.0,0.4,0.0,0.0,emotion,5,1,1.0,400,0.0,1.0,0.0,1.0,56.261,0.625,0.825,0.0,0.0,0.0,0.875,0.0,0.025,0.1,0.0
"[[0, 0], [0, 1]]","[[(1, 1), (0, 0)], [(0, 1), (1, 1)]]",40,1600,1.0,0.01,0.01,0.0,0.4,0.0,0.0,emotion,5,1,1.0,400,0.0,1.0,0.0,1.0,60.069,0.522,0.1,0.3,0.0,0.0,0.575,0.0,0.1,0.025,0.0
"[[0, 0], [0, 1]]","[[(1, 1), (0, 0)], [(0, 1), (1, 1)]]",40,1600,1.0,0.01,0.01,0.0,0.4,0.0,0.0,emotion,5,1,1.0,400,0.0,1.0,0.0,1.0,65.977,0.475,0.725,0.075,0.0,0.0,0.825,0.05,0.0,0.05,0.0
"[[0, 0], [0, 1]]","[[(1, 1), (0, 0)], [(0, 1), (1, 1)]]",40,1600,1.0,0.01,0.01,0.0,0.4,0.0,0.0,emotion,5,1,1.0,400,0.0,1.0,0.0,1.0,77.723,0.832,0.975,0.0,0.0,0.0,1.0,0.0,0.0,0.0,0.0
"[[0, 0], [0, 1]]","[[(1, 1), (0, 0)], [(0, 1), (1, 1)]]",40,1600,1.0,0.01,0.01,0.0,0.4,0.0,0.0,emotion,5,1,1.0,400,0.0,1.0,0.0,1.0,66.591,0.64,0.975,0.0,0.0,0.0,0.925,0.025,0.0,0.05,0.0
"[[0, 0], [0, 1]]","[[(1, 1), (0, 0)], [(0, 1), (1, 1)]]",40,1600,1.0,0.01,0.01,0.0,0.4,0.0,0.0,emotion,5,1,1.0,400,0.0,1.0,0.0,1.0,72.486,0.707,0.9,0.0,0.0,0.0,1.0,0.0,0.0,0.0,0.0
"[[0, 0], [0, 1]]","[[(1, 1), (0, 0)], [(0, 1), (1, 1)]]",40,1600,1.0,0.01,0.01,0.0,0.4,0.0,0.0,emotion,5,1,1.0,400,0.0,1.0,0.0,1.0,73.859,0.56,0.825,0.025,0.0,0.0,0.95,0.025,0.0,0.0,0.0
"[[0, 0], [0, 1]]","[[(1, 1), (0, 0)], [(0, 1), (1, 1)]]",40,1600,1.0,0.01,0.01,0.0,0.4,0.0,0.0,emotion,5,1,1.0,400,0.0,1.0,0.0,1.0,64.43,0.644,0.9,0.0,0.0,0.0,0.825,0.05,0.0,0.125,0.0
"[[0, 0], [0, 1]]","[[(1, 1), (0, 0)], [(0, 1), (1, 1)]]",40,1600,1.0,0.01,0.01,0.0,0.4,0.0,0.0,emotion,5,1,1.0,400,0.0,1.0,0.0,1.0,77.949,0.921,1.0,0.0,0.0,0.0,0.95,0.0,0.0,0.05,0.0
"[[0, 0], [0, 1]]","[[(1, 1), (0, 0)], [(0, 1), (1, 1)]]",40,1600,1.0,0.01,0.01,0.0,0.4,0.0,0.0,emotion,5,1,1.0,400,0.0,1.0,0.0,1.0,78.462,0.67,0.925,0.025,0.0,0.0,0.925,0.0,0.0,0.05,0.0
"[[0, 0], [0, 1]]","[[(1, 1), (0, 0)], [(0, 1), (1, 1)]]",40,1600,1.0,0.01,0.01,0.0,0.6,0.0,0.0,emotion,5,1,1.0,400,0.0,1.0,0.0,0.5,7.209,0.761,0.1,0.025,0.0,0.3,0.625,0.0,0.0,0.05,0.0
"[[0, 0], [0, 1]]","[[(1, 1), (0, 0)], [(0, 1), (1, 1)]]",40,1600,1.0,0.01,0.01,0.0,0.6,0.0,0.0,emotion,5,1,1.0,400,0.0,1.0,0.0,0.5,9.42,0.789,0.025,0.0,0.95,0.0,0.0,0.0,0.0,0.05,0.0
"[[0, 0], [0, 1]]","[[(1, 1), (0, 0)], [(0, 1), (1, 1)]]",40,1600,1.0,0.01,0.01,0.0,0.6,0.0,0.0,emotion,5,1,1.0,400,0.0,1.0,0.0,0.5,6.603,0.982,0.0,0.0,0.775,0.225,0.0,0.0,0.0,0.0,0.0
"[[0, 0], [0, 1]]","[[(1, 1), (0, 0)], [(0, 1), (1, 1)]]",40,1600,1.0,0.01,0.01,0.0,0.6,0.0,0.0,emotion,5,1,1.0,400,0.0,1.0,0.0,0.5,7.387,0.994,0.0,0.875,0.0,0.0,0.125,0.0,0.0,0.0,0.0
"[[0, 0], [0, 1]]","[[(1, 1), (0, 0)], [(0, 1), (1, 1)]]",40,1600,1.0,0.01,0.01,0.0,0.6,0.0,0.0,emotion,5,1,1.0,400,0.0,1.0,0.0,0.5,6.729,0.936,0.0,0.0,0.0,0.0,1.0,0.0,0.0,0.0,0.0
"[[0, 0], [0, 1]]","[[(1, 1), (0, 0)], [(0, 1), (1, 1)]]",40,1600,1.0,0.01,0.01,0.0,0.6,0.0,0.0,emotion,5,1,1.0,400,0.0,1.0,0.0,0.5,8.331,0.956,0.0,0.0,0.675,0.275,0.0,0.0,0.0,0.025,0.025
"[[0, 0], [0, 1]]","[[(1, 1), (0, 0)], [(0, 1), (1, 1)]]",40,1600,1.0,0.01,0.01,0.0,0.6,0.0,0.0,emotion,5,1,1.0,400,0.0,1.0,0.0,0.5,9.934,0.995,0.0,0.85,0.0,0.0,0.15,0.0,0.0,0.0,0.0
"[[0, 0], [0, 1]]","[[(1, 1), (0, 0)], [(0, 1), (1, 1)]]",40,1600,1.0,0.01,0.01,0.0,0.6,0.0,0.0,emotion,5,1,1.0,400,0.0,1.0,0.0,0.5,11.171,0.974,0.0,0.475,0.0,0.0,0.475,0.0,0.0,0.025,0.025
"[[0, 0], [0, 1]]","[[(1, 1), (0, 0)], [(0, 1), (1, 1)]]",40,1600,1.0,0.01,0.01,0.0,0.6,0.0,0.0,emotion,5,1,1.0,400,0.0,1.0,0.0,0.5,7.871,1.0,0.0,0.9,0.0,0.1,0.0,0.0,0.0,0.0,0.0
"[[0, 0], [0, 1]]","[[(1, 1), (0, 0)], [(0, 1), (1, 1)]]",40,1600,1.0,0.01,0.01,0.0,0.6,0.0,0.0,emotion,5,1,1.0,400,0.0,1.0,0.0,0.5,10.94,0.953,0.0,0.0,0.575,0.35,0.0,0.0,0.075,0.0,0.0
"[[0, 0], [0, 1]]","[[(1, 1), (0, 0)], [(0, 1), (1, 1)]]",40,1600,1.0,0.01,0.01,0.0,0.6,0.0,0.0,emotion,5,1,1.0,400,0.0,1.0,0.0,0.5,8.444,0.861,0.0,0.6,0.0,0.0,0.275,0.0,0.125,0.0,0.0
"[[0, 0], [0, 1]]","[[(1, 1), (0, 0)], [(0, 1), (1, 1)]]",40,1600,1.0,0.01,0.01,0.0,0.6,0.0,0.0,emotion,5,1,1.0,400,0.0,1.0,0.0,0.5,9.837,0.792,0.025,0.15,0.0,0.0,0.7,0.0,0.0,0.15,0.0
"[[0, 0], [0, 1]]","[[(1, 1), (0, 0)], [(0, 1), (1, 1)]]",40,1600,1.0,0.01,0.01,0.0,0.6,0.0,0.0,emotion,5,1,1.0,400,0.0,1.0,0.0,0.5,7.816,0.979,0.0,0.45,0.425,0.0,0.1,0.0,0.025,0.0,0.0
"[[0, 0], [0, 1]]","[[(1, 1), (0, 0)], [(0, 1), (1, 1)]]",40,1600,1.0,0.01,0.01,0.0,0.6,0.0,0.0,emotion,5,1,1.0,400,0.0,1.0,0.0,0.5,8.506,0.744,0.0,0.0,0.8,0.05,0.025,0.0,0.05,0.05,0.025
"[[0, 0], [0, 1]]","[[(1, 1), (0, 0)], [(0, 1), (1, 1)]]",40,1600,1.0,0.01,0.01,0.0,0.6,0.0,0.0,emotion,5,1,1.0,400,0.0,1.0,0.0,0.5,7.064,0.869,0.025,0.025,0.0,0.0,0.925,0.025,0.0,0.025,0.0
"[[0, 0], [0, 1]]","[[(1, 1), (0, 0)], [(0, 1), (1, 1)]]",40,1600,1.0,0.01,0.01,0.0,0.6,0.0,0.0,emotion,5,1,1.0,400,0.0,1.0,0.0,0.5,9.452,0.991,0.0,1.0,0.0,0.0,0.0,0.0,0.0,0.0,0.0
"[[0, 0], [0, 1]]","[[(1, 1), (0, 0)], [(0, 1), (1, 1)]]",40,1600,1.0,0.01,0.01,0.0,0.6,0.0,0.0,emotion,5,1,1.0,400,0.0,1.0,0.0,0.5,7.584,0.995,0.0,0.8,0.0,0.0,0.175,0.0,0.0,0.0,0.025
"[[0, 0], [0, 1]]","[[(1, 1), (0, 0)], [(0, 1), (1, 1)]]",40,1600,1.0,0.01,0.01,0.0,0.6,0.0,0.0,emotion,5,1,1.0,400,0.0,1.0,0.0,0.5,7.866,0.589,0.125,0.025,0.0,0.0,0.875,0.0,0.0,0.1,0.0
"[[0, 0], [0, 1]]","[[(1, 1), (0, 0)], [(0, 1), (1, 1)]]",40,1600,1.0,0.01,0.01,0.0,0.6,0.0,0.0,emotion,5,1,1.0,400,0.0,1.0,0.0,0.5,8.255,1.0,0.0,0.6,0.0,0.0,0.4,0.0,0.0,0.0,0.0
"[[0, 0], [0, 1]]","[[(1, 1), (0, 0)], [(0, 1), (1, 1)]]",40,1600,1.0,0.01,0.01,0.0,0.6,0.0,0.0,emotion,5,1,1.0,400,0.0,1.0,0.0,0.5,9.82,0.618,0.025,0.025,0.0,0.0,0.925,0.05,0.0,0.0,0.0
"[[0, 0], [0, 1]]","[[(1, 1), (0, 0)], [(0, 1), (1, 1)]]",40,1600,1.0,0.01,0.01,0.0,0.6,0.0,0.0,emotion,5,1,1.0,400,0.0,1.0,0.0,1.0,60.56,0.545,0.125,0.0,0.2,0.0,0.025,0.7,0.0,0.025,0.05
"[[0, 0], [0, 1]]","[[(1, 1), (0, 0)], [(0, 1), (1, 1)]]",40,1600,1.0,0.01,0.01,0.0,0.6,0.0,0.0,emotion,5,1,1.0,400,0.0,1.0,0.0,1.0,67.068,0.865,0.95,0.0,0.0,0.0,0.975,0.0,0.0,0.025,0.0
"[[0, 0], [0, 1]]","[[(1, 1), (0, 0)], [(0, 1), (1, 1)]]",40,1600,1.0,0.01,0.01,0.0,0.6,0.0,0.0,emotion,5,1,1.0,400,0.0,1.0,0.0,1.0,62.622,0.885,0.075,0.65,0.025,0.225,0.0,0.0,0.075,0.0,0.025
"[[0, 0], [0, 1]]","[[(1, 1), (0, 0)], [(0, 1), (1, 1)]]",40,1600,1.0,0.01,0.01,0.0,0.6,0.0,0.0,emotion,5,1,1.0,400,0.0,1.0,0.0,1.0,70.945,0.955,0.025,0.85,0.0,0.0,0.05,0.0,0.0,0.0,0.1
"[[0, 0], [0, 1]]","[[(1, 1), (0, 0)], [(0, 1), (1, 1)]]",40,1600,1.0,0.01,0.01,0.0,0.6,0.0,0.0,emotion,5,1,1.0,400,0.0,1.0,0.0,1.0,68.014,0.72,0.925,0.025,0.0,0.0,0.925,0.0,0.0,0.05,0.0
"[[0, 0], [0, 1]]","[[(1, 1), (0, 0)], [(0, 1), (1, 1)]]",40,1600,1.0,0.01,0.01,0.0,0.6,0.0,0.0,emotion,5,1,1.0,400,0.0,1.0,0.0,1.0,78.268,0.749,0.9,0.0,0.0,0.0,0.8,0.0,0.0,0.2,0.0
"[[0, 0], [0, 1]]","[[(1, 1), (0, 0)], [(0, 1), (1, 1)]]",40,1600,1.0,0.01,0.01,0.0,0.6,0.0,0.0,emotion,5,1,1.0,400,0.0,1.0,0.0,1.0,72.218,0.755,0.875,0.05,0.0,0.0,0.85,0.0,0.0,0.1,0.0
"[[0, 0], [0, 1]]","[[(1, 1), (0, 0)], [(0, 1), (1, 1)]]",40,1600,1.0,0.01,0.01,0.0,0.6,0.0,0.0,emotion,5,1,1.0,400,0.0,1.0,0.0,1.0,79.517,0.791,0.775,0.075,0.0,0.025,0.375,0.025,0.025,0.0,0.475
"[[0, 0], [0, 1]]","[[(1, 1), (0, 0)], [(0, 1), (1, 1)]]",40,1600,1.0,0.01,0.01,0.0,0.6,0.0,0.0,emotion,5,1,1.0,400,0.0,1.0,0.0,1.0,75.102,0.87,0.075,0.275,0.25,0.0,0.4,0.025,0.0,0.05,0.0
"[[0, 0], [0, 1]]","[[(1, 1), (0, 0)], [(0, 1), (1, 1)]]",40,1600,1.0,0.01,0.01,0.0,0.6,0.0,0.0,emotion,5,1,1.0,400,0.0,1.0,0.0,1.0,83.038,0.835,1.0,0.0,0.0,0.0,0.75,0.0,0.0,0.25,0.0
"[[0, 0], [0, 1]]","[[(1, 1), (0, 0)], [(0, 1), (1, 1)]]",40,1600,1.0,0.01,0.01,0.0,0.6,0.0,0.0,emotion,5,1,1.0,400,0.0,1.0,0.0,1.0,78.639,0.549,0.275,0.05,0.0,0.0,0.9,0.0,0.0,0.05,0.0
"[[0, 0], [0, 1]]","[[(1, 1), (0, 0)], [(0, 1), (1, 1)]]",40,1600,1.0,0.01,0.01,0.0,0.6,0.0,0.0,emotion,5,1,1.0,400,0.0,1.0,0.0,1.0,84.264,0.856,0.975,0.0,0.0,0.0,0.8,0.0,0.0,0.2,0.0
"[[0, 0], [0, 1]]","[[(1, 1), (0, 0)], [(0, 1), (1, 1)]]",40,1600,1.0,0.01,0.01,0.0,0.6,0.0,0.0,emotion,5,1,1.0,400,0.0,1.0,0.0,1.0,84.661,0.817,0.9,0.025,0.0,0.0,0.975,0.0,0.0,0.0,0.0
"[[0, 0], [0, 1]]","[[(1, 1), (0, 0)], [(0, 1), (1, 1)]]",40,1600,1.0,0.01,0.01,0.0,0.6,0.0,0.0,emotion,5,1,1.0,400,0.0,1.0,0.0,1.0,84.672,0.839,1.0,0.0,0.0,0.0,0.95,0.0,0.0,0.05,0.0
"[[0, 0], [0, 1]]","[[(1, 1), (0, 0)], [(0, 1), (1, 1)]]",40,1600,1.0,0.01,0.01,0.0,0.6,0.0,0.0,emotion,5,1,1.0,400,0.0,1.0,0.0,1.0,84.906,0.737,0.925,0.0,0.0,0.0,1.0,0.0,0.0,0.0,0.0
"[[0, 0], [0, 1]]","[[(1, 1), (0, 0)], [(0, 1), (1, 1)]]",40,1600,1.0,0.01,0.01,0.0,0.6,0.0,0.0,emotion,5,1,1.0,400,0.0,1.0,0.0,1.0,83.885,0.8,0.9,0.0,0.0,0.0,1.0,0.0,0.0,0.0,0.0
"[[0, 0], [0, 1]]","[[(1, 1), (0, 0)], [(0, 1), (1, 1)]]",40,1600,1.0,0.01,0.01,0.0,0.6,0.0,0.0,emotion,5,1,1.0,400,0.0,1.0,0.0,1.0,84.535,0.922,1.0,0.0,0.0,0.0,0.975,0.0,0.0,0.025,0.0
"[[0, 0], [0, 1]]","[[(1, 1), (0, 0)], [(0, 1), (1, 1)]]",40,1600,1.0,0.01,0.01,0.0,0.6,0.0,0.0,emotion,5,1,1.0,400,0.0,1.0,0.0,1.0,84.209,0.921,1.0,0.0,0.0,0.0,0.875,0.0,0.0,0.025,0.1
"[[0, 0], [0, 1]]","[[(1, 1), (0, 0)], [(0, 1), (1, 1)]]",40,1600,1.0,0.01,0.01,0.0,0.6,0.0,0.0,emotion,5,1,1.0,400,0.0,1.0,0.0,1.0,84.763,0.854,0.925,0.0,0.0,0.0,1.0,0.0,0.0,0.0,0.0
"[[0, 0], [0, 1]]","[[(1, 1), (0, 0)], [(0, 1), (1, 1)]]",40,1600,1.0,0.01,0.01,0.0,0.6,0.0,0.0,emotion,5,1,1.0,400,0.0,1.0,0.0,1.0,84.526,0.849,0.9,0.0,0.0,0.0,1.0,0.0,0.0,0.0,0.0
"[[0, 0], [0, 1]]","[[(1, 1), (0, 0)], [(0, 1), (1, 1)]]",40,1600,1.0,0.01,0.01,0.0,0.8,0.0,0.0,emotion,5,1,1.0,400,0.0,1.0,0.0,0.5,7.073,0.541,0.0,0.775,0.0,0.0,0.2,0.0,0.0,0.0,0.025
"[[0, 0], [0, 1]]","[[(1, 1), (0, 0)], [(0, 1), (1, 1)]]",40,1600,1.0,0.01,0.01,0.0,0.8,0.0,0.0,emotion,5,1,1.0,400,0.0,1.0,0.0,0.5,6.262,0.989,0.0,0.0,0.95,0.0,0.0,0.0,0.0,0.05,0.0
"[[0, 0], [0, 1]]","[[(1, 1), (0, 0)], [(0, 1), (1, 1)]]",40,1600,1.0,0.01,0.01,0.0,0.8,0.0,0.0,emotion,5,1,1.0,400,0.0,1.0,0.0,0.5,7.27,1.0,0.0,0.975,0.0,0.0,0.025,0.0,0.0,0.0,0.0
"[[0, 0], [0, 1]]","[[(1, 1), (0, 0)], [(0, 1), (1, 1)]]",40,1600,1.0,0.01,0.01,0.0,0.8,0.0,0.0,emotion,5,1,1.0,400,0.0,1.0,0.0,0.5,9.063,0.956,0.0,0.0,0.75,0.225,0.0,0.025,0.0,0.0,0.0
"[[0, 0], [0, 1]]","[[(1, 1), (0, 0)], [(0, 1), (1, 1)]]",40,1600,1.0,0.01,0.01,0.0,0.8,0.0,0.0,emotion,5,1,1.0,400,0.0,1.0,0.0,0.5,7.523,0.974,0.0,0.975,0.0,0.0,0.025,0.0,0.0,0.0,0.0
"[[0, 0], [0, 1]]","[[(1, 1), (0, 0)], [(0, 1), (1, 1)]]",40,1600,1.0,0.01,0.01,0.0,0.8,0.0,0.0,emotion,5,1,1.0,400,0.0,1.0,0.0,0.5,9.256,0.91,0.0,0.1,0.05,0.0,0.8,0.0,0.025,0.025,0.0
"[[0, 0], [0, 1]]","[[(1, 1), (0, 0)], [(0, 1), (1, 1)]]",40,1600,1.0,0.01,0.01,0.0,0.8,0.0,0.0,emotion,5,1,1.0,400,0.0,1.0,0.0,0.5,11.745,0.97,0.0,0.375,0.0,0.0,0.6,0.0,0.0,0.0,0.025
"[[0, 0], [0, 1]]","[[(1, 1), (0, 0)], [(0, 1), (1, 1)]]",40,1600,1.0,0.01,0.01,0.0,0.8,0.0,0.0,emotion,5,1,1.0,400,0.0,1.0,0.0,0.5,6.666,0.96,0.025,0.65,0.0,0.0,0.3,0.0,0.0,0.0,0.05
"[[0, 0], [0, 1]]","[[(1, 1), (0, 0)], [(0, 1), (1, 1)]]",40,1600,1.0,0.01,0.01,0.0,0.8,0.0,0.0,emotion,5,1,1.0,400,0.0,1.0,0.0,0.5,14.014,0.999,0.0,0.8,0.0,0.0,0.2,0.0,0.0,0.0,0.0
"[[0, 0], [0, 1]]","[[(1, 1), (0, 0)], [(0, 1), (1, 1)]]",40,1600,1.0,0.01,0.01,0.0,0.8,0.0,0.0,emotion,5,1,1.0,400,0.0,1.0,0.0,0.5,10.289,0.619,0.225,0.0,0.0,0.0,0.8,0.1,0.05,0.05,0.0
"[[0, 0], [0, 1]]","[[(1, 1), (0, 0)], [(0, 1), (1, 1)]]",40,1600,1.0,0.01,0.01,0.0,0.8,0.0,0.0,emotion,5,1,1.0,400,0.0,1.0,0.0,0.5,13.394,0.859,0.075,0.025,0.0,0.0,0.975,0.0,0.0,0.0,0.0
"[[0, 0], [0, 1]]","[[(1, 1), (0, 0)], [(0, 1), (1, 1)]]",40,1600,1.0,0.01,0.01,0.0,0.8,0.0,0.0,emotion,5,1,1.0,400,0.0,1.0,0.0,0.5,12.454,0.92,0.025,0.0,0.725,0.2,0.0,0.0,0.0,0.075,0.0
"[[0, 0], [0, 1]]","[[(1, 1), (0, 0)], [(0, 1), (1, 1)]]",40,1600,1.0,0.01,0.01,0.0,0.8,0.0,0.0,emotion,5,1,1.0,400,0.0,1.0,0.0,0.5,8.702,0.993,0.0,0.0,0.775,0.225,0.0,0.0,0.0,0.0,0.0
"[[0, 0], [0, 1]]","[[(1, 1), (0, 0)], [(0, 1), (1, 1)]]",40,1600,1.0,0.01,0.01,0.0,0.8,0.0,0.0,emotion,5,1,1.0,400,0.0,1.0,0.0,0.5,11.298,0.979,0.0,0.95,0.0,0.0,0.025,0.0,0.0,0.0,0.025
"[[0, 0], [0, 1]]","[[(1, 1), (0, 0)], [(0, 1), (1, 1)]]",40,1600,1.0,0.01,0.01,0.0,0.8,0.0,0.0,emotion,5,1,1.0,400,0.0,1.0,0.0,0.5,10.242,0.966,0.0,0.775,0.0,0.0,0.225,0.0,0.0,0.0,0.0
"[[0, 0], [0, 1]]","[[(1, 1), (0, 0)], [(0, 1), (1, 1)]]",40,1600,1.0,0.01,0.01,0.0,0.8,0.0,0.0,emotion,5,1,1.0,400,0.0,1.0,0.0,0.5,12.745,0.939,0.025,0.0,0.575,0.4,0.0,0.0,0.025,0.0,0.0
"[[0, 0], [0, 1]]","[[(1, 1), (0, 0)], [(0, 1), (1, 1)]]",40,1600,1.0,0.01,0.01,0.0,0.8,0.0,0.0,emotion,5,1,1.0,400,0.0,1.0,0.0,0.5,11.977,0.757,0.0,0.0,0.8,0.15,0.0,0.05,0.0,0.0,0.0
"[[0, 0], [0, 1]]","[[(1, 1), (0, 0)], [(0, 1), (1, 1)]]",40,1600,1.0,0.01,0.01,0.0,0.8,0.0,0.0,emotion,5,1,1.0,400,0.0,1.0,0.0,0.5,7.727,1.0,0.0,0.0,1.0,0.0,0.0,0.0,0.0,0.0,0.0
"[[0, 0], [0, 1]]","[[(1, 1), (0, 0)], [(0, 1), (1, 1)]]",40,1600,1.0,0.01,0.01,0.0,0.8,0.0,0.0,emotion,5,1,1.0,400,0.0,1.0,0.0,0.5,11.144,0.801,0.925,0.0,0.0,0.35,0.0,0.025,0.025,0.0,0.6
"[[0, 0], [0, 1]]","[[(1, 1), (0, 0)], [(0, 1), (1, 1)]]",40,1600,1.0,0.01,0.01,0.0,0.8,0.0,0.0,emotion,5,1,1.0,400,0.0,1.0,0.0,0.5,8.849,0.954,0.0,0.875,0.0,0.0,0.1,0.0,0.0,0.0,0.025
"[[0, 0], [0, 1]]","[[(1, 1), (0, 0)], [(0, 1), (1, 1)]]",40,1600,1.0,0.01,0.01,0.0,0.8,0.0,0.0,emotion,5,1,1.0,400,0.0,1.0,0.0,1.0,69.357,0.974,0.975,0.0,0.0,0.0,1.0,0.0,0.0,0.0,0.0
"[[0, 0], [0, 1]]","[[(1, 1), (0, 0)], [(0, 1), (1, 1)]]",40,1600,1.0,0.01,0.01,0.0,0.8,0.0,0.0,emotion,5,1,1.0,400,0.0,1.0,0.0,1.0,61.27,0.827,0.85,0.025,0.025,0.0,0.75,0.025,0.0,0.175,0.0
"[[0, 0], [0, 1]]","[[(1, 1), (0, 0)], [(0, 1), (1, 1)]]",40,1600,1.0,0.01,0.01,0.0,0.8,0.0,0.0,emotion,5,1,1.0,400,0.0,1.0,0.0,1.0,87.111,0.954,0.95,0.0,0.025,0.0,0.775,0.0,0.0,0.2,0.0
"[[0, 0], [0, 1]]","[[(1, 1), (0, 0)], [(0, 1), (1, 1)]]",40,1600,1.0,0.01,0.01,0.0,0.8,0.0,0.0,emotion,5,1,1.0,400,0.0,1.0,0.0,1.0,74.43,0.934,0.925,0.0,0.0,0.0,0.975,0.0,0.0,0.025,0.0
"[[0, 0], [0, 1]]","[[(1, 1), (0, 0)], [(0, 1), (1, 1)]]",40,1600,1.0,0.01,0.01,0.0,0.8,0.0,0.0,emotion,5,1,1.0,400,0.0,1.0,0.0,1.0,85.29,0.891,0.825,0.025,0.0,0.0,0.95,0.0,0.0,0.025,0.0
"[[0, 0], [0, 1]]","[[(1, 1), (0, 0)], [(0, 1), (1, 1)]]",40,1600,1.0,0.01,0.01,0.0,0.8,0.0,0.0,emotion,5,1,1.0,400,0.0,1.0,0.0,1.0,81.495,0.929,0.125,0.625,0.05,0.25,0.0,0.075,0.0,0.0,0.0
"[[0, 0], [0, 1]]","[[(1, 1), (0, 0)], [(0, 1), (1, 1)]]",40,1600,1.0,0.01,0.01,0.0,0.8,0.0,0.0,emotion,5,1,1.0,400,0.0,1.0,0.0,1.0,79.852,0.94,0.975,0.0,0.0,0.0,0.925,0.0,0.0,0.075,0.0
"[[0, 0], [0, 1]]","[[(1, 1), (0, 0)], [(0, 1), (1, 1)]]",40,1600,1.0,0.01,0.01,0.0,0.8,0.0,0.0,emotion,5,1,1.0,400,0.0,1.0,0.0,1.0,75.8,0.93,0.9,0.0,0.0,0.0,0.825,0.025,0.0,0.15,0.0
"[[0, 0], [0, 1]]","[[(1, 1), (0, 0)], [(0, 1), (1, 1)]]",40,1600,1.0,0.01,0.01,0.0,0.8,0.0,0.0,emotion,5,1,1.0,400,0.0,1.0,0.0,1.0,87.829,0.966,0.95,0.0,0.0,0.0,0.95,0.025,0.0,0.025,0.0
"[[0, 0], [0, 1]]","[[(1, 1), (0, 0)], [(0, 1), (1, 1)]]",40,1600,1.0,0.01,0.01,0.0,0.8,0.0,0.0,emotion,5,1,1.0,400,0.0,1.0,0.0,1.0,87.982,0.912,0.925,0.0,0.0,0.0,0.9,0.025,0.0,0.075,0.0
"[[0, 0], [0, 1]]","[[(1, 1), (0, 0)], [(0, 1), (1, 1)]]",40,1600,1.0,0.01,0.01,0.0,0.8,0.0,0.0,emotion,5,1,1.0,400,0.0,1.0,0.0,1.0,87.555,0.91,0.9,0.0,0.0,0.0,0.95,0.025,0.0,0.025,0.0
"[[0, 0], [0, 1]]","[[(1, 1), (0, 0)], [(0, 1), (1, 1)]]",40,1600,1.0,0.01,0.01,0.0,0.8,0.0,0.0,emotion,5,1,1.0,400,0.0,1.0,0.0,1.0,88.51,0.941,0.925,0.025,0.0,0.0,0.975,0.0,0.0,0.0,0.0
"[[0, 0], [0, 1]]","[[(1, 1), (0, 0)], [(0, 1), (1, 1)]]",40,1600,1.0,0.01,0.01,0.0,0.8,0.0,0.0,emotion,5,1,1.0,400,0.0,1.0,0.0,1.0,84.507,0.963,0.95,0.0,0.0,0.0,0.95,0.0,0.0,0.05,0.0
"[[0, 0], [0, 1]]","[[(1, 1), (0, 0)], [(0, 1), (1, 1)]]",40,1600,1.0,0.01,0.01,0.0,0.8,0.0,0.0,emotion,5,1,1.0,400,0.0,1.0,0.0,1.0,83.138,0.919,0.925,0.0,0.0,0.0,0.975,0.025,0.0,0.0,0.0
"[[0, 0], [0, 1]]","[[(1, 1), (0, 0)], [(0, 1), (1, 1)]]",40,1600,1.0,0.01,0.01,0.0,0.8,0.0,0.0,emotion,5,1,1.0,400,0.0,1.0,0.0,1.0,78.269,0.87,0.85,0.05,0.0,0.0,0.85,0.05,0.0,0.05,0.0
"[[0, 0], [0, 1]]","[[(1, 1), (0, 0)], [(0, 1), (1, 1)]]",40,1600,1.0,0.01,0.01,0.0,0.8,0.0,0.0,emotion,5,1,1.0,400,0.0,1.0,0.0,1.0,87.571,0.999,0.0,0.0,1.0,0.0,0.0,0.0,0.0,0.0,0.0
"[[0, 0], [0, 1]]","[[(1, 1), (0, 0)], [(0, 1), (1, 1)]]",40,1600,1.0,0.01,0.01,0.0,0.8,0.0,0.0,emotion,5,1,1.0,400,0.0,1.0,0.0,1.0,87.592,0.999,1.0,0.0,0.0,0.0,0.975,0.0,0.0,0.025,0.0
"[[0, 0], [0, 1]]","[[(1, 1), (0, 0)], [(0, 1), (1, 1)]]",40,1600,1.0,0.01,0.01,0.0,0.8,0.0,0.0,emotion,5,1,1.0,400,0.0,1.0,0.0,1.0,88.079,0.963,0.975,0.0,0.0,0.0,0.85,0.0,0.0,0.15,0.0
"[[0, 0], [0, 1]]","[[(1, 1), (0, 0)], [(0, 1), (1, 1)]]",40,1600,1.0,0.01,0.01,0.0,0.8,0.0,0.0,emotion,5,1,1.0,400,0.0,1.0,0.0,1.0,83.667,0.997,0.0,0.0,0.825,0.175,0.0,0.0,0.0,0.0,0.0
"[[0, 0], [0, 1]]","[[(1, 1), (0, 0)], [(0, 1), (1, 1)]]",40,1600,1.0,0.01,0.01,0.0,0.8,0.0,0.0,emotion,5,1,1.0,400,0.0,1.0,0.0,1.0,88.155,0.99,0.975,0.0,0.0,0.0,0.95,0.0,0.0,0.05,0.0
"[[1, 0], [0, 1]]","[[(1, 1), (0, 0)], [(1, 0), (0, 1)]]",40,1600,1.0,0.01,0.01,0.0,0.4,0.0,0.0,emotion,5,1,1.0,400,0.0,1.0,0.0,0.5,6.218,0.096,0.475,0.925,0.0,0.0,0.025,0.0,0.0,0.0,0.05
"[[1, 0], [0, 1]]","[[(1, 1), (0, 0)], [(1, 0), (0, 1)]]",40,1600,1.0,0.01,0.01,0.0,0.4,0.0,0.0,emotion,5,1,1.0,400,0.0,1.0,0.0,0.5,5.718,0.113,0.425,0.0,0.875,0.025,0.0,0.075,0.0,0.025,0.0
"[[1, 0], [0, 1]]","[[(1, 1), (0, 0)], [(1, 0), (0, 1)]]",40,1600,1.0,0.01,0.01,0.0,0.4,0.0,0.0,emotion,5,1,1.0,400,0.0,1.0,0.0,0.5,6.438,0.145,0.475,1.0,0.0,0.0,0.0,0.0,0.0,0.0,0.0
"[[1, 0], [0, 1]]","[[(1, 1), (0, 0)], [(1, 0), (0, 1)]]",40,1600,1.0,0.01,0.01,0.0,0.4,0.0,0.0,emotion,5,1,1.0,400,0.0,1.0,0.0,0.5,6.186,0.106,0.55,0.9,0.0,0.0,0.075,0.0,0.0,0.0,0.025
"[[1, 0], [0, 1]]","[[(1, 1), (0, 0)], [(1, 0), (0, 1)]]",40,1600,1.0,0.01,0.01,0.0,0.4,0.0,0.0,emotion,5,1,1.0,400,0.0,1.0,0.0,0.5,6.006,0.126,0.475,0.0,0.975,0.025,0.0,0.0,0.0,0.0,0.0
"[[1, 0], [0, 1]]","[[(1, 1), (0, 0)], [(1, 0), (0, 1)]]",40,1600,1.0,0.01,0.01,0.0,0.4,0.0,0.0,emotion,5,1,1.0,400,0.0,1.0,0.0,0.5,6.136,0.141,0.425,0.85,0.0,0.0,0.125,0.0,0.0,0.0,0.025
"[[1, 0], [0, 1]]","[[(1, 1), (0, 0)], [(1, 0), (0, 1)]]",40,1600,1.0,0.01,0.01,0.0,0.4,0.0,0.0,emotion,5,1,1.0,400,0.0,1.0,0.0,0.5,5.882,0.125,0.25,0.95,0.0,0.0,0.0,0.0,0.05,0.0,0.0
"[[1, 0], [0, 1]]","[[(1, 1), (0, 0)], [(1, 0), (0, 1)]]",40,1600,1.0,0.01,0.01,0.0,0.4,0.0,0.0,emotion,5,1,1.0,400,0.0,1.0,0.0,0.5,6.615,0.118,0.55,0.95,0.0,0.0,0.0,0.0,0.05,0.0,0.0
"[[1, 0], [0, 1]]","[[(1, 1), (0, 0)], [(1, 0), (0, 1)]]",40,1600,1.0,0.01,0.01,0.0,0.4,0.0,0.0,emotion,5,1,1.0,400,0.0,1.0,0.0,0.5,5.857,0.141,0.35,0.0,0.875,0.0,0.0,0.025,0.1,0.0,0.0
"[[1, 0], [0, 1]]","[[(1, 1), (0, 0)], [(1, 0), (0, 1)]]",40,1600,1.0,0.01,0.01,0.0,0.4,0.0,0.0,emotion,5,1,1.0,400,0.0,1.0,0.0,0.5,5.994,0.146,0.5,0.9,0.0,0.0,0.0,0.0,0.05,0.0,0.05
"[[1, 0], [0, 1]]","[[(1, 1), (0, 0)], [(1, 0), (0, 1)]]",40,1600,1.0,0.01,0.01,0.0,0.4,0.0,0.0,emotion,5,1,1.0,400,0.0,1.0,0.0,0.5,5.733,0.107,0.375,0.975,0.0,0.0,0.0,0.0,0.025,0.0,0.0
"[[1, 0], [0, 1]]","[[(1, 1), (0, 0)], [(1, 0), (0, 1)]]",40,1600,1.0,0.01,0.01,0.0,0.4,0.0,0.0,emotion,5,1,1.0,400,0.0,1.0,0.0,0.5,5.8,0.111,0.45,0.95,0.0,0.0,0.025,0.0,0.025,0.0,0.0
"[[1, 0], [0, 1]]","[[(1, 1), (0, 0)], [(1, 0), (0, 1)]]",40,1600,1.0,0.01,0.01,0.0,0.4,0.0,0.0,emotion,5,1,1.0,400,0.0,1.0,0.0,0.5,5.655,0.141,0.35,0.0,0.7,0.125,0.0,0.125,0.0,0.05,0.0
"[[1, 0], [0, 1]]","[[(1, 1), (0, 0)], [(1, 0), (0, 1)]]",40,1600,1.0,0.01,0.01,0.0,0.4,0.0,0.0,emotion,5,1,1.0,400,0.0,1.0,0.0,0.5,6.166,0.106,0.475,0.0,0.975,0.0,0.0,0.025,0.0,0.0,0.0
"[[1, 0], [0, 1]]","[[(1, 1), (0, 0)], [(1, 0), (0, 1)]]",40,1600,1.0,0.01,0.01,0.0,0.4,0.0,0.0,emotion,5,1,1.0,400,0.0,1.0,0.0,0.5,5.739,0.144,0.5,0.875,0.0,0.0,0.075,0.0,0.05,0.0,0.0
"[[1, 0], [0, 1]]","[[(1, 1), (0, 0)], [(1, 0), (0, 1)]]",40,1600,1.0,0.01,0.01,0.0,0.4,0.0,0.0,emotion,5,1,1.0,400,0.0,1.0,0.0,0.5,5.795,0.139,0.3,0.0,0.9,0.0,0.0,0.075,0.0,0.025,0.0
"[[1, 0], [0, 1]]","[[(1, 1), (0, 0)], [(1, 0), (0, 1)]]",40,1600,1.0,0.01,0.01,0.0,0.4,0.0,0.0,emotion,5,1,1.0,400,0.0,1.0,0.0,0.5,6.362,0.104,0.425,0.0,1.0,0.0,0.0,0.0,0.0,0.0,0.0
"[[1, 0], [0, 1]]","[[(1, 1), (0, 0)], [(1, 0), (0, 1)]]",40,1600,1.0,0.01,0.01,0.0,0.4,0.0,0.0,emotion,5,1,1.0,400,0.0,1.0,0.0,0.5,6.497,0.136,0.475,0.975,0.0,0.0,0.0,0.0,0.0,0.0,0.025
"[[1, 0], [0, 1]]","[[(1, 1), (0, 0)], [(1, 0), (0, 1)]]",40,1600,1.0,0.01,0.01,0.0,0.4,0.0,0.0,emotion,5,1,1.0,400,0.0,1.0,0.0,0.5,5.959,0.146,0.5,0.925,0.0,0.0,0.025,0.0,0.05,0.0,0.0
"[[1, 0], [0, 1]]","[[(1, 1), (0, 0)], [(1, 0), (0, 1)]]",40,1600,1.0,0.01,0.01,0.0,0.4,0.0,0.0,emotion,5,1,1.0,400,0.0,1.0,0.0,0.5,5.706,0.12,0.45,0.925,0.0,0.0,0.0,0.0,0.0,0.0,0.075
"[[1, 0], [0, 1]]","[[(1, 1), (0, 0)], [(1, 0), (0, 1)]]",40,1600,1.0,0.01,0.01,0.0,0.4,0.0,0.0,emotion,5,1,1.0,400,0.0,1.0,0.0,1.0,6.125,0.135,0.375,0.0,0.9,0.05,0.0,0.025,0.025,0.0,0.0
"[[1, 0], [0, 1]]","[[(1, 1), (0, 0)], [(1, 0), (0, 1)]]",40,1600,1.0,0.01,0.01,0.0,0.4,0.0,0.0,emotion,5,1,1.0,400,0.0,1.0,0.0,1.0,6.044,0.125,0.575,0.0,0.925,0.075,0.0,0.0,0.0,0.0,0.0
"[[1, 0], [0, 1]]","[[(1, 1), (0, 0)], [(1, 0), (0, 1)]]",40,1600,1.0,0.01,0.01,0.0,0.4,0.0,0.0,emotion,5,1,1.0,400,0.0,1.0,0.0,1.0,6.202,0.113,0.425,0.0,1.0,0.0,0.0,0.0,0.0,0.0,0.0
"[[1, 0], [0, 1]]","[[(1, 1), (0, 0)], [(1, 0), (0, 1)]]",40,1600,1.0,0.01,0.01,0.0,0.4,0.0,0.0,emotion,5,1,1.0,400,0.0,1.0,0.0,1.0,5.956,0.142,0.5,0.95,0.0,0.0,0.0,0.0,0.05,0.0,0.0
"[[1, 0], [0, 1]]","[[(1, 1), (0, 0)], [(1, 0), (0, 1)]]",40,1600,1.0,0.01,0.01,0.0,0.4,0.0,0.0,emotion,5,1,1.0,400,0.0,1.0,0.0,1.0,6.164,0.133,0.35,0.0,0.925,0.05,0.0,0.025,0.0,0.0,0.0
"[[1, 0], [0, 1]]","[[(1, 1), (0, 0)], [(1, 0), (0, 1)]]",40,1600,1.0,0.01,0.01,0.0,0.4,0.0,0.0,emotion,5,1,1.0,400,0.0,1.0,0.0,1.0,6.34,0.103,0.35,0.0,0.925,0.025,0.0,0.0,0.05,0.0,0.0
"[[1, 0], [0, 1]]","[[(1, 1), (0, 0)], [(1, 0), (0, 1)]]",40,1600,1.0,0.01,0.01,0.0,0.4,0.0,0.0,emotion,5,1,1.0,400,0.0,1.0,0.0,1.0,6.51,0.1,0.45,0.0,0.925,0.0,0.0,0.075,0.0,0.0,0.0
"[[1, 0], [0, 1]]","[[(1, 1), (0, 0)], [(1, 0), (0, 1)]]",40,1600,1.0,0.01,0.01,0.0,0.4,0.0,0.0,emotion,5,1,1.0,400,0.0,1.0,0.0,1.0,6.519,0.133,0.425,0.0,0.925,0.0,0.0,0.05,0.0,0.025,0.0
"[[1, 0], [0, 1]]","[[(1, 1), (0, 0)], [(1, 0), (0, 1)]]",40,1600,1.0,0.01,0.01,0.0,0.4,0.0,0.0,emotion,5,1,1.0,400,0.0,1.0,0.0,1.0,5.978,0.115,0.475,0.0,0.925,0.0,0.0,0.025,0.0,0.05,0.0
"[[1, 0], [0, 1]]","[[(1, 1), (0, 0)], [(1, 0), (0, 1)]]",40,1600,1.0,0.01,0.01,0.0,0.4,0.0,0.0,emotion,5,1,1.0,400,0.0,1.0,0.0,1.0,5.98,0.143,0.325,1.0,0.0,0.0,0.0,0.0,0.0,0.0,0.0
"[[1, 0], [0, 1]]","[[(1, 1), (0, 0)], [(1, 0), (0, 1)]]",40,1600,1.0,0.01,0.01,0.0,0.4,0.0,0.0,emotion,5,1,1.0,400,0.0,1.0,0.0,1.0,5.806,0.138,0.425,0.95,0.0,0.0,0.0,0.0,0.05,0.0,0.0
"[[1, 0], [0, 1]]","[[(1, 1), (0, 0)], [(1, 0), (0, 1)]]",40,1600,1.0,0.01,0.01,0.0,0.4,0.0,0.0,emotion,5,1,1.0,400,0.0,1.0,0.0,1.0,5.97,0.118,0.4,0.0,1.0,0.0,0.0,0.0,0.0,0.0,0.0
"[[1, 0], [0, 1]]","[[(1, 1), (0, 0)], [(1, 0), (0, 1)]]",40,1600,1.0,0.01,0.01,0.0,0.4,0.0,0.0,emotion,5,1,1.0,400,0.0,1.0,0.0,1.0,6.316,0.12,0.375,0.0,0.9,0.0,0.0,0.1,0.0,0.0,0.0
"[[1, 0], [0, 1]]","[[(1, 1), (0, 0)], [(1, 0), (0, 1)]]",40,1600,1.0,0.01,0.01,0.0,0.4,0.0,0.0,emotion,5,1,1.0,400,0.0,1.0,0.0,1.0,5.765,0.123,0.475,0.0,0.925,0.05,0.0,0.0,0.0,0.025,0.0
"[[1, 0], [0, 1]]","[[(1, 1), (0, 0)], [(1, 0), (0, 1)]]",40,1600,1.0,0.01,0.01,0.0,0.4,0.0,0.0,emotion,5,1,1.0,400,0.0,1.0,0.0,1.0,5.597,0.087,0.4,0.95,0.0,0.0,0.0,0.0,0.025,0.0,0.025
"[[1, 0], [0, 1]]","[[(1, 1), (0, 0)], [(1, 0), (0, 1)]]",40,1600,1.0,0.01,0.01,0.0,0.4,0.0,0.0,emotion,5,1,1.0,400,0.0,1.0,0.0,1.0,5.909,0.123,0.45,0.0,0.95,0.0,0.0,0.0,0.0,0.05,0.0
"[[1, 0], [0, 1]]","[[(1, 1), (0, 0)], [(1, 0), (0, 1)]]",40,1600,1.0,0.01,0.01,0.0,0.4,0.0,0.0,emotion,5,1,1.0,400,0.0,1.0,0.0,1.0,5.922,0.155,0.425,0.0,1.0,0.0,0.0,0.0,0.0,0.0,0.0
"[[1, 0], [0, 1]]","[[(1, 1), (0, 0)], [(1, 0), (0, 1)]]",40,1600,1.0,0.01,0.01,0.0,0.4,0.0,0.0,emotion,5,1,1.0,400,0.0,1.0,0.0,1.0,5.82,0.105,0.275,0.0,0.75,0.05,0.0,0.175,0.0,0.025,0.0
"[[1, 0], [0, 1]]","[[(1, 1), (0, 0)], [(1, 0), (0, 1)]]",40,1600,1.0,0.01,0.01,0.0,0.4,0.0,0.0,emotion,5,1,1.0,400,0.0,1.0,0.0,1.0,5.741,0.108,0.4,0.0,0.85,0.15,0.0,0.0,0.0,0.0,0.0
"[[1, 0], [0, 1]]","[[(1, 1), (0, 0)], [(1, 0), (0, 1)]]",40,1600,1.0,0.01,0.01,0.0,0.4,0.0,0.0,emotion,5,1,1.0,400,0.0,1.0,0.0,1.0,6.073,0.115,0.475,0.0,0.825,0.125,0.0,0.0,0.0,0.05,0.0
"[[1, 0], [0, 1]]","[[(1, 1), (0, 0)], [(1, 0), (0, 1)]]",40,1600,1.0,0.01,0.01,0.0,0.6,0.0,0.0,emotion,5,1,1.0,400,0.0,1.0,0.0,0.5,6.287,0.123,0.45,0.75,0.0,0.025,0.1,0.0,0.125,0.0,0.0
"[[1, 0], [0, 1]]","[[(1, 1), (0, 0)], [(1, 0), (0, 1)]]",40,1600,1.0,0.01,0.01,0.0,0.6,0.0,0.0,emotion,5,1,1.0,400,0.0,1.0,0.0,0.5,6.227,0.129,0.45,0.0,0.975,0.0,0.0,0.025,0.0,0.0,0.0
"[[1, 0], [0, 1]]","[[(1, 1), (0, 0)], [(1, 0), (0, 1)]]",40,1600,1.0,0.01,0.01,0.0,0.6,0.0,0.0,emotion,5,1,1.0,400,0.0,1.0,0.0,0.5,6.198,0.125,0.525,0.975,0.0,0.0,0.0,0.0,0.025,0.0,0.0
"[[1, 0], [0, 1]]","[[(1, 1), (0, 0)], [(1, 0), (0, 1)]]",40,1600,1.0,0.01,0.01,0.0,0.6,0.0,0.0,emotion,5,1,1.0,400,0.0,1.0,0.0,0.5,5.973,0.144,0.45,0.925,0.0,0.0,0.025,0.0,0.025,0.0,0.025
"[[1, 0], [0, 1]]","[[(1, 1), (0, 0)], [(1, 0), (0, 1)]]",40,1600,1.0,0.01,0.01,0.0,0.6,0.0,0.0,emotion,5,1,1.0,400,0.0,1.0,0.0,0.5,6.497,0.116,0.475,0.0,0.9,0.0,0.0,0.1,0.0,0.0,0.0
"[[1, 0], [0, 1]]","[[(1, 1), (0, 0)], [(1, 0), (0, 1)]]",40,1600,1.0,0.01,0.01,0.0,0.6,0.0,0.0,emotion,5,1,1.0,400,0.0,1.0,0.0,0.5,6.364,0.141,0.425,0.0,0.95,0.025,0.0,0.025,0.0,0.0,0.0
"[[1, 0], [0, 1]]","[[(1, 1), (0, 0)], [(1, 0), (0, 1)]]",40,1600,1.0,0.01,0.01,0.0,0.6,0.0,0.0,emotion,5,1,1.0,400,0.0,1.0,0.0,0.5,5.721,0.119,0.475,0.875,0.0,0.0,0.075,0.0,0.05,0.0,0.0
"[[1, 0], [0, 1]]","[[(1, 1), (0, 0)], [(1, 0), (0, 1)]]",40,1600,1.0,0.01,0.01,0.0,0.6,0.0,0.0,emotion,5,1,1.0,400,0.0,1.0,0.0,0.5,6.782,0.125,0.525,0.0,0.8,0.0,0.15,0.025,0.0,0.025,0.0
"[[1, 0], [0, 1]]","[[(1, 1), (0, 0)], [(1, 0), (0, 1)]]",40,1600,1.0,0.01,0.01,0.0,0.6,0.0,0.0,emotion,5,1,1.0,400,0.0,1.0,0.0,0.5,5.5,0.126,0.425,0.0,0.95,0.025,0.0,0.025,0.0,0.0,0.0
"[[1, 0], [0, 1]]","[[(1, 1), (0, 0)], [(1, 0), (0, 1)]]",40,1600,1.0,0.01,0.01,0.0,0.6,0.0,0.0,emotion,5,1,1.0,400,0.0,1.0,0.0,0.5,6.504,0.126,0.5,0.9,0.0,0.0,0.05,0.0,0.05,0.0,0.0
"[[1, 0], [0, 1]]","[[(1, 1), (0, 0)], [(1, 0), (0, 1)]]",40,1600,1.0,0.01,0.01,0.0,0.6,0.0,0.0,emotion,5,1,1.0,400,0.0,1.0,0.0,0.5,6.256,0.118,0.375,0.0,0.8,0.05,0.0,0.15,0.0,0.0,0.0
"[[1, 0], [0, 1]]","[[(1, 1), (0, 0)], [(1, 0), (0, 1)]]",40,1600,1.0,0.01,0.01,0.0,0.6,0.0,0.0,emotion,5,1,1.0,400,0.0,1.0,0.0,0.5,5.924,0.131,0.25,0.925,0.0,0.0,0.025,0.0,0.05,0.0,0.0
"[[1, 0], [0, 1]]","[[(1, 1), (0, 0)], [(1, 0), (0, 1)]]",40,1600,1.0,0.01,0.01,0.0,0.6,0.0,0.0,emotion,5,1,1.0,400,0.0,1.0,0.0,0.5,6.716,0.145,0.425,0.975,0.0,0.0,0.0,0.0,0.0,0.0,0.025
"[[1, 0], [0, 1]]","[[(1, 1), (0, 0)], [(1, 0), (0, 1)]]",40,1600,1.0,0.01,0.01,0.0,0.6,0.0,0.0,emotion,5,1,1.0,400,0.0,1.0,0.0,0.5,6.6,0.135,0.35,0.925,0.0,0.0,0.025,0.0,0.0,0.0,0.05
"[[1, 0], [0, 1]]","[[(1, 1), (0, 0)], [(1, 0), (0, 1)]]",40,1600,1.0,0.01,0.01,0.0,0.6,0.0,0.0,emotion,5,1,1.0,400,0.0,1.0,0.0,0.5,5.953,0.111,0.35,0.0,0.95,0.0,0.0,0.05,0.0,0.0,0.0
"[[1, 0], [0, 1]]","[[(1, 1), (0, 0)], [(1, 0), (0, 1)]]",40,1600,1.0,0.01,0.01,0.0,0.6,0.0,0.0,emotion,5,1,1.0,400,0.0,1.0,0.0,0.5,6.379,0.134,0.375,0.0,1.0,0.0,0.0,0.0,0.0,0.0,0.0
"[[1, 0], [0, 1]]","[[(1, 1), (0, 0)], [(1, 0), (0, 1)]]",40,1600,1.0,0.01,0.01,0.0,0.6,0.0,0.0,emotion,5,1,1.0,400,0.0,1.0,0.0,0.5,5.882,0.149,0.425,0.0,1.0,0.0,0.0,0.0,0.0,0.0,0.0
"[[1, 0], [0, 1]]","[[(1, 1), (0, 0)], [(1, 0), (0, 1)]]",40,1600,1.0,0.01,0.01,0.0,0.6,0.0,0.0,emotion,5,1,1.0,400,0.0,1.0,0.0,0.5,6.159,0.13,0.425,0.0,1.0,0.0,0.0,0.0,0.0,0.0,0.0
"[[1, 0], [0, 1]]","[[(1, 1), (0, 0)], [(1, 0), (0, 1)]]",40,1600,1.0,0.01,0.01,0.0,0.6,0.0,0.0,emotion,5,1,1.0,400,0.0,1.0,0.0,0.5,6.454,0.111,0.25,0.0,0.8,0.025,0.0,0.175,0.0,0.0,0.0
"[[1, 0], [0, 1]]","[[(1, 1), (0, 0)], [(1, 0), (0, 1)]]",40,1600,1.0,0.01,0.01,0.0,0.6,0.0,0.0,emotion,5,1,1.0,400,0.0,1.0,0.0,0.5,6.167,0.135,0.3,0.925,0.0,0.0,0.0,0.0,0.075,0.0,0.0
"[[1, 0], [0, 1]]","[[(1, 1), (0, 0)], [(1, 0), (0, 1)]]",40,1600,1.0,0.01,0.01,0.0,0.6,0.0,0.0,emotion,5,1,1.0,400,0.0,1.0,0.0,1.0,6.465,0.13,0.45,0.0,0.925,0.05,0.0,0.025,0.0,0.0,0.0
"[[1, 0], [0, 1]]","[[(1, 1), (0, 0)], [(1, 0), (0, 1)]]",40,1600,1.0,0.01,0.01,0.0,0.6,0.0,0.0,emotion,5,1,1.0,400,0.0,1.0,0.0,1.0,6.814,0.133,0.4,0.0,1.0,0.0,0.0,0.0,0.0,0.0,0.0
"[[1, 0], [0, 1]]","[[(1, 1), (0, 0)], [(1, 0), (0, 1)]]",40,1600,1.0,0.01,0.01,0.0,0.6,0.0,0.0,emotion,5,1,1.0,400,0.0,1.0,0.0,1.0,6.604,0.138,0.475,0.925,0.0,0.0,0.0,0.0,0.05,0.0,0.025
"[[1, 0], [0, 1]]","[[(1, 1), (0, 0)], [(1, 0), (0, 1)]]",40,1600,1.0,0.01,0.01,0.0,0.6,0.0,0.0,emotion,5,1,1.0,400,0.0,1.0,0.0,1.0,6.219,0.13,0.45,0.0,0.95,0.0,0.0,0.0,0.0,0.05,0.0
"[[1, 0], [0, 1]]","[[(1, 1), (0, 0)], [(1, 0), (0, 1)]]",40,1600,1.0,0.01,0.01,0.0,0.6,0.0,0.0,emotion,5,1,1.0,400,0.0,1.0,0.0,1.0,6.439,0.123,0.5,1.0,0.0,0.0,0.0,0.0,0.0,0.0,0.0
"[[1, 0], [0, 1]]","[[(1, 1), (0, 0)], [(1, 0), (0, 1)]]",40,1600,1.0,0.01,0.01,0.0,0.6,0.0,0.0,emotion,5,1,1.0,400,0.0,1.0,0.0,1.0,6.036,0.125,0.375,0.9,0.0,0.0,0.075,0.0,0.0,0.0,0.025
"[[1, 0], [0, 1]]","[[(1, 1), (0, 0)], [(1, 0), (0, 1)]]",40,1600,1.0,0.01,0.01,0.0,0.6,0.0,0.0,emotion,5,1,1.0,400,0.0,1.0,0.0,1.0,6.085,0.138,0.45,0.8,0.0,0.0,0.175,0.0,0.025,0.0,0.0
"[[1, 0], [0, 1]]","[[(1, 1), (0, 0)], [(1, 0), (0, 1)]]",40,1600,1.0,0.01,0.01,0.0,0.6,0.0,0.0,emotion,5,1,1.0,400,0.0,1.0,0.0,1.0,6.567,0.125,0.525,0.0,1.0,0.0,0.0,0.0,0.0,0.0,0.0
"[[1, 0], [0, 1]]","[[(1, 1), (0, 0)], [(1, 0), (0, 1)]]",40,1600,1.0,0.01,0.01,0.0,0.6,0.0,0.0,emotion,5,1,1.0,400,0.0,1.0,0.0,1.0,5.879,0.143,0.475,0.0,1.0,0.0,0.0,0.0,0.0,0.0,0.0
"[[1, 0], [0, 1]]","[[(1, 1), (0, 0)], [(1, 0), (0, 1)]]",40,1600,1.0,0.01,0.01,0.0,0.6,0.0,0.0,emotion,5,1,1.0,400,0.0,1.0,0.0,1.0,5.344,0.118,0.375,0.95,0.0,0.0,0.0,0.0,0.0,0.0,0.05
"[[1, 0], [0, 1]]","[[(1, 1), (0, 0)], [(1, 0), (0, 1)]]",40,1600,1.0,0.01,0.01,0.0,0.6,0.0,0.0,emotion,5,1,1.0,400,0.0,1.0,0.0,1.0,6.418,0.115,0.5,0.0,0.95,0.0,0.0,0.05,0.0,0.0,0.0
"[[1, 0], [0, 1]]","[[(1, 1), (0, 0)], [(1, 0), (0, 1)]]",40,1600,1.0,0.01,0.01,0.0,0.6,0.0,0.0,emotion,5,1,1.0,400,0.0,1.0,0.0,1.0,6.403,0.158,0.4,0.0,0.9,0.025,0.0,0.05,0.0,0.025,0.0
"[[1, 0], [0, 1]]","[[(1, 1), (0, 0)], [(1, 0), (0, 1)]]",40,1600,1.0,0.01,0.01,0.0,0.6,0.0,0.0,emotion,5,1,1.0,400,0.0,1.0,0.0,1.0,6.053,0.11,0.55,0.825,0.0,0.0,0.075,0.0,0.05,0.0,0.05
"[[1, 0], [0, 1]]","[[(1, 1), (0, 0)], [(1, 0), (0, 1)]]",40,1600,1.0,0.01,0.01,0.0,0.6,0.0,0.0,emotion,5,1,1.0,400,0.0,1.0,0.0,1.0,5.857,0.135,0.725,0.0,0.95,0.0,0.0,0.0,0.0,0.05,0.0
"[[1, 0], [0, 1]]","[[(1, 1), (0, 0)], [(1, 0), (0, 1)]]",40,1600,1.0,0.01,0.01,0.0,0.6,0.0,0.0,emotion,5,1,1.0,400,0.0,1.0,0.0,1.0,5.83,0.13,0.4,0.0,0.875,0.0,0.0,0.075,0.025,0.025,0.0
"[[1, 0], [0, 1]]","[[(1, 1), (0, 0)], [(1, 0), (0, 1)]]",40,1600,1.0,0.01,0.01,0.0,0.6,0.0,0.0,emotion,5,1,1.0,400,0.0,1.0,0.0,1.0,6.307,0.12,0.35,0.0,0.95,0.0,0.0,0.05,0.0,0.0,0.0
"[[1, 0], [0, 1]]","[[(1, 1), (0, 0)], [(1, 0), (0, 1)]]",40,1600,1.0,0.01,0.01,0.0,0.6,0.0,0.0,emotion,5,1,1.0,400,0.0,1.0,0.0,1.0,6.303,0.117,0.5,0.85,0.0,0.0,0.0,0.0,0.1,0.0,0.05
"[[1, 0], [0, 1]]","[[(1, 1), (0, 0)], [(1, 0), (0, 1)]]",40,1600,1.0,0.01,0.01,0.0,0.6,0.0,0.0,emotion,5,1,1.0,400,0.0,1.0,0.0,1.0,5.98,0.098,0.425,0.85,0.0,0.0,0.075,0.0,0.025,0.0,0.05
"[[1, 0], [0, 1]]","[[(1, 1), (0, 0)], [(1, 0), (0, 1)]]",40,1600,1.0,0.01,0.01,0.0,0.6,0.0,0.0,emotion,5,1,1.0,400,0.0,1.0,0.0,1.0,5.92,0.138,0.375,0.975,0.0,0.0,0.0,0.0,0.0,0.0,0.025
"[[1, 0], [0, 1]]","[[(1, 1), (0, 0)], [(1, 0), (0, 1)]]",40,1600,1.0,0.01,0.01,0.0,0.6,0.0,0.0,emotion,5,1,1.0,400,0.0,1.0,0.0,1.0,6.554,0.128,0.425,0.0,0.825,0.025,0.0,0.125,0.0,0.025,0.0
"[[1, 0], [0, 1]]","[[(1, 1), (0, 0)], [(1, 0), (0, 1)]]",40,1600,1.0,0.01,0.01,0.0,0.8,0.0,0.0,emotion,5,1,1.0,400,0.0,1.0,0.0,0.5,6.373,0.135,0.525,0.0,0.825,0.075,0.0,0.025,0.075,0.0,0.0
"[[1, 0], [0, 1]]","[[(1, 1), (0, 0)], [(1, 0), (0, 1)]]",40,1600,1.0,0.01,0.01,0.0,0.8,0.0,0.0,emotion,5,1,1.0,400,0.0,1.0,0.0,0.5,6.229,0.152,0.5,0.0,1.0,0.0,0.0,0.0,0.0,0.0,0.0
"[[1, 0], [0, 1]]","[[(1, 1), (0, 0)], [(1, 0), (0, 1)]]",40,1600,1.0,0.01,0.01,0.0,0.8,0.0,0.0,emotion,5,1,1.0,400,0.0,1.0,0.0,0.5,5.928,0.125,0.4,0.95,0.0,0.0,0.025,0.0,0.0,0.0,0.025
"[[1, 0], [0, 1]]","[[(1, 1), (0, 0)], [(1, 0), (0, 1)]]",40,1600,1.0,0.01,0.01,0.0,0.8,0.0,0.0,emotion,5,1,1.0,400,0.0,1.0,0.0,0.5,5.772,0.123,0.5,0.9,0.0,0.0,0.025,0.0,0.0,0.0,0.075
"[[1, 0], [0, 1]]","[[(1, 1), (0, 0)], [(1, 0), (0, 1)]]",40,1600,1.0,0.01,0.01,0.0,0.8,0.0,0.0,emotion,5,1,1.0,400,0.0,1.0,0.0,0.5,6.366,0.108,0.55,0.0,0.85,0.075,0.0,0.075,0.0,0.0,0.0
"[[1, 0], [0, 1]]","[[(1, 1), (0, 0)], [(1, 0), (0, 1)]]",40,1600,1.0,0.01,0.01,0.0,0.8,0.0,0.0,emotion,5,1,1.0,400,0.0,1.0,0.0,0.5,5.898,0.118,0.4,0.875,0.0,0.0,0.075,0.0,0.05,0.0,0.0
"[[1, 0], [0, 1]]","[[(1, 1), (0, 0)], [(1, 0), (0, 1)]]",40,1600,1.0,0.01,0.01,0.0,0.8,0.0,0.0,emotion,5,1,1.0,400,0.0,1.0,0.0,0.5,5.965,0.125,0.525,0.0,0.8,0.175,0.0,0.025,0.0,0.0,0.0
"[[1, 0], [0, 1]]","[[(1, 1), (0, 0)], [(1, 0), (0, 1)]]",40,1600,1.0,0.01,0.01,0.0,0.8,0.0,0.0,emotion,5,1,1.0,400,0.0,1.0,0.0,0.5,6.022,0.126,0.425,0.975,0.0,0.0,0.0,0.0,0.025,0.0,0.0
"[[1, 0], [0, 1]]","[[(1, 1), (0, 0)], [(1, 0), (0, 1)]]",40,1600,1.0,0.01,0.01,0.0,0.8,0.0,0.0,emotion,5,1,1.0,400,0.0,1.0,0.0,0.5,5.687,0.118,0.425,0.0,0.95,0.05,0.0,0.0,0.0,0.0,0.0
"[[1, 0], [0, 1]]","[[(1, 1), (0, 0)], [(1, 0), (0, 1)]]",40,1600,1.0,0.01,0.01,0.0,0.8,0.0,0.0,emotion,5,1,1.0,400,0.0,1.0,0.0,0.5,5.87,0.105,0.45,0.0,0.65,0.075,0.0,0.25,0.0,0.025,0.0
"[[1, 0], [0, 1]]","[[(1, 1), (0, 0)], [(1, 0), (0, 1)]]",40,1600,1.0,0.01,0.01,0.0,0.8,0.0,0.0,emotion,5,1,1.0,400,0.0,1.0,0.0,0.5,5.995,0.115,0.425,0.0,0.7,0.075,0.0,0.175,0.0,0.05,0.0
"[[1, 0], [0, 1]]","[[(1, 1), (0, 0)], [(1, 0), (0, 1)]]",40,1600,1.0,0.01,0.01,0.0,0.8,0.0,0.0,emotion,5,1,1.0,400,0.0,1.0,0.0,0.5,5.867,0.133,0.525,0.0,1.0,0.0,0.0,0.0,0.0,0.0,0.0
"[[1, 0], [0, 1]]","[[(1, 1), (0, 0)], [(1, 0), (0, 1)]]",40,1600,1.0,0.01,0.01,0.0,0.8,0.0,0.0,emotion,5,1,1.0,400,0.0,1.0,0.0,0.5,6.269,0.113,0.325,0.925,0.0,0.0,0.05,0.0,0.0,0.0,0.025
"[[1, 0], [0, 1]]","[[(1, 1), (0, 0)], [(1, 0), (0, 1)]]",40,1600,1.0,0.01,0.01,0.0,0.8,0.0,0.0,emotion,5,1,1.0,400,0.0,1.0,0.0,0.5,6.714,0.136,0.4,0.75,0.0,0.0,0.175,0.0,0.0,0.0,0.075
"[[1, 0], [0, 1]]","[[(1, 1), (0, 0)], [(1, 0), (0, 1)]]",40,1600,1.0,0.01,0.01,0.0,0.8,0.0,0.0,emotion,5,1,1.0,400,0.0,1.0,0.0,0.5,6.102,0.101,0.425,0.0,1.0,0.0,0.0,0.0,0.0,0.0,0.0
"[[1, 0], [0, 1]]","[[(1, 1), (0, 0)], [(1, 0), (0, 1)]]",40,1600,1.0,0.01,0.01,0.0,0.8,0.0,0.0,emotion,5,1,1.0,400,0.0,1.0,0.0,0.5,6.189,0.109,0.425,0.875,0.0,0.0,0.075,0.0,0.05,0.0,0.0
"[[1, 0], [0, 1]]","[[(1, 1), (0, 0)], [(1, 0), (0, 1)]]",40,1600,1.0,0.01,0.01,0.0,0.8,0.0,0.0,emotion,5,1,1.0,400,0.0,1.0,0.0,0.5,5.877,0.126,0.475,0.0,0.925,0.025,0.0,0.025,0.0,0.025,0.0
"[[1, 0], [0, 1]]","[[(1, 1), (0, 0)], [(1, 0), (0, 1)]]",40,1600,1.0,0.01,0.01,0.0,0.8,0.0,0.0,emotion,5,1,1.0,400,0.0,1.0,0.0,0.5,5.871,0.138,0.55,0.825,0.0,0.05,0.0,0.0,0.05,0.0,0.075
"[[1, 0], [0, 1]]","[[(1, 1), (0, 0)], [(1, 0), (0, 1)]]",40,1600,1.0,0.01,0.01,0.0,0.8,0.0,0.0,emotion,5,1,1.0,400,0.0,1.0,0.0,0.5,6.292,0.126,0.3,0.0,0.925,0.05,0.0,0.0,0.0,0.025,0.0
"[[1, 0], [0, 1]]","[[(1, 1), (0, 0)], [(1, 0), (0, 1)]]",40,1600,1.0,0.01,0.01,0.0,0.8,0.0,0.0,emotion,5,1,1.0,400,0.0,1.0,0.0,0.5,6.137,0.12,0.325,0.9,0.0,0.0,0.075,0.0,0.0,0.0,0.025
"[[1, 0], [0, 1]]","[[(1, 1), (0, 0)], [(1, 0), (0, 1)]]",40,1600,1.0,0.01,0.01,0.0,0.8,0.0,0.0,emotion,5,1,1.0,400,0.0,1.0,0.0,1.0,6.688,0.118,0.425,0.975,0.0,0.0,0.025,0.0,0.0,0.0,0.0
"[[1, 0], [0, 1]]","[[(1, 1), (0, 0)], [(1, 0), (0, 1)]]",40,1600,1.0,0.01,0.01,0.0,0.8,0.0,0.0,emotion,5,1,1.0,400,0.0,1.0,0.0,1.0,6.311,0.143,0.475,0.75,0.0,0.0,0.0,0.0,0.25,0.0,0.0
"[[1, 0], [0, 1]]","[[(1, 1), (0, 0)], [(1, 0), (0, 1)]]",40,1600,1.0,0.01,0.01,0.0,0.8,0.0,0.0,emotion,5,1,1.0,400,0.0,1.0,0.0,1.0,5.939,0.148,0.4,0.825,0.0,0.0,0.0,0.0,0.175,0.0,0.0
"[[1, 0], [0, 1]]","[[(1, 1), (0, 0)], [(1, 0), (0, 1)]]",40,1600,1.0,0.01,0.01,0.0,0.8,0.0,0.0,emotion,5,1,1.0,400,0.0,1.0,0.0,1.0,5.717,0.13,0.375,0.9,0.0,0.0,0.025,0.0,0.0,0.0,0.075
"[[1, 0], [0, 1]]","[[(1, 1), (0, 0)], [(1, 0), (0, 1)]]",40,1600,1.0,0.01,0.01,0.0,0.8,0.0,0.0,emotion,5,1,1.0,400,0.0,1.0,0.0,1.0,5.644,0.105,0.375,0.0,1.0,0.0,0.0,0.0,0.0,0.0,0.0
"[[1, 0], [0, 1]]","[[(1, 1), (0, 0)], [(1, 0), (0, 1)]]",40,1600,1.0,0.01,0.01,0.0,0.8,0.0,0.0,emotion,5,1,1.0,400,0.0,1.0,0.0,1.0,6.666,0.143,0.3,0.95,0.0,0.0,0.0,0.0,0.05,0.0,0.0
"[[1, 0], [0, 1]]","[[(1, 1), (0, 0)], [(1, 0), (0, 1)]]",40,1600,1.0,0.01,0.01,0.0,0.8,0.0,0.0,emotion,5,1,1.0,400,0.0,1.0,0.0,1.0,6.228,0.12,0.325,0.95,0.0,0.0,0.05,0.0,0.0,0.0,0.0
"[[1, 0], [0, 1]]","[[(1, 1), (0, 0)], [(1, 0), (0, 1)]]",40,1600,1.0,0.01,0.01,0.0,0.8,0.0,0.0,emotion,5,1,1.0,400,0.0,1.0,0.0,1.0,6.6,0.13,0.45,0.8,0.0,0.0,0.0,0.0,0.175,0.025,0.0
"[[1, 0], [0, 1]]","[[(1, 1), (0, 0)], [(1, 0), (0, 1)]]",40,1600,1.0,0.01,0.01,0.0,0.8,0.0,0.0,emotion,5,1,1.0,400,0.0,1.0,0.0,1.0,6.464,0.113,0.55,0.0,0.95,0.025,0.0,0.0,0.0,0.025,0.0
"[[1, 0], [0, 1]]","[[(1, 1), (0, 0)], [(1, 0), (0, 1)]]",40,1600,1.0,0.01,0.01,0.0,0.8,0.0,0.0,emotion,5,1,1.0,400,0.0,1.0,0.0,1.0,6.052,0.135,0.55,0.0,0.925,0.025,0.0,0.0,0.05,0.0,0.0
"[[1, 0], [0, 1]]","[[(1, 1), (0, 0)], [(1, 0), (0, 1)]]",40,1600,1.0,0.01,0.01,0.0,0.8,0.0,0.0,emotion,5,1,1.0,400,0.0,1.0,0.0,1.0,6.233,0.152,0.275,0.925,0.0,0.0,0.05,0.0,0.025,0.0,0.0
"[[1, 0], [0, 1]]","[[(1, 1), (0, 0)], [(1, 0), (0, 1)]]",40,1600,1.0,0.01,0.01,0.0,0.8,0.0,0.0,emotion,5,1,1.0,400,0.0,1.0,0.0,1.0,5.702,0.125,0.45,0.0,0.975,0.0,0.0,0.0,0.0,0.025,0.0
"[[1, 0], [0, 1]]","[[(1, 1), (0, 0)], [(1, 0), (0, 1)]]",40,1600,1.0,0.01,0.01,0.0,0.8,0.0,0.0,emotion,5,1,1.0,400,0.0,1.0,0.0,1.0,6.323,0.123,0.475,0.0,0.95,0.025,0.0,0.025,0.0,0.0,0.0
"[[1, 0], [0, 1]]","[[(1, 1), (0, 0)], [(1, 0), (0, 1)]]",40,1600,1.0,0.01,0.01,0.0,0.8,0.0,0.0,emotion,5,1,1.0,400,0.0,1.0,0.0,1.0,6.341,0.115,0.45,0.875,0.0,0.0,0.0,0.0,0.075,0.0,0.05
"[[1, 0], [0, 1]]","[[(1, 1), (0, 0)], [(1, 0), (0, 1)]]",40,1600,1.0,0.01,0.01,0.0,0.8,0.0,0.0,emotion,5,1,1.0,400,0.0,1.0,0.0,1.0,6.311,0.113,0.525,0.85,0.0,0.0,0.1,0.0,0.05,0.0,0.0
"[[1, 0], [0, 1]]","[[(1, 1), (0, 0)], [(1, 0), (0, 1)]]",40,1600,1.0,0.01,0.01,0.0,0.8,0.0,0.0,emotion,5,1,1.0,400,0.0,1.0,0.0,1.0,5.938,0.12,0.35,0.0,0.95,0.025,0.0,0.0,0.0,0.025,0.0
"[[1, 0], [0, 1]]","[[(1, 1), (0, 0)], [(1, 0), (0, 1)]]",40,1600,1.0,0.01,0.01,0.0,0.8,0.0,0.0,emotion,5,1,1.0,400,0.0,1.0,0.0,1.0,6.316,0.15,0.475,0.0,0.875,0.125,0.0,0.0,0.0,0.0,0.0
"[[1, 0], [0, 1]]","[[(1, 1), (0, 0)], [(1, 0), (0, 1)]]",40,1600,1.0,0.01,0.01,0.0,0.8,0.0,0.0,emotion,5,1,1.0,400,0.0,1.0,0.0,1.0,6.273,0.105,0.5,0.0,0.85,0.05,0.025,0.075,0.0,0.0,0.0
"[[1, 0], [0, 1]]","[[(1, 1), (0, 0)], [(1, 0), (0, 1)]]",40,1600,1.0,0.01,0.01,0.0,0.8,0.0,0.0,emotion,5,1,1.0,400,0.0,1.0,0.0,1.0,6.126,0.113,0.425,0.975,0.0,0.0,0.025,0.0,0.0,0.0,0.0
"[[1, 0], [0, 1]]","[[(1, 1), (0, 0)], [(1, 0), (0, 1)]]",40,1600,1.0,0.01,0.01,0.0,0.8,0.0,0.0,emotion,5,1,1.0,400,0.0,1.0,0.0,1.0,6.317,0.123,0.6,0.8,0.0,0.0,0.175,0.0,0.0,0.0,0.025
"[[1, 0], [0, 1]]","[[(1, 1), (0, 0)], [(0, 1), (0, 1)]]",40,1600,1.0,0.01,0.01,0.0,0.4,0.0,0.0,emotion,5,1,1.0,400,0.0,1.0,0.0,0.5,5.92,0.129,0.475,0.95,0.0,0.0,0.025,0.0,0.025,0.0,0.0
"[[1, 0], [0, 1]]","[[(1, 1), (0, 0)], [(0, 1), (0, 1)]]",40,1600,1.0,0.01,0.01,0.0,0.4,0.0,0.0,emotion,5,1,1.0,400,0.0,1.0,0.0,0.5,6.055,0.138,0.525,0.825,0.0,0.0,0.15,0.0,0.0,0.0,0.025
"[[1, 0], [0, 1]]","[[(1, 1), (0, 0)], [(0, 1), (0, 1)]]",40,1600,1.0,0.01,0.01,0.0,0.4,0.0,0.0,emotion,5,1,1.0,400,0.0,1.0,0.0,0.5,5.833,0.136,0.425,0.925,0.0,0.0,0.025,0.0,0.025,0.0,0.025
"[[1, 0], [0, 1]]","[[(1, 1), (0, 0)], [(0, 1), (0, 1)]]",40,1600,1.0,0.01,0.01,0.0,0.4,0.0,0.0,emotion,5,1,1.0,400,0.0,1.0,0.0,0.5,6.563,0.106,0.45,0.825,0.0,0.0,0.0,0.0,0.025,0.025,0.125
"[[1, 0], [0, 1]]","[[(1, 1), (0, 0)], [(0, 1), (0, 1)]]",40,1600,1.0,0.01,0.01,0.0,0.4,0.0,0.0,emotion,5,1,1.0,400,0.0,1.0,0.0,0.5,6.553,0.131,0.4,0.95,0.0,0.0,0.05,0.0,0.0,0.0,0.0
"[[1, 0], [0, 1]]","[[(1, 1), (0, 0)], [(0, 1), (0, 1)]]",40,1600,1.0,0.01,0.01,0.0,0.4,0.0,0.0,emotion,5,1,1.0,400,0.0,1.0,0.0,0.5,5.843,0.118,0.475,0.9,0.0,0.0,0.025,0.0,0.075,0.0,0.0
"[[1, 0], [0, 1]]","[[(1, 1), (0, 0)], [(0, 1), (0, 1)]]",40,1600,1.0,0.01,0.01,0.0,0.4,0.0,0.0,emotion,5,1,1.0,400,0.0,1.0,0.0,0.5,5.904,0.098,0.525,0.95,0.0,0.0,0.025,0.0,0.025,0.0,0.0
"[[1, 0], [0, 1]]","[[(1, 1), (0, 0)], [(0, 1), (0, 1)]]",40,1600,1.0,0.01,0.01,0.0,0.4,0.0,0.0,emotion,5,1,1.0,400,0.0,1.0,0.0,0.5,6.044,0.118,0.6,0.975,0.0,0.0,0.0,0.0,0.0,0.0,0.025
"[[1, 0], [0, 1]]","[[(1, 1), (0, 0)], [(0, 1), (0, 1)]]",40,1600,1.0,0.01,0.01,0.0,0.4,0.0,0.0,emotion,5,1,1.0,400,0.0,1.0,0.0,0.5,6.121,0.151,0.475,0.0,0.85,0.1,0.0,0.05,0.0,0.0,0.0
"[[1, 0], [0, 1]]","[[(1, 1), (0, 0)], [(0, 1), (0, 1)]]",40,1600,1.0,0.01,0.01,0.0,0.4,0.0,0.0,emotion,5,1,1.0,400,0.0,1.0,0.0,0.5,6.307,0.133,0.375,0.95,0.0,0.0,0.025,0.0,0.025,0.0,0.0
"[[1, 0], [0, 1]]","[[(1, 1), (0, 0)], [(0, 1), (0, 1)]]",40,1600,1.0,0.01,0.01,0.0,0.4,0.0,0.0,emotion,5,1,1.0,400,0.0,1.0,0.0,0.5,6.183,0.138,0.725,0.975,0.0,0.0,0.0,0.0,0.0,0.0,0.025
"[[1, 0], [0, 1]]","[[(1, 1), (0, 0)], [(0, 1), (0, 1)]]",40,1600,1.0,0.01,0.01,0.0,0.4,0.0,0.0,emotion,5,1,1.0,400,0.0,1.0,0.0,0.5,6.194,0.133,0.25,0.85,0.0,0.0,0.075,0.0,0.025,0.0,0.05
"[[1, 0], [0, 1]]","[[(1, 1), (0, 0)], [(0, 1), (0, 1)]]",40,1600,1.0,0.01,0.01,0.0,0.4,0.0,0.0,emotion,5,1,1.0,400,0.0,1.0,0.0,0.5,6.1,0.121,0.5,0.0,0.925,0.0,0.0,0.025,0.0,0.05,0.0
"[[1, 0], [0, 1]]","[[(1, 1), (0, 0)], [(0, 1), (0, 1)]]",40,1600,1.0,0.01,0.01,0.0,0.4,0.0,0.0,emotion,5,1,1.0,400,0.0,1.0,0.0,0.5,6.264,0.134,0.4,0.975,0.0,0.0,0.025,0.0,0.0,0.0,0.0
"[[1, 0], [0, 1]]","[[(1, 1), (0, 0)], [(0, 1), (0, 1)]]",40,1600,1.0,0.01,0.01,0.0,0.4,0.0,0.0,emotion,5,1,1.0,400,0.0,1.0,0.0,0.5,6.13,0.169,0.475,0.95,0.0,0.0,0.025,0.0,0.025,0.0,0.0
"[[1, 0], [0, 1]]","[[(1, 1), (0, 0)], [(0, 1), (0, 1)]]",40,1600,1.0,0.01,0.01,0.0,0.4,0.0,0.0,emotion,5,1,1.0,400,0.0,1.0,0.0,0.5,6.269,0.114,0.35,0.0,0.75,0.025,0.0,0.225,0.0,0.0,0.0
"[[1, 0], [0, 1]]","[[(1, 1), (0, 0)], [(0, 1), (0, 1)]]",40,1600,1.0,0.01,0.01,0.0,0.4,0.0,0.0,emotion,5,1,1.0,400,0.0,1.0,0.0,0.5,6.175,0.119,0.4,0.0,0.875,0.025,0.0,0.1,0.0,0.0,0.0
"[[1, 0], [0, 1]]","[[(1, 1), (0, 0)], [(0, 1), (0, 1)]]",40,1600,1.0,0.01,0.01,0.0,0.4,0.0,0.0,emotion,5,1,1.0,400,0.0,1.0,0.0,0.5,6.568,0.114,0.525,0.0,0.9,0.075,0.0,0.0,0.0,0.025,0.0
"[[1, 0], [0, 1]]","[[(1, 1), (0, 0)], [(0, 1), (0, 1)]]",40,1600,1.0,0.01,0.01,0.0,0.4,0.0,0.0,emotion,5,1,1.0,400,0.0,1.0,0.0,0.5,6.223,0.123,0.575,0.0,1.0,0.0,0.0,0.0,0.0,0.0,0.0
"[[1, 0], [0, 1]]","[[(1, 1), (0, 0)], [(0, 1), (0, 1)]]",40,1600,1.0,0.01,0.01,0.0,0.4,0.0,0.0,emotion,5,1,1.0,400,0.0,1.0,0.0,0.5,6.041,0.095,0.4,0.0,0.95,0.0,0.0,0.025,0.0,0.025,0.0
"[[1, 0], [0, 1]]","[[(1, 1), (0, 0)], [(0, 1), (0, 1)]]",40,1600,1.0,0.01,0.01,0.0,0.4,0.0,0.0,emotion,5,1,1.0,400,0.0,1.0,0.0,1.0,6.525,0.13,0.55,0.875,0.0,0.0,0.025,0.0,0.05,0.0,0.05
"[[1, 0], [0, 1]]","[[(1, 1), (0, 0)], [(0, 1), (0, 1)]]",40,1600,1.0,0.01,0.01,0.0,0.4,0.0,0.0,emotion,5,1,1.0,400,0.0,1.0,0.0,1.0,5.934,0.098,0.4,0.0,0.95,0.05,0.0,0.0,0.0,0.0,0.0
"[[1, 0], [0, 1]]","[[(1, 1), (0, 0)], [(0, 1), (0, 1)]]",40,1600,1.0,0.01,0.01,0.0,0.4,0.0,0.0,emotion,5,1,1.0,400,0.0,1.0,0.0,1.0,5.513,0.128,0.325,0.875,0.0,0.0,0.025,0.0,0.075,0.0,0.025
"[[1, 0], [0, 1]]","[[(1, 1), (0, 0)], [(0, 1), (0, 1)]]",40,1600,1.0,0.01,0.01,0.0,0.4,0.0,0.0,emotion,5,1,1.0,400,0.0,1.0,0.0,1.0,6.209,0.133,0.475,0.0,0.975,0.025,0.0,0.0,0.0,0.0,0.0
"[[1, 0], [0, 1]]","[[(1, 1), (0, 0)], [(0, 1), (0, 1)]]",40,1600,1.0,0.01,0.01,0.0,0.4,0.0,0.0,emotion,5,1,1.0,400,0.0,1.0,0.0,1.0,6.025,0.126,0.325,0.975,0.0,0.0,0.025,0.0,0.0,0.0,0.0
"[[1, 0], [0, 1]]","[[(1, 1), (0, 0)], [(0, 1), (0, 1)]]",40,1600,1.0,0.01,0.01,0.0,0.4,0.0,0.0,emotion,5,1,1.0,400,0.0,1.0,0.0,1.0,5.746,0.156,0.425,0.9,0.0,0.0,0.075,0.0,0.0,0.0,0.025
"[[1, 0], [0, 1]]","[[(1, 1), (0, 0)], [(0, 1), (0, 1)]]",40,1600,1.0,0.01,0.01,0.0,0.4,0.0,0.0,emotion,5,1,1.0,400,0.0,1.0,0.0,1.0,5.954,0.11,0.45,0.9,0.0,0.0,0.025,0.0,0.0,0.0,0.075
"[[1, 0], [0, 1]]","[[(1, 1), (0, 0)], [(0, 1), (0, 1)]]",40,1600,1.0,0.01,0.01,0.0,0.4,0.0,0.0,emotion,5,1,1.0,400,0.0,1.0,0.0,1.0,5.937,0.123,0.425,0.0,0.825,0.0,0.0,0.175,0.0,0.0,0.0
"[[1, 0], [0, 1]]","[[(1, 1), (0, 0)], [(0, 1), (0, 1)]]",40,1600,1.0,0.01,0.01,0.0,0.4,0.0,0.0,emotion,5,1,1.0,400,0.0,1.0,0.0,1.0,6.148,0.148,0.425,0.0,0.825,0.175,0.0,0.0,0.0,0.0,0.0
"[[1, 0], [0, 1]]","[[(1, 1), (0, 0)], [(0, 1), (0, 1)]]",40,1600,1.0,0.01,0.01,0.0,0.4,0.0,0.0,emotion,5,1,1.0,400,0.0,1.0,0.0,1.0,6.659,0.125,0.35,1.0,0.0,0.0,0.0,0.0,0.0,0.0,0.0
"[[1, 0], [0, 1]]","[[(1, 1), (0, 0)], [(0, 1), (0, 1)]]",40,1600,1.0,0.01,0.01,0.0,0.4,0.0,0.0,emotion,5,1,1.0,400,0.0,1.0,0.0,1.0,5.824,0.14,0.425,0.0,0.925,0.0,0.0,0.05,0.0,0.025,0.0
"[[1, 0], [0, 1]]","[[(1, 1), (0, 0)], [(0, 1), (0, 1)]]",40,1600,1.0,0.01,0.01,0.0,0.4,0.0,0.0,emotion,5,1,1.0,400,0.0,1.0,0.0,1.0,5.997,0.125,0.525,0.875,0.0,0.0,0.05,0.0,0.075,0.0,0.0
"[[1, 0], [0, 1]]","[[(1, 1), (0, 0)], [(0, 1), (0, 1)]]",40,1600,1.0,0.01,0.01,0.0,0.4,0.0,0.0,emotion,5,1,1.0,400,0.0,1.0,0.0,1.0,6.998,0.583,0.1,0.0,0.0,0.0,0.05,0.95,0.0,0.0,0.0
"[[1, 0], [0, 1]]","[[(1, 1), (0, 0)], [(0, 1), (0, 1)]]",40,1600,1.0,0.01,0.01,0.0,0.4,0.0,0.0,emotion,5,1,1.0,400,0.0,1.0,0.0,1.0,6.038,0.106,0.4,0.0,0.875,0.0,0.0,0.125,0.0,0.0,0.0
"[[1, 0], [0, 1]]","[[(1, 1), (0, 0)], [(0, 1), (0, 1)]]",40,1600,1.0,0.01,0.01,0.0,0.4,0.0,0.0,emotion,5,1,1.0,400,0.0,1.0,0.0,1.0,6.356,0.156,0.35,0.875,0.0,0.0,0.1,0.0,0.025,0.0,0.0
"[[1, 0], [0, 1]]","[[(1, 1), (0, 0)], [(0, 1), (0, 1)]]",40,1600,1.0,0.01,0.01,0.0,0.4,0.0,0.0,emotion,5,1,1.0,400,0.0,1.0,0.0,1.0,6.034,0.12,0.5,0.975,0.0,0.025,0.0,0.0,0.0,0.0,0.0
"[[1, 0], [0, 1]]","[[(1, 1), (0, 0)], [(0, 1), (0, 1)]]",40,1600,1.0,0.01,0.01,0.0,0.4,0.0,0.0,emotion,5,1,1.0,400,0.0,1.0,0.0,1.0,6.112,0.114,0.35,0.975,0.0,0.0,0.0,0.0,0.0,0.0,0.025
"[[1, 0], [0, 1]]","[[(1, 1), (0, 0)], [(0, 1), (0, 1)]]",40,1600,1.0,0.01,0.01,0.0,0.4,0.0,0.0,emotion,5,1,1.0,400,0.0,1.0,0.0,1.0,6.144,0.128,0.6,0.95,0.0,0.0,0.05,0.0,0.0,0.0,0.0
"[[1, 0], [0, 1]]","[[(1, 1), (0, 0)], [(0, 1), (0, 1)]]",40,1600,1.0,0.01,0.01,0.0,0.4,0.0,0.0,emotion,5,1,1.0,400,0.0,1.0,0.0,1.0,84.305,0.955,0.0,0.0,0.0,0.0,0.0,1.0,0.0,0.0,0.0
"[[1, 0], [0, 1]]","[[(1, 1), (0, 0)], [(0, 1), (0, 1)]]",40,1600,1.0,0.01,0.01,0.0,0.4,0.0,0.0,emotion,5,1,1.0,400,0.0,1.0,0.0,1.0,83.998,0.832,1.0,0.0,0.0,0.0,1.0,0.0,0.0,0.0,0.0
"[[1, 0], [0, 1]]","[[(1, 1), (0, 0)], [(0, 1), (0, 1)]]",40,1600,1.0,0.01,0.01,0.0,0.6,0.0,0.0,emotion,5,1,1.0,400,0.0,1.0,0.0,0.5,6.134,0.123,0.4,0.85,0.0,0.0,0.15,0.0,0.0,0.0,0.0
"[[1, 0], [0, 1]]","[[(1, 1), (0, 0)], [(0, 1), (0, 1)]]",40,1600,1.0,0.01,0.01,0.0,0.6,0.0,0.0,emotion,5,1,1.0,400,0.0,1.0,0.0,0.5,6.012,0.15,0.5,0.75,0.0,0.0,0.025,0.0,0.125,0.05,0.05
"[[1, 0], [0, 1]]","[[(1, 1), (0, 0)], [(0, 1), (0, 1)]]",40,1600,1.0,0.01,0.01,0.0,0.6,0.0,0.0,emotion,5,1,1.0,400,0.0,1.0,0.0,0.5,5.836,0.156,0.575,0.9,0.0,0.0,0.0,0.0,0.0,0.0,0.1
"[[1, 0], [0, 1]]","[[(1, 1), (0, 0)], [(0, 1), (0, 1)]]",40,1600,1.0,0.01,0.01,0.0,0.6,0.0,0.0,emotion,5,1,1.0,400,0.0,1.0,0.0,0.5,6.516,0.154,0.4,0.0,0.95,0.025,0.0,0.0,0.0,0.025,0.0
"[[1, 0], [0, 1]]","[[(1, 1), (0, 0)], [(0, 1), (0, 1)]]",40,1600,1.0,0.01,0.01,0.0,0.6,0.0,0.0,emotion,5,1,1.0,400,0.0,1.0,0.0,0.5,5.914,0.101,0.55,0.0,0.8,0.05,0.0,0.15,0.0,0.0,0.0
"[[1, 0], [0, 1]]","[[(1, 1), (0, 0)], [(0, 1), (0, 1)]]",40,1600,1.0,0.01,0.01,0.0,0.6,0.0,0.0,emotion,5,1,1.0,400,0.0,1.0,0.0,0.5,5.726,0.133,0.45,0.0,0.8,0.2,0.0,0.0,0.0,0.0,0.0
"[[1, 0], [0, 1]]","[[(1, 1), (0, 0)], [(0, 1), (0, 1)]]",40,1600,1.0,0.01,0.01,0.0,0.6,0.0,0.0,emotion,5,1,1.0,400,0.0,1.0,0.0,0.5,6.789,0.142,0.5,0.0,0.925,0.0,0.0,0.025,0.025,0.025,0.0
"[[1, 0], [0, 1]]","[[(1, 1), (0, 0)], [(0, 1), (0, 1)]]",40,1600,1.0,0.01,0.01,0.0,0.6,0.0,0.0,emotion,5,1,1.0,400,0.0,1.0,0.0,0.5,5.89,0.108,0.525,0.0,0.875,0.1,0.0,0.0,0.0,0.025,0.0
"[[1, 0], [0, 1]]","[[(1, 1), (0, 0)], [(0, 1), (0, 1)]]",40,1600,1.0,0.01,0.01,0.0,0.6,0.0,0.0,emotion,5,1,1.0,400,0.0,1.0,0.0,0.5,6.174,0.115,0.475,0.875,0.0,0.0,0.125,0.0,0.0,0.0,0.0
"[[1, 0], [0, 1]]","[[(1, 1), (0, 0)], [(0, 1), (0, 1)]]",40,1600,1.0,0.01,0.01,0.0,0.6,0.0,0.0,emotion,5,1,1.0,400,0.0,1.0,0.0,0.5,5.884,0.115,0.4,0.0,0.95,0.0,0.0,0.05,0.0,0.0,0.0
"[[1, 0], [0, 1]]","[[(1, 1), (0, 0)], [(0, 1), (0, 1)]]",40,1600,1.0,0.01,0.01,0.0,0.6,0.0,0.0,emotion,5,1,1.0,400,0.0,1.0,0.0,0.5,6.813,0.134,0.475,0.8,0.0,0.0,0.0,0.0,0.175,0.0,0.025
"[[1, 0], [0, 1]]","[[(1, 1), (0, 0)], [(0, 1), (0, 1)]]",40,1600,1.0,0.01,0.01,0.0,0.6,0.0,0.0,emotion,5,1,1.0,400,0.0,1.0,0.0,0.5,6.064,0.115,0.475,0.75,0.0,0.0,0.0,0.0,0.25,0.0,0.0
"[[1, 0], [0, 1]]","[[(1, 1), (0, 0)], [(0, 1), (0, 1)]]",40,1600,1.0,0.01,0.01,0.0,0.6,0.0,0.0,emotion,5,1,1.0,400,0.0,1.0,0.0,0.5,6.051,0.136,0.65,0.0,0.95,0.0,0.0,0.0,0.0,0.05,0.0
"[[1, 0], [0, 1]]","[[(1, 1), (0, 0)], [(0, 1), (0, 1)]]",40,1600,1.0,0.01,0.01,0.0,0.6,0.0,0.0,emotion,5,1,1.0,400,0.0,1.0,0.0,0.5,6.36,0.129,0.425,0.0,0.95,0.05,0.0,0.0,0.0,0.0,0.0
"[[1, 0], [0, 1]]","[[(1, 1), (0, 0)], [(0, 1), (0, 1)]]",40,1600,1.0,0.01,0.01,0.0,0.6,0.0,0.0,emotion,5,1,1.0,400,0.0,1.0,0.0,0.5,6.148,0.135,0.45,0.0,0.875,0.075,0.0,0.05,0.0,0.0,0.0
"[[1, 0], [0, 1]]","[[(1, 1), (0, 0)], [(0, 1), (0, 1)]]",40,1600,1.0,0.01,0.01,0.0,0.6,0.0,0.0,emotion,5,1,1.0,400,0.0,1.0,0.0,0.5,6.608,0.109,0.525,0.0,0.85,0.1,0.0,0.0,0.0,0.05,0.0
"[[1, 0], [0, 1]]","[[(1, 1), (0, 0)], [(0, 1), (0, 1)]]",40,1600,1.0,0.01,0.01,0.0,0.6,0.0,0.0,emotion,5,1,1.0,400,0.0,1.0,0.0,0.5,5.821,0.136,0.525,0.0,0.95,0.0,0.0,0.025,0.0,0.025,0.0
"[[1, 0], [0, 1]]","[[(1, 1), (0, 0)], [(0, 1), (0, 1)]]",40,1600,1.0,0.01,0.01,0.0,0.6,0.0,0.0,emotion,5,1,1.0,400,0.0,1.0,0.0,0.5,6.137,0.145,0.5,0.725,0.0,0.0,0.025,0.0,0.15,0.0,0.1
"[[1, 0], [0, 1]]","[[(1, 1), (0, 0)], [(0, 1), (0, 1)]]",40,1600,1.0,0.01,0.01,0.0,0.6,0.0,0.0,emotion,5,1,1.0,400,0.0,1.0,0.0,0.5,6.424,0.115,0.525,0.925,0.0,0.0,0.025,0.0,0.0,0.0,0.05
"[[1, 0], [0, 1]]","[[(1, 1), (0, 0)], [(0, 1), (0, 1)]]",40,1600,1.0,0.01,0.01,0.0,0.6,0.0,0.0,emotion,5,1,1.0,400,0.0,1.0,0.0,0.5,6.318,0.135,0.4,0.95,0.0,0.0,0.0,0.0,0.0,0.025,0.025
"[[1, 0], [0, 1]]","[[(1, 1), (0, 0)], [(0, 1), (0, 1)]]",40,1600,1.0,0.01,0.01,0.0,0.6,0.0,0.0,emotion,5,1,1.0,400,0.0,1.0,0.0,1.0,5.874,0.125,0.5,0.0,0.975,0.0,0.0,0.0,0.0,0.025,0.0
"[[1, 0], [0, 1]]","[[(1, 1), (0, 0)], [(0, 1), (0, 1)]]",40,1600,1.0,0.01,0.01,0.0,0.6,0.0,0.0,emotion,5,1,1.0,400,0.0,1.0,0.0,1.0,6.936,0.195,0.45,0.0,0.75,0.15,0.0,0.05,0.0,0.05,0.0
"[[1, 0], [0, 1]]","[[(1, 1), (0, 0)], [(0, 1), (0, 1)]]",40,1600,1.0,0.01,0.01,0.0,0.6,0.0,0.0,emotion,5,1,1.0,400,0.0,1.0,0.0,1.0,6.134,0.139,0.5,0.975,0.0,0.0,0.0,0.0,0.025,0.0,0.0
"[[1, 0], [0, 1]]","[[(1, 1), (0, 0)], [(0, 1), (0, 1)]]",40,1600,1.0,0.01,0.01,0.0,0.6,0.0,0.0,emotion,5,1,1.0,400,0.0,1.0,0.0,1.0,6.33,0.114,0.425,0.0,0.975,0.025,0.0,0.0,0.0,0.0,0.0
"[[1, 0], [0, 1]]","[[(1, 1), (0, 0)], [(0, 1), (0, 1)]]",40,1600,1.0,0.01,0.01,0.0,0.6,0.0,0.0,emotion,5,1,1.0,400,0.0,1.0,0.0,1.0,5.96,0.159,0.625,0.85,0.0,0.0,0.15,0.0,0.0,0.0,0.0
"[[1, 0], [0, 1]]","[[(1, 1), (0, 0)], [(0, 1), (0, 1)]]",40,1600,1.0,0.01,0.01,0.0,0.6,0.0,0.0,emotion,5,1,1.0,400,0.0,1.0,0.0,1.0,6.144,0.129,0.45,0.975,0.0,0.0,0.0,0.0,0.025,0.0,0.0
"[[1, 0], [0, 1]]","[[(1, 1), (0, 0)], [(0, 1), (0, 1)]]",40,1600,1.0,0.01,0.01,0.0,0.6,0.0,0.0,emotion,5,1,1.0,400,0.0,1.0,0.0,1.0,6.318,0.109,0.35,0.0,0.9,0.0,0.0,0.05,0.0,0.05,0.0
"[[1, 0], [0, 1]]","[[(1, 1), (0, 0)], [(0, 1), (0, 1)]]",40,1600,1.0,0.01,0.01,0.0,0.6,0.0,0.0,emotion,5,1,1.0,400,0.0,1.0,0.0,1.0,6.794,0.165,0.4,0.0,0.825,0.125,0.0,0.0,0.0,0.05,0.0
"[[1, 0], [0, 1]]","[[(1, 1), (0, 0)], [(0, 1), (0, 1)]]",40,1600,1.0,0.01,0.01,0.0,0.6,0.0,0.0,emotion,5,1,1.0,400,0.0,1.0,0.0,1.0,6.223,0.16,0.475,0.925,0.0,0.0,0.0,0.0,0.0,0.0,0.075
"[[1, 0], [0, 1]]","[[(1, 1), (0, 0)], [(0, 1), (0, 1)]]",40,1600,1.0,0.01,0.01,0.0,0.6,0.0,0.0,emotion,5,1,1.0,400,0.0,1.0,0.0,1.0,6.124,0.15,0.55,0.975,0.0,0.0,0.0,0.0,0.0,0.0,0.025
"[[1, 0], [0, 1]]","[[(1, 1), (0, 0)], [(0, 1), (0, 1)]]",40,1600,1.0,0.01,0.01,0.0,0.6,0.0,0.0,emotion,5,1,1.0,400,0.0,1.0,0.0,1.0,6.118,0.14,0.475,0.95,0.0,0.0,0.0,0.0,0.0,0.0,0.05
"[[1, 0], [0, 1]]","[[(1, 1), (0, 0)], [(0, 1), (0, 1)]]",40,1600,1.0,0.01,0.01,0.0,0.6,0.0,0.0,emotion,5,1,1.0,400,0.0,1.0,0.0,1.0,6.236,0.131,0.425,0.95,0.0,0.0,0.0,0.0,0.0,0.0,0.05
"[[1, 0], [0, 1]]","[[(1, 1), (0, 0)], [(0, 1), (0, 1)]]",40,1600,1.0,0.01,0.01,0.0,0.6,0.0,0.0,emotion,5,1,1.0,400,0.0,1.0,0.0,1.0,5.503,0.143,0.35,0.0,0.925,0.0,0.0,0.05,0.0,0.025,0.0
"[[1, 0], [0, 1]]","[[(1, 1), (0, 0)], [(0, 1), (0, 1)]]",40,1600,1.0,0.01,0.01,0.0,0.6,0.0,0.0,emotion,5,1,1.0,400,0.0,1.0,0.0,1.0,6.384,0.175,0.425,0.7,0.0,0.0,0.05,0.0,0.25,0.0,0.0
"[[1, 0], [0, 1]]","[[(1, 1), (0, 0)], [(0, 1), (0, 1)]]",40,1600,1.0,0.01,0.01,0.0,0.6,0.0,0.0,emotion,5,1,1.0,400,0.0,1.0,0.0,1.0,5.924,0.148,0.55,0.975,0.0,0.0,0.0,0.0,0.0,0.0,0.025
"[[1, 0], [0, 1]]","[[(1, 1), (0, 0)], [(0, 1), (0, 1)]]",40,1600,1.0,0.01,0.01,0.0,0.6,0.0,0.0,emotion,5,1,1.0,400,0.0,1.0,0.0,1.0,6.15,0.114,0.575,0.825,0.0,0.0,0.0,0.0,0.175,0.0,0.0
"[[1, 0], [0, 1]]","[[(1, 1), (0, 0)], [(0, 1), (0, 1)]]",40,1600,1.0,0.01,0.01,0.0,0.6,0.0,0.0,emotion,5,1,1.0,400,0.0,1.0,0.0,1.0,10.926,0.826,0.875,0.025,0.0,0.0,0.9,0.075,0.0,0.0,0.0
"[[1, 0], [0, 1]]","[[(1, 1), (0, 0)], [(0, 1), (0, 1)]]",40,1600,1.0,0.01,0.01,0.0,0.6,0.0,0.0,emotion,5,1,1.0,400,0.0,1.0,0.0,1.0,6.052,0.116,0.425,0.0,0.95,0.025,0.0,0.025,0.0,0.0,0.0
"[[1, 0], [0, 1]]","[[(1, 1), (0, 0)], [(0, 1), (0, 1)]]",40,1600,1.0,0.01,0.01,0.0,0.6,0.0,0.0,emotion,5,1,1.0,400,0.0,1.0,0.0,1.0,31.266,0.891,0.1,0.0,0.025,0.0,0.0,0.925,0.0,0.0,0.05
"[[1, 0], [0, 1]]","[[(1, 1), (0, 0)], [(0, 1), (0, 1)]]",40,1600,1.0,0.01,0.01,0.0,0.6,0.0,0.0,emotion,5,1,1.0,400,0.0,1.0,0.0,1.0,87.554,0.806,0.875,0.075,0.0,0.0,0.925,0.0,0.0,0.0,0.0
"[[1, 0], [0, 1]]","[[(1, 1), (0, 0)], [(0, 1), (0, 1)]]",40,1600,1.0,0.01,0.01,0.0,0.8,0.0,0.0,emotion,5,1,1.0,400,0.0,1.0,0.0,0.5,6.231,0.108,0.4,1.0,0.0,0.0,0.0,0.0,0.0,0.0,0.0
"[[1, 0], [0, 1]]","[[(1, 1), (0, 0)], [(0, 1), (0, 1)]]",40,1600,1.0,0.01,0.01,0.0,0.8,0.0,0.0,emotion,5,1,1.0,400,0.0,1.0,0.0,0.5,5.993,0.099,0.425,0.0,0.925,0.0,0.0,0.075,0.0,0.0,0.0
"[[1, 0], [0, 1]]","[[(1, 1), (0, 0)], [(0, 1), (0, 1)]]",40,1600,1.0,0.01,0.01,0.0,0.8,0.0,0.0,emotion,5,1,1.0,400,0.0,1.0,0.0,0.5,6.467,0.102,0.425,0.0,0.9,0.025,0.0,0.075,0.0,0.0,0.0
"[[1, 0], [0, 1]]","[[(1, 1), (0, 0)], [(0, 1), (0, 1)]]",40,1600,1.0,0.01,0.01,0.0,0.8,0.0,0.0,emotion,5,1,1.0,400,0.0,1.0,0.0,0.5,6.092,0.138,0.6,1.0,0.0,0.0,0.0,0.0,0.0,0.0,0.0
"[[1, 0], [0, 1]]","[[(1, 1), (0, 0)], [(0, 1), (0, 1)]]",40,1600,1.0,0.01,0.01,0.0,0.8,0.0,0.0,emotion,5,1,1.0,400,0.0,1.0,0.0,0.5,5.927,0.143,0.325,0.95,0.0,0.0,0.05,0.0,0.0,0.0,0.0
"[[1, 0], [0, 1]]","[[(1, 1), (0, 0)], [(0, 1), (0, 1)]]",40,1600,1.0,0.01,0.01,0.0,0.8,0.0,0.0,emotion,5,1,1.0,400,0.0,1.0,0.0,0.5,5.661,0.096,0.325,0.9,0.0,0.0,0.025,0.0,0.05,0.0,0.025
"[[1, 0], [0, 1]]","[[(1, 1), (0, 0)], [(0, 1), (0, 1)]]",40,1600,1.0,0.01,0.01,0.0,0.8,0.0,0.0,emotion,5,1,1.0,400,0.0,1.0,0.0,0.5,6.095,0.105,0.25,0.0,0.925,0.075,0.0,0.0,0.0,0.0,0.0
"[[1, 0], [0, 1]]","[[(1, 1), (0, 0)], [(0, 1), (0, 1)]]",40,1600,1.0,0.01,0.01,0.0,0.8,0.0,0.0,emotion,5,1,1.0,400,0.0,1.0,0.0,0.5,6.233,0.133,0.375,0.875,0.0,0.0,0.125,0.0,0.0,0.0,0.0
"[[1, 0], [0, 1]]","[[(1, 1), (0, 0)], [(0, 1), (0, 1)]]",40,1600,1.0,0.01,0.01,0.0,0.8,0.0,0.0,emotion,5,1,1.0,400,0.0,1.0,0.0,0.5,6.187,0.125,0.5,0.95,0.0,0.0,0.05,0.0,0.0,0.0,0.0
"[[1, 0], [0, 1]]","[[(1, 1), (0, 0)], [(0, 1), (0, 1)]]",40,1600,1.0,0.01,0.01,0.0,0.8,0.0,0.0,emotion,5,1,1.0,400,0.0,1.0,0.0,0.5,6.315,0.15,0.4,0.925,0.0,0.0,0.025,0.0,0.05,0.0,0.0
"[[1, 0], [0, 1]]","[[(1, 1), (0, 0)], [(0, 1), (0, 1)]]",40,1600,1.0,0.01,0.01,0.0,0.8,0.0,0.0,emotion,5,1,1.0,400,0.0,1.0,0.0,0.5,6.245,0.135,0.475,0.0,0.95,0.025,0.0,0.0,0.0,0.025,0.0
"[[1, 0], [0, 1]]","[[(1, 1), (0, 0)], [(0, 1), (0, 1)]]",40,1600,1.0,0.01,0.01,0.0,0.8,0.0,0.0,emotion,5,1,1.0,400,0.0,1.0,0.0,0.5,6.052,0.119,0.525,0.75,0.0,0.0,0.05,0.2,0.0,0.0,0.0
"[[1, 0], [0, 1]]","[[(1, 1), (0, 0)], [(0, 1), (0, 1)]]",40,1600,1.0,0.01,0.01,0.0,0.8,0.0,0.0,emotion,5,1,1.0,400,0.0,1.0,0.0,0.5,6.426,0.133,0.425,0.0,0.925,0.0,0.0,0.025,0.0,0.05,0.0
"[[1, 0], [0, 1]]","[[(1, 1), (0, 0)], [(0, 1), (0, 1)]]",40,1600,1.0,0.01,0.01,0.0,0.8,0.0,0.0,emotion,5,1,1.0,400,0.0,1.0,0.0,0.5,13.137,0.715,0.825,0.0,0.0,0.0,0.925,0.05,0.0,0.025,0.0
"[[1, 0], [0, 1]]","[[(1, 1), (0, 0)], [(0, 1), (0, 1)]]",40,1600,1.0,0.01,0.01,0.0,0.8,0.0,0.0,emotion,5,1,1.0,400,0.0,1.0,0.0,0.5,5.938,0.163,0.525,0.875,0.0,0.0,0.075,0.0,0.05,0.0,0.0
"[[1, 0], [0, 1]]","[[(1, 1), (0, 0)], [(0, 1), (0, 1)]]",40,1600,1.0,0.01,0.01,0.0,0.8,0.0,0.0,emotion,5,1,1.0,400,0.0,1.0,0.0,0.5,6.181,0.117,0.6,0.0,0.95,0.0,0.0,0.025,0.0,0.025,0.0
"[[1, 0], [0, 1]]","[[(1, 1), (0, 0)], [(0, 1), (0, 1)]]",40,1600,1.0,0.01,0.01,0.0,0.8,0.0,0.0,emotion,5,1,1.0,400,0.0,1.0,0.0,0.5,6.086,0.141,0.35,0.825,0.0,0.0,0.125,0.0,0.0,0.025,0.025
"[[1, 0], [0, 1]]","[[(1, 1), (0, 0)], [(0, 1), (0, 1)]]",40,1600,1.0,0.01,0.01,0.0,0.8,0.0,0.0,emotion,5,1,1.0,400,0.0,1.0,0.0,0.5,6.33,0.124,0.5,0.95,0.0,0.0,0.025,0.0,0.0,0.0,0.025
"[[1, 0], [0, 1]]","[[(1, 1), (0, 0)], [(0, 1), (0, 1)]]",40,1600,1.0,0.01,0.01,0.0,0.8,0.0,0.0,emotion,5,1,1.0,400,0.0,1.0,0.0,0.5,23.771,0.403,0.275,0.0,0.1,0.0,0.025,0.85,0.0,0.0,0.025
"[[1, 0], [0, 1]]","[[(1, 1), (0, 0)], [(0, 1), (0, 1)]]",40,1600,1.0,0.01,0.01,0.0,0.8,0.0,0.0,emotion,5,1,1.0,400,0.0,1.0,0.0,0.5,38.339,0.832,0.875,0.0,0.0,0.0,0.975,0.025,0.0,0.0,0.0
"[[1, 0], [0, 1]]","[[(1, 1), (0, 0)], [(0, 1), (0, 1)]]",40,1600,1.0,0.01,0.01,0.0,0.8,0.0,0.0,emotion,5,1,1.0,400,0.0,1.0,0.0,1.0,6.314,0.156,0.4,0.975,0.0,0.0,0.0,0.0,0.025,0.0,0.0
"[[1, 0], [0, 1]]","[[(1, 1), (0, 0)], [(0, 1), (0, 1)]]",40,1600,1.0,0.01,0.01,0.0,0.8,0.0,0.0,emotion,5,1,1.0,400,0.0,1.0,0.0,1.0,6.192,0.116,0.5,0.9,0.0,0.0,0.05,0.0,0.05,0.0,0.0
"[[1, 0], [0, 1]]","[[(1, 1), (0, 0)], [(0, 1), (0, 1)]]",40,1600,1.0,0.01,0.01,0.0,0.8,0.0,0.0,emotion,5,1,1.0,400,0.0,1.0,0.0,1.0,5.657,0.122,0.425,0.925,0.0,0.0,0.025,0.0,0.0,0.0,0.05
"[[1, 0], [0, 1]]","[[(1, 1), (0, 0)], [(0, 1), (0, 1)]]",40,1600,1.0,0.01,0.01,0.0,0.8,0.0,0.0,emotion,5,1,1.0,400,0.0,1.0,0.0,1.0,6.029,0.131,0.425,0.925,0.0,0.0,0.0,0.0,0.075,0.0,0.0
"[[1, 0], [0, 1]]","[[(1, 1), (0, 0)], [(0, 1), (0, 1)]]",40,1600,1.0,0.01,0.01,0.0,0.8,0.0,0.0,emotion,5,1,1.0,400,0.0,1.0,0.0,1.0,6.299,0.201,0.525,0.0,0.55,0.375,0.0,0.0,0.0,0.0,0.075
"[[1, 0], [0, 1]]","[[(1, 1), (0, 0)], [(0, 1), (0, 1)]]",40,1600,1.0,0.01,0.01,0.0,0.8,0.0,0.0,emotion,5,1,1.0,400,0.0,1.0,0.0,1.0,6.185,0.129,0.475,0.95,0.0,0.0,0.025,0.025,0.0,0.0,0.0
"[[1, 0], [0, 1]]","[[(1, 1), (0, 0)], [(0, 1), (0, 1)]]",40,1600,1.0,0.01,0.01,0.0,0.8,0.0,0.0,emotion,5,1,1.0,400,0.0,1.0,0.0,1.0,6.603,0.163,0.3,0.0,0.725,0.025,0.0,0.225,0.0,0.025,0.0
"[[1, 0], [0, 1]]","[[(1, 1), (0, 0)], [(0, 1), (0, 1)]]",40,1600,1.0,0.01,0.01,0.0,0.8,0.0,0.0,emotion,5,1,1.0,400,0.0,1.0,0.0,1.0,6.07,0.108,0.475,0.0,0.95,0.0,0.0,0.05,0.0,0.0,0.0
"[[1, 0], [0, 1]]","[[(1, 1), (0, 0)], [(0, 1), (0, 1)]]",40,1600,1.0,0.01,0.01,0.0,0.8,0.0,0.0,emotion,5,1,1.0,400,0.0,1.0,0.0,1.0,5.94,0.177,0.4,0.0,0.85,0.0,0.0,0.15,0.0,0.0,0.0
"[[1, 0], [0, 1]]","[[(1, 1), (0, 0)], [(0, 1), (0, 1)]]",40,1600,1.0,0.01,0.01,0.0,0.8,0.0,0.0,emotion,5,1,1.0,400,0.0,1.0,0.0,1.0,15.315,0.971,1.0,0.0,0.0,0.0,0.975,0.0,0.0,0.025,0.0
"[[1, 0], [0, 1]]","[[(1, 1), (0, 0)], [(0, 1), (0, 1)]]",40,1600,1.0,0.01,0.01,0.0,0.8,0.0,0.0,emotion,5,1,1.0,400,0.0,1.0,0.0,1.0,27.942,0.905,0.15,0.0,0.0,0.0,0.0,0.975,0.0,0.0,0.025
"[[1, 0], [0, 1]]","[[(1, 1), (0, 0)], [(0, 1), (0, 1)]]",40,1600,1.0,0.01,0.01,0.0,0.8,0.0,0.0,emotion,5,1,1.0,400,0.0,1.0,0.0,1.0,44.712,0.948,0.95,0.0,0.0,0.0,1.0,0.0,0.0,0.0,0.0
"[[1, 0], [0, 1]]","[[(1, 1), (0, 0)], [(0, 1), (0, 1)]]",40,1600,1.0,0.01,0.01,0.0,0.8,0.0,0.0,emotion,5,1,1.0,400,0.0,1.0,0.0,1.0,90.011,0.95,0.025,0.0,0.0,0.0,0.0,1.0,0.0,0.0,0.0
"[[1, 0], [0, 1]]","[[(1, 1), (0, 0)], [(0, 1), (0, 1)]]",40,1600,1.0,0.01,0.01,0.0,0.8,0.0,0.0,emotion,5,1,1.0,400,0.0,1.0,0.0,1.0,90.3,0.957,0.025,0.0,0.0,0.0,0.0,1.0,0.0,0.0,0.0
"[[1, 0], [0, 1]]","[[(1, 1), (0, 0)], [(0, 1), (0, 1)]]",40,1600,1.0,0.01,0.01,0.0,0.8,0.0,0.0,emotion,5,1,1.0,400,0.0,1.0,0.0,1.0,90.183,0.934,0.05,0.0,0.0,0.0,0.075,0.925,0.0,0.0,0.0
"[[1, 0], [0, 1]]","[[(1, 1), (0, 0)], [(0, 1), (0, 1)]]",40,1600,1.0,0.01,0.01,0.0,0.8,0.0,0.0,emotion,5,1,1.0,400,0.0,1.0,0.0,1.0,90.204,0.941,0.95,0.0,0.0,0.0,1.0,0.0,0.0,0.0,0.0
"[[1, 0], [0, 1]]","[[(1, 1), (0, 0)], [(0, 1), (0, 1)]]",40,1600,1.0,0.01,0.01,0.0,0.8,0.0,0.0,emotion,5,1,1.0,400,0.0,1.0,0.0,1.0,90.514,0.948,0.05,0.0,0.0,0.0,0.025,0.95,0.0,0.0,0.025
"[[1, 0], [0, 1]]","[[(1, 1), (0, 0)], [(0, 1), (0, 1)]]",40,1600,1.0,0.01,0.01,0.0,0.8,0.0,0.0,emotion,5,1,1.0,400,0.0,1.0,0.0,1.0,90.306,0.922,0.8,0.05,0.0,0.0,0.875,0.075,0.0,0.0,0.0
"[[1, 0], [0, 1]]","[[(1, 1), (0, 0)], [(0, 1), (0, 1)]]",40,1600,1.0,0.01,0.01,0.0,0.8,0.0,0.0,emotion,5,1,1.0,400,0.0,1.0,0.0,1.0,90.249,0.916,0.95,0.0,0.0,0.0,0.975,0.0,0.0,0.025,0.0
"[[1, 0], [0, 1]]","[[(1, 1), (0, 0)], [(0, 1), (0, 1)]]",40,1600,1.0,0.01,0.01,0.0,0.8,0.0,0.0,emotion,5,1,1.0,400,0.0,1.0,0.0,1.0,90.628,0.894,0.925,0.0,0.0,0.0,0.95,0.05,0.0,0.0,0.0
